model,A,B,family,subset,n_questions,acc_A,acc_B,diff,ci_lo,ci_hi,ds_ci_lo,ds_ci_hi,mcnemar_A_only,mcnemar_B_only,mcnemar_p,verdict,verdict_ds,holm_p_primary_overall
haiku,edn-maps,json-compact,primary,overall,241,0.6017,0.6058,-0.0041,-0.0277,0.0187,-0.0392,0.0256,3,4,1.0,equivalent (±5pp),equivalent (±5pp),1.0
haiku,edn-maps,json-compact,primary,track:flat,106,0.4638,0.4686,-0.0047,-0.0456,0.0362,-0.125,0.0471,2,2,1.0,equivalent (±5pp),no detectable difference,
haiku,edn-maps,json-compact,primary,shape:structural-validation,5,0.4,0.6,-0.2,-0.6,0.0,,,0,1,1.0,no detectable difference,,
haiku,edn-maps,json-compact,primary,type:structural-validation,5,0.4,0.6,-0.2,-0.6,0.0,,,0,1,1.0,no detectable difference,,
haiku,edn-maps,json-compact,primary,shape:uniform-tables,101,0.467,0.462,0.005,-0.0314,0.0446,-0.0405,0.0579,2,1,1.0,equivalent (±5pp),no detectable difference,
haiku,edn-maps,json-compact,primary,type:filtering,47,0.1383,0.1348,0.0035,-0.0355,0.0426,,,0,0,1.0,equivalent (±5pp),,
haiku,edn-maps,json-compact,primary,overall-excl-structural,236,0.6059,0.6059,0.0,-0.0233,0.0219,-0.0323,0.0285,3,3,1.0,equivalent (±5pp),equivalent (±5pp),
haiku,edn-maps,json-compact,primary,type:field-retrieval,90,1.0,0.9944,0.0056,0.0,0.0167,,,1,0,1.0,equivalent (±5pp),,
haiku,edn-maps,json-compact,primary,type:aggregation,63,0.2937,0.2831,0.0106,-0.0186,0.0423,,,0,0,1.0,equivalent (±5pp),,
haiku,edn-maps,json-compact,primary,track:mixed,135,0.7099,0.7136,-0.0037,-0.0321,0.021,-0.0482,0.0273,1,2,1.0,equivalent (±5pp),equivalent (±5pp),
haiku,edn-maps,json-compact,primary,shape:mixed,106,0.6494,0.6635,-0.0142,-0.0487,0.0157,-0.0632,0.0122,1,2,1.0,equivalent (±5pp),no detectable difference,
haiku,edn-maps,json-compact,primary,type:structure-awareness,36,0.7778,0.8148,-0.037,-0.1574,0.0833,,,2,3,1.0,no detectable difference,,
haiku,edn-maps,json-compact,primary,shape:nested-config,29,0.931,0.8966,0.0345,0.0,0.069,,,0,0,1.0,no detectable difference,,
haiku,edn-maps,json-compact,primary,informative,53,0.3208,0.3396,-0.0189,-0.1258,0.0849,-0.1667,0.1075,3,4,1.0,no detectable difference,no detectable difference,
haiku,edn-table,toon,primary,overall,241,0.6224,0.6459,-0.0235,-0.0519,0.0048,-0.0805,0.0129,4,9,0.26685,no detectable difference,no detectable difference,1.0
haiku,edn-table,toon,primary,track:flat,106,0.4874,0.5016,-0.0142,-0.0566,0.0236,-0.1389,0.0387,2,3,1.0,no detectable difference,no detectable difference,
haiku,edn-table,toon,primary,shape:structural-validation,5,0.6,1.0,-0.4,-0.8,0.0,,,0,2,0.5,no detectable difference,,
haiku,edn-table,toon,primary,type:structural-validation,5,0.6,1.0,-0.4,-0.8,0.0,,,0,2,0.5,no detectable difference,,
haiku,edn-table,toon,primary,shape:uniform-tables,101,0.4818,0.4769,0.005,-0.0248,0.038,-0.0281,0.0594,2,1,1.0,equivalent (±5pp),no detectable difference,
haiku,edn-table,toon,primary,type:filtering,47,0.1738,0.195,-0.0213,-0.1064,0.0638,,,1,3,0.625,no detectable difference,,
haiku,edn-table,toon,primary,overall-excl-structural,236,0.6229,0.6384,-0.0155,-0.0431,0.0113,-0.0665,0.0212,4,7,0.54883,equivalent (±5pp),no detectable difference,
haiku,edn-table,toon,primary,type:field-retrieval,90,0.9907,0.9944,-0.0037,-0.0111,0.0,,,0,0,1.0,equivalent (±5pp),,
haiku,edn-table,toon,primary,type:aggregation,63,0.3148,0.3016,0.0132,-0.045,0.0741,,,2,1,1.0,no detectable difference,,
haiku,edn-table,toon,primary,track:mixed,135,0.7284,0.7593,-0.0309,-0.0716,0.0086,-0.1087,0.0149,2,6,0.28906,no detectable difference,no detectable difference,
haiku,edn-table,toon,primary,shape:mixed,106,0.673,0.7154,-0.0425,-0.0928,0.0047,-0.1337,0.0085,1,6,0.125,no detectable difference,no detectable difference,
haiku,edn-table,toon,primary,type:structure-awareness,36,0.8287,0.9167,-0.088,-0.1806,-0.0093,,,1,3,0.625,B better,,
haiku,edn-table,toon,primary,shape:nested-config,29,0.931,0.9195,0.0115,-0.046,0.0805,,,1,0,1.0,no detectable difference,,
haiku,edn-table,toon,primary,informative,53,0.4151,0.522,-0.1069,-0.2358,0.022,-0.3046,0.0573,4,9,0.26685,no detectable difference,no detectable difference,
haiku,edn-table-primer,edn-table,primary,overall,241,0.6176,0.6224,-0.0048,-0.0256,0.0166,-0.0291,0.019,2,5,0.45312,equivalent (±5pp),equivalent (±5pp),1.0
haiku,edn-table-primer,edn-table,primary,track:flat,106,0.489,0.4874,0.0016,-0.0315,0.0377,-0.0346,0.0491,2,2,1.0,equivalent (±5pp),equivalent (±5pp),
haiku,edn-table-primer,edn-table,primary,shape:structural-validation,5,0.6,0.6,0.0,0.0,0.0,,,0,0,1.0,equivalent (±5pp),,
haiku,edn-table-primer,edn-table,primary,type:structural-validation,5,0.6,0.6,0.0,0.0,0.0,,,0,0,1.0,equivalent (±5pp),,
haiku,edn-table-primer,edn-table,primary,shape:uniform-tables,101,0.4835,0.4818,0.0017,-0.0347,0.0396,-0.0343,0.046,2,2,1.0,equivalent (±5pp),equivalent (±5pp),
haiku,edn-table-primer,edn-table,primary,type:filtering,47,0.1667,0.1738,-0.0071,-0.078,0.0674,,,1,1,1.0,no detectable difference,,
haiku,edn-table-primer,edn-table,primary,overall-excl-structural,236,0.6179,0.6229,-0.0049,-0.0261,0.0162,-0.029,0.0186,2,5,0.45312,equivalent (±5pp),equivalent (±5pp),
haiku,edn-table-primer,edn-table,primary,type:field-retrieval,90,0.9907,0.9907,0.0,0.0,0.0,,,0,0,1.0,equivalent (±5pp),,
haiku,edn-table-primer,edn-table,primary,type:aggregation,63,0.2963,0.3148,-0.0185,-0.0741,0.037,,,1,3,0.625,no detectable difference,,
haiku,edn-table-primer,edn-table,primary,track:mixed,135,0.7185,0.7284,-0.0099,-0.0358,0.0148,-0.042,0.016,0,3,0.25,equivalent (±5pp),equivalent (±5pp),
haiku,edn-table-primer,edn-table,primary,shape:mixed,106,0.6635,0.673,-0.0094,-0.0393,0.0173,-0.0476,0.0195,0,2,0.5,equivalent (±5pp),equivalent (±5pp),
haiku,edn-table-primer,edn-table,primary,type:structure-awareness,36,0.838,0.8287,0.0093,-0.0185,0.037,,,0,1,1.0,equivalent (±5pp),,
haiku,edn-table-primer,edn-table,primary,shape:nested-config,29,0.9195,0.931,-0.0115,-0.069,0.0345,,,0,1,1.0,no detectable difference,,
haiku,edn-table-primer,edn-table,primary,informative,53,0.3931,0.4151,-0.022,-0.1132,0.0723,-0.1242,0.0912,2,5,0.45312,no detectable difference,no detectable difference,
haiku,edn-table-primer,toon,primary,overall,241,0.6176,0.6459,-0.0284,-0.0588,0.0021,-0.0926,0.0174,4,12,0.07681,no detectable difference,no detectable difference,1.0
haiku,edn-table-primer,toon,primary,track:flat,106,0.489,0.5016,-0.0126,-0.0613,0.0362,-0.15,0.0522,3,4,1.0,no detectable difference,no detectable difference,
haiku,edn-table-primer,toon,primary,shape:structural-validation,5,0.6,1.0,-0.4,-0.8,0.0,,,0,2,0.5,no detectable difference,,
haiku,edn-table-primer,toon,primary,type:structural-validation,5,0.6,1.0,-0.4,-0.8,0.0,,,0,2,0.5,no detectable difference,,
haiku,edn-table-primer,toon,primary,shape:uniform-tables,101,0.4835,0.4769,0.0066,-0.0347,0.0495,-0.0436,0.0782,3,2,1.0,equivalent (±5pp),no detectable difference,
haiku,edn-table-primer,toon,primary,type:filtering,47,0.1667,0.195,-0.0284,-0.1135,0.0567,,,1,3,0.625,no detectable difference,,
haiku,edn-table-primer,toon,primary,overall-excl-structural,236,0.6179,0.6384,-0.0205,-0.0494,0.0078,-0.078,0.0239,4,10,0.17957,equivalent (±5pp),no detectable difference,
haiku,edn-table-primer,toon,primary,type:field-retrieval,90,0.9907,0.9944,-0.0037,-0.0111,0.0,,,0,0,1.0,equivalent (±5pp),,
haiku,edn-table-primer,toon,primary,type:aggregation,63,0.2963,0.3016,-0.0053,-0.0714,0.0582,,,2,3,1.0,no detectable difference,,
haiku,edn-table-primer,toon,primary,track:mixed,135,0.7185,0.7593,-0.0407,-0.0815,-0.0061,-0.1273,0.0137,1,8,0.03906,B better,no detectable difference,
haiku,edn-table-primer,toon,primary,shape:mixed,106,0.6635,0.7154,-0.0519,-0.0991,-0.011,-0.1558,0.0122,0,7,0.01562,B better,no detectable difference,
haiku,edn-table-primer,toon,primary,type:structure-awareness,36,0.838,0.9167,-0.0787,-0.1806,0.0,,,1,4,0.375,no detectable difference,,
haiku,edn-table-primer,toon,primary,shape:nested-config,29,0.9195,0.9195,0.0,-0.0575,0.069,,,1,1,1.0,no detectable difference,,
haiku,edn-table-primer,toon,primary,informative,53,0.3931,0.522,-0.1289,-0.2579,0.0,-0.3515,0.0754,4,12,0.07681,no detectable difference,no detectable difference,
haiku,edn-table-primer,json-compact,primary,overall,241,0.6176,0.6058,0.0118,-0.0131,0.0373,-0.0206,0.0513,5,4,1.0,equivalent (±5pp),no detectable difference,1.0
haiku,edn-table-primer,json-compact,primary,track:flat,106,0.489,0.4686,0.0204,-0.0236,0.0692,-0.0417,0.1159,5,2,0.45312,no detectable difference,no detectable difference,
haiku,edn-table-primer,json-compact,primary,shape:structural-validation,5,0.6,0.6,0.0,0.0,0.0,,,0,0,1.0,equivalent (±5pp),,
haiku,edn-table-primer,json-compact,primary,type:structural-validation,5,0.6,0.6,0.0,0.0,0.0,,,0,0,1.0,equivalent (±5pp),,
haiku,edn-table-primer,json-compact,primary,shape:uniform-tables,101,0.4835,0.462,0.0215,-0.0264,0.071,-0.0379,0.1111,5,2,0.45312,no detectable difference,no detectable difference,
haiku,edn-table-primer,json-compact,primary,type:filtering,47,0.1667,0.1348,0.0319,-0.0248,0.0993,,,1,0,1.0,no detectable difference,,
haiku,edn-table-primer,json-compact,primary,overall-excl-structural,236,0.6179,0.6059,0.012,-0.0127,0.0381,-0.0199,0.0525,5,4,1.0,equivalent (±5pp),no detectable difference,
haiku,edn-table-primer,json-compact,primary,type:field-retrieval,90,0.9907,0.9944,-0.0037,-0.0111,0.0,,,0,0,1.0,equivalent (±5pp),,
haiku,edn-table-primer,json-compact,primary,type:aggregation,63,0.2963,0.2831,0.0132,-0.045,0.0741,,,1,2,1.0,no detectable difference,,
haiku,edn-table-primer,json-compact,primary,track:mixed,135,0.7185,0.7136,0.0049,-0.021,0.0284,-0.0282,0.0293,0,2,0.5,equivalent (±5pp),equivalent (±5pp),
haiku,edn-table-primer,json-compact,primary,shape:mixed,106,0.6635,0.6635,0.0,-0.0314,0.0299,-0.0405,0.0282,0,2,0.5,equivalent (±5pp),equivalent (±5pp),
haiku,edn-table-primer,json-compact,primary,type:structure-awareness,36,0.838,0.8148,0.0231,-0.0787,0.1296,,,3,2,1.0,no detectable difference,,
haiku,edn-table-primer,json-compact,primary,shape:nested-config,29,0.9195,0.8966,0.023,0.0,0.0575,,,0,0,1.0,no detectable difference,,
haiku,edn-table-primer,json-compact,primary,informative,53,0.3931,0.3396,0.0535,-0.0597,0.1667,-0.0893,0.232,5,4,1.0,no detectable difference,no detectable difference,
haiku,edn-maps,toon,primary,overall,241,0.6017,0.6459,-0.0443,-0.0761,-0.0152,-0.1164,-0.0026,3,13,0.02127,B better,B better,0.51048
haiku,edn-maps,toon,primary,track:flat,106,0.4638,0.5016,-0.0377,-0.0849,0.0031,-0.375,0.0058,1,5,0.21875,no detectable difference,no detectable difference,
haiku,edn-maps,toon,primary,shape:structural-validation,5,0.4,1.0,-0.6,-1.0,-0.2,,,0,3,0.25,B better,,
haiku,edn-maps,toon,primary,type:structural-validation,5,0.4,1.0,-0.6,-1.0,-0.2,,,0,3,0.25,B better,,
haiku,edn-maps,toon,primary,shape:uniform-tables,101,0.467,0.4769,-0.0099,-0.0446,0.0215,-0.0573,0.0291,1,2,1.0,equivalent (±5pp),no detectable difference,
haiku,edn-maps,toon,primary,type:filtering,47,0.1383,0.195,-0.0567,-0.1383,0.0142,,,0,3,0.25,no detectable difference,,
haiku,edn-maps,toon,primary,overall-excl-structural,236,0.6059,0.6384,-0.0325,-0.0607,-0.0064,-0.097,0.0085,3,10,0.09229,B better,no detectable difference,
haiku,edn-maps,toon,primary,type:field-retrieval,90,1.0,0.9944,0.0056,0.0,0.0167,,,1,0,1.0,equivalent (±5pp),,
haiku,edn-maps,toon,primary,type:aggregation,63,0.2937,0.3016,-0.0079,-0.0582,0.037,,,2,2,1.0,no detectable difference,,
haiku,edn-maps,toon,primary,track:mixed,135,0.7099,0.7593,-0.0494,-0.0901,-0.0111,-0.152,0.0105,2,8,0.10938,B better,no detectable difference,
haiku,edn-maps,toon,primary,shape:mixed,106,0.6494,0.7154,-0.066,-0.1164,-0.022,-0.1842,0.0,1,7,0.07031,B better,no detectable difference,
haiku,edn-maps,toon,primary,type:structure-awareness,36,0.7778,0.9167,-0.1389,-0.2593,-0.037,,,0,5,0.0625,B better,,
haiku,edn-maps,toon,primary,shape:nested-config,29,0.931,0.9195,0.0115,-0.046,0.0805,,,1,1,1.0,no detectable difference,,
haiku,edn-maps,toon,primary,informative,53,0.3208,0.522,-0.2013,-0.3303,-0.0786,-0.4503,-0.0177,3,13,0.02127,B better,B better,
haiku,toon,json-compact,extra,overall,241,0.6459,0.6058,0.0401,0.0131,0.0692,0.0064,0.0961,11,2,0.02246,A better,A better,
haiku,toon,json-compact,extra,track:flat,106,0.5016,0.4686,0.033,-0.0047,0.0786,-0.0063,0.1625,5,1,0.21875,no detectable difference,no detectable difference,
haiku,toon,json-compact,extra,shape:structural-validation,5,1.0,0.6,0.4,0.0,0.8,,,2,0,0.5,no detectable difference,,
haiku,toon,json-compact,extra,type:structural-validation,5,1.0,0.6,0.4,0.0,0.8,,,2,0,0.5,no detectable difference,,
haiku,toon,json-compact,extra,shape:uniform-tables,101,0.4769,0.462,0.0149,-0.0165,0.0528,-0.0202,0.0596,3,1,0.625,no detectable difference,no detectable difference,
haiku,toon,json-compact,extra,type:filtering,47,0.195,0.1348,0.0603,-0.0071,0.1383,,,3,0,0.25,no detectable difference,,
haiku,toon,json-compact,extra,overall-excl-structural,236,0.6384,0.6059,0.0325,0.0085,0.0593,-0.0013,0.0826,9,2,0.06543,A better,no detectable difference,
haiku,toon,json-compact,extra,type:field-retrieval,90,0.9944,0.9944,0.0,0.0,0.0,,,0,0,1.0,equivalent (±5pp),,
haiku,toon,json-compact,extra,type:aggregation,63,0.3016,0.2831,0.0185,-0.0317,0.0741,,,2,2,1.0,no detectable difference,,
haiku,toon,json-compact,extra,track:mixed,135,0.7593,0.7136,0.0457,0.0111,0.0827,-0.0,0.1225,6,1,0.125,A better,no detectable difference,
haiku,toon,json-compact,extra,shape:mixed,106,0.7154,0.6635,0.0519,0.0126,0.0975,-0.0024,0.1466,5,0,0.0625,A better,no detectable difference,
haiku,toon,json-compact,extra,type:structure-awareness,36,0.9167,0.8148,0.1019,0.0185,0.213,,,4,0,0.125,A better,,
haiku,toon,json-compact,extra,shape:nested-config,29,0.9195,0.8966,0.023,-0.046,0.092,,,1,1,1.0,no detectable difference,,
haiku,toon,json-compact,extra,informative,53,0.522,0.3396,0.1824,0.066,0.3019,0.034,0.3597,11,2,0.02246,A better,A better,
haiku,edn-table,json-compact,extra,overall,241,0.6224,0.6058,0.0166,-0.0076,0.0422,-0.0117,0.0517,7,3,0.34375,equivalent (±5pp),no detectable difference,
haiku,edn-table,json-compact,extra,track:flat,106,0.4874,0.4686,0.0189,-0.0173,0.0597,-0.0278,0.098,4,1,0.375,no detectable difference,no detectable difference,
haiku,edn-table,json-compact,extra,shape:structural-validation,5,0.6,0.6,0.0,0.0,0.0,,,0,0,1.0,equivalent (±5pp),,
haiku,edn-table,json-compact,extra,type:structural-validation,5,0.6,0.6,0.0,0.0,0.0,,,0,0,1.0,equivalent (±5pp),,
haiku,edn-table,json-compact,extra,shape:uniform-tables,101,0.4818,0.462,0.0198,-0.0182,0.0644,-0.0261,0.0939,4,1,0.375,no detectable difference,no detectable difference,
haiku,edn-table,json-compact,extra,type:filtering,47,0.1738,0.1348,0.039,-0.0248,0.1099,,,1,0,1.0,no detectable difference,,
haiku,edn-table,json-compact,extra,overall-excl-structural,236,0.6229,0.6059,0.0169,-0.0078,0.0424,-0.01,0.0526,7,3,0.34375,equivalent (±5pp),no detectable difference,
haiku,edn-table,json-compact,extra,type:field-retrieval,90,0.9907,0.9944,-0.0037,-0.0111,0.0,,,0,0,1.0,equivalent (±5pp),,
haiku,edn-table,json-compact,extra,type:aggregation,63,0.3148,0.2831,0.0317,-0.0159,0.0873,,,2,1,1.0,no detectable difference,,
haiku,edn-table,json-compact,extra,track:mixed,135,0.7284,0.7136,0.0148,-0.016,0.0457,-0.0181,0.0514,3,2,1.0,equivalent (±5pp),no detectable difference,
haiku,edn-table,json-compact,extra,shape:mixed,106,0.673,0.6635,0.0094,-0.0267,0.0472,-0.0272,0.0509,2,2,1.0,equivalent (±5pp),no detectable difference,
haiku,edn-table,json-compact,extra,type:structure-awareness,36,0.8287,0.8148,0.0139,-0.0926,0.1204,,,4,2,0.6875,no detectable difference,,
haiku,edn-table,json-compact,extra,shape:nested-config,29,0.931,0.8966,0.0345,-0.023,0.1034,,,1,0,1.0,no detectable difference,,
haiku,edn-table,json-compact,extra,informative,53,0.4151,0.3396,0.0755,-0.0314,0.1887,-0.0513,0.2232,7,3,0.34375,no detectable difference,no detectable difference,
haiku,edn-table,edn-maps,extra,overall,241,0.6224,0.6017,0.0207,-0.0014,0.045,-0.0052,0.0562,7,2,0.17969,equivalent (±5pp),no detectable difference,
haiku,edn-table,edn-maps,extra,track:flat,106,0.4874,0.4638,0.0236,-0.011,0.066,-0.0173,0.125,4,1,0.375,no detectable difference,no detectable difference,
haiku,edn-table,edn-maps,extra,shape:structural-validation,5,0.6,0.4,0.2,0.0,0.6,,,1,0,1.0,no detectable difference,,
haiku,edn-table,edn-maps,extra,type:structural-validation,5,0.6,0.4,0.2,0.0,0.6,,,1,0,1.0,no detectable difference,,
haiku,edn-table,edn-maps,extra,shape:uniform-tables,101,0.4818,0.467,0.0149,-0.0182,0.0528,-0.0244,0.0709,3,1,0.625,no detectable difference,no detectable difference,
haiku,edn-table,edn-maps,extra,type:filtering,47,0.1738,0.1383,0.0355,-0.0284,0.1099,,,1,0,1.0,no detectable difference,,
haiku,edn-table,edn-maps,extra,overall-excl-structural,236,0.6229,0.6059,0.0169,-0.0042,0.0403,-0.0083,0.0497,6,2,0.28906,equivalent (±5pp),equivalent (±5pp),
haiku,edn-table,edn-maps,extra,type:field-retrieval,90,0.9907,1.0,-0.0093,-0.0241,0.0,,,0,1,1.0,equivalent (±5pp),,
haiku,edn-table,edn-maps,extra,type:aggregation,63,0.3148,0.2937,0.0212,-0.0185,0.0688,,,2,1,1.0,no detectable difference,,
haiku,edn-table,edn-maps,extra,track:mixed,135,0.7284,0.7099,0.0185,-0.0086,0.0481,-0.0116,0.0633,3,1,0.625,equivalent (±5pp),no detectable difference,
haiku,edn-table,edn-maps,extra,shape:mixed,106,0.673,0.6494,0.0236,-0.0063,0.0582,-0.0086,0.0737,2,1,1.0,no detectable difference,no detectable difference,
haiku,edn-table,edn-maps,extra,type:structure-awareness,36,0.8287,0.7778,0.0509,-0.0185,0.1297,,,3,0,0.25,no detectable difference,,
haiku,edn-table,edn-maps,extra,shape:nested-config,29,0.931,0.931,0.0,-0.046,0.0575,,,1,0,1.0,no detectable difference,,
haiku,edn-table,edn-maps,extra,informative,53,0.4151,0.3208,0.0943,-0.0031,0.2013,-0.0248,0.2448,7,2,0.17969,no detectable difference,no detectable difference,
haiku,csv,toon,extra,overall,106,0.5079,0.5016,0.0063,-0.0267,0.0377,-0.1,0.0455,1,2,1.0,equivalent (±5pp),no detectable difference,
haiku,csv,toon,extra,track:flat,106,0.5079,0.5016,0.0063,-0.0283,0.0377,-0.0882,0.0452,1,2,1.0,equivalent (±5pp),no detectable difference,
haiku,csv,toon,extra,shape:structural-validation,5,0.8,1.0,-0.2,-0.6,0.0,,,0,1,1.0,no detectable difference,,
haiku,csv,toon,extra,type:structural-validation,5,0.8,1.0,-0.2,-0.6,0.0,,,0,1,1.0,no detectable difference,,
haiku,csv,toon,extra,shape:uniform-tables,101,0.4934,0.4769,0.0165,-0.0099,0.0429,-0.0215,0.0544,1,1,1.0,equivalent (±5pp),no detectable difference,
haiku,csv,toon,extra,type:filtering,26,0.0769,0.0641,0.0128,-0.0705,0.0897,,,0,1,1.0,no detectable difference,,
haiku,csv,toon,extra,overall-excl-structural,101,0.4934,0.4769,0.0165,-0.0099,0.0446,-0.0215,0.055,1,1,1.0,equivalent (±5pp),no detectable difference,
haiku,csv,toon,extra,type:field-retrieval,30,0.9889,1.0,-0.0111,-0.0333,0.0,,,0,0,1.0,equivalent (±5pp),,
haiku,csv,toon,extra,type:aggregation,29,0.1667,0.1207,0.046,0.0,0.1034,,,1,0,1.0,no detectable difference,,
haiku,csv,toon,extra,type:structure-awareness,16,0.8333,0.8125,0.0208,0.0,0.0625,,,0,0,1.0,no detectable difference,,
haiku,csv,toon,extra,informative,24,0.5069,0.4653,0.0417,-0.0556,0.1389,-0.1111,0.1458,1,1,1.0,no detectable difference,no detectable difference,
haiku,csv,edn-table,extra,overall,106,0.5079,0.4874,0.0204,-0.0236,0.0629,-0.05,0.125,3,3,1.0,no detectable difference,no detectable difference,
haiku,csv,edn-table,extra,track:flat,106,0.5079,0.4874,0.0204,-0.0236,0.0629,-0.0519,0.125,3,3,1.0,no detectable difference,no detectable difference,
haiku,csv,edn-table,extra,shape:structural-validation,5,0.8,0.6,0.2,-0.4,0.8,,,2,1,1.0,no detectable difference,,
haiku,csv,edn-table,extra,type:structural-validation,5,0.8,0.6,0.2,-0.4,0.8,,,2,1,1.0,no detectable difference,,
haiku,csv,edn-table,extra,shape:uniform-tables,101,0.4934,0.4818,0.0116,-0.0198,0.0396,-0.0441,0.0551,1,2,1.0,equivalent (±5pp),no detectable difference,
haiku,csv,edn-table,extra,type:filtering,26,0.0769,0.0256,0.0513,0.0,0.1154,,,0,0,1.0,no detectable difference,,
haiku,csv,edn-table,extra,overall-excl-structural,101,0.4934,0.4818,0.0116,-0.0198,0.0413,-0.0432,0.0551,1,2,1.0,equivalent (±5pp),no detectable difference,
haiku,csv,edn-table,extra,type:field-retrieval,30,0.9889,0.9889,0.0,-0.0333,0.0333,,,0,0,1.0,equivalent (±5pp),,
haiku,csv,edn-table,extra,type:aggregation,29,0.1667,0.1724,-0.0057,-0.092,0.0632,,,1,1,1.0,no detectable difference,,
haiku,csv,edn-table,extra,type:structure-awareness,16,0.8333,0.8333,0.0,-0.0625,0.0625,,,0,1,1.0,no detectable difference,,
haiku,csv,edn-table,extra,informative,24,0.5069,0.4028,0.1042,-0.0556,0.2639,-0.0889,0.4444,3,2,1.0,no detectable difference,no detectable difference,
haiku,csv,json-compact,extra,overall,106,0.5079,0.4686,0.0393,-0.0031,0.0865,-0.0147,0.1333,4,1,0.375,no detectable difference,no detectable difference,
haiku,csv,json-compact,extra,track:flat,106,0.5079,0.4686,0.0393,-0.0031,0.0865,-0.0152,0.1333,4,1,0.375,no detectable difference,no detectable difference,
haiku,csv,json-compact,extra,shape:structural-validation,5,0.8,0.6,0.2,-0.4,0.8,,,2,1,1.0,no detectable difference,,
haiku,csv,json-compact,extra,type:structural-validation,5,0.8,0.6,0.2,-0.4,0.8,,,2,1,1.0,no detectable difference,,
haiku,csv,json-compact,extra,shape:uniform-tables,101,0.4934,0.462,0.0314,0.0033,0.0677,0.0,0.0789,2,0,0.5,A better,no detectable difference,
haiku,csv,json-compact,extra,type:filtering,26,0.0769,0.0385,0.0385,-0.0128,0.0897,,,0,0,1.0,no detectable difference,,
haiku,csv,json-compact,extra,overall-excl-structural,101,0.4934,0.462,0.0314,0.0017,0.066,0.0,0.0786,2,0,0.5,A better,no detectable difference,
haiku,csv,json-compact,extra,type:field-retrieval,30,0.9889,1.0,-0.0111,-0.0333,0.0,,,0,0,1.0,equivalent (±5pp),,
haiku,csv,json-compact,extra,type:aggregation,29,0.1667,0.1494,0.0172,0.0,0.0517,,,0,0,1.0,no detectable difference,,
haiku,csv,json-compact,extra,type:structure-awareness,16,0.8333,0.7083,0.125,0.0,0.3125,,,2,0,0.5,no detectable difference,,
haiku,csv,json-compact,extra,informative,24,0.5069,0.3194,0.1875,0.0417,0.3542,0.0417,0.5,4,0,0.125,A better,A better,
haiku,edn-table-lines,edn-table,layout,overall,135,0.7346,0.7284,0.0062,-0.0284,0.042,-0.0327,0.0517,4,3,1.0,equivalent (±5pp),no detectable difference,
haiku,edn-table-lines,edn-table,layout,type:filtering,21,0.4127,0.3571,0.0556,-0.127,0.246,,,3,1,0.625,no detectable difference,,
haiku,edn-table-lines,edn-table,layout,overall-excl-structural,135,0.7346,0.7284,0.0062,-0.0296,0.0432,-0.0327,0.0518,4,3,1.0,equivalent (±5pp),no detectable difference,
haiku,edn-table-lines,edn-table,layout,type:field-retrieval,60,0.9917,0.9917,0.0,0.0,0.0,,,0,0,1.0,equivalent (±5pp),,
haiku,edn-table-lines,edn-table,layout,type:aggregation,34,0.4363,0.4363,-0.0,-0.0784,0.0882,,,1,1,1.0,no detectable difference,,
haiku,edn-table-lines,edn-table,layout,track:mixed,135,0.7346,0.7284,0.0062,-0.0296,0.0432,-0.0336,0.0502,4,3,1.0,equivalent (±5pp),no detectable difference,
haiku,edn-table-lines,edn-table,layout,shape:mixed,106,0.6871,0.673,0.0142,-0.0283,0.0597,-0.0316,0.0649,4,2,0.6875,no detectable difference,no detectable difference,
haiku,edn-table-lines,edn-table,layout,type:structure-awareness,20,0.8083,0.825,-0.0167,-0.05,0.0,,,0,1,1.0,equivalent (±5pp),,
haiku,edn-table-lines,edn-table,layout,shape:nested-config,29,0.908,0.931,-0.023,-0.0805,0.023,,,0,1,1.0,no detectable difference,,
haiku,edn-table-lines,edn-table,layout,informative,29,0.3851,0.4253,-0.0402,-0.1782,0.0977,-0.2,0.1226,2,3,1.0,no detectable difference,no detectable difference,
haiku,edn-table-lines,toon,layout,overall,135,0.7346,0.7593,-0.0247,-0.0679,0.0173,-0.0963,0.0218,4,7,0.54883,no detectable difference,no detectable difference,
haiku,edn-table-lines,toon,layout,type:filtering,21,0.4127,0.3571,0.0556,-0.1111,0.2143,,,2,1,1.0,no detectable difference,,
haiku,edn-table-lines,toon,layout,overall-excl-structural,135,0.7346,0.7593,-0.0247,-0.0691,0.0198,-0.0982,0.0229,4,7,0.54883,no detectable difference,no detectable difference,
haiku,edn-table-lines,toon,layout,type:field-retrieval,60,0.9917,0.9917,0.0,0.0,0.0,,,0,0,1.0,equivalent (±5pp),,
haiku,edn-table-lines,toon,layout,type:aggregation,34,0.4363,0.4559,-0.0196,-0.1176,0.0784,,,2,2,1.0,no detectable difference,,
haiku,edn-table-lines,toon,layout,track:mixed,135,0.7346,0.7593,-0.0247,-0.0679,0.0185,-0.098,0.0228,4,7,0.54883,no detectable difference,no detectable difference,
haiku,edn-table-lines,toon,layout,shape:mixed,106,0.6871,0.7154,-0.0283,-0.0818,0.0236,-0.1176,0.0268,3,6,0.50781,no detectable difference,no detectable difference,
haiku,edn-table-lines,toon,layout,type:structure-awareness,20,0.8083,1.0,-0.1917,-0.3417,-0.0583,,,0,4,0.125,B better,,
haiku,edn-table-lines,toon,layout,shape:nested-config,29,0.908,0.9195,-0.0115,-0.0693,0.0575,,,1,1,1.0,no detectable difference,,
haiku,edn-table-lines,toon,layout,informative,29,0.3851,0.569,-0.1839,-0.3448,-0.0287,-0.4608,0.1146,2,7,0.17969,B better,no detectable difference,
haiku,edn-table-lines,json-compact,layout,overall,135,0.7346,0.7136,0.021,-0.0136,0.058,-0.0133,0.066,4,2,0.6875,no detectable difference,no detectable difference,
haiku,edn-table-lines,json-compact,layout,type:filtering,21,0.4127,0.254,0.1587,0.0238,0.3175,,,3,0,0.25,A better,,
haiku,edn-table-lines,json-compact,layout,overall-excl-structural,135,0.7346,0.7136,0.021,-0.0136,0.058,-0.0113,0.065,4,2,0.6875,no detectable difference,no detectable difference,
haiku,edn-table-lines,json-compact,layout,type:field-retrieval,60,0.9917,0.9917,0.0,0.0,0.0,,,0,0,1.0,equivalent (±5pp),,
haiku,edn-table-lines,json-compact,layout,type:aggregation,34,0.4363,0.3971,0.0392,-0.0245,0.1176,,,1,0,1.0,no detectable difference,,
haiku,edn-table-lines,json-compact,layout,track:mixed,135,0.7346,0.7136,0.021,-0.0136,0.058,-0.0125,0.0642,4,2,0.6875,no detectable difference,no detectable difference,
haiku,edn-table-lines,json-compact,layout,shape:mixed,106,0.6871,0.6635,0.0236,-0.0204,0.0692,-0.0187,0.0771,4,2,0.6875,no detectable difference,no detectable difference,
haiku,edn-table-lines,json-compact,layout,type:structure-awareness,20,0.8083,0.9,-0.0917,-0.2167,0.0,,,0,2,0.5,no detectable difference,,
haiku,edn-table-lines,json-compact,layout,shape:nested-config,29,0.908,0.8966,0.0115,0.0,0.0345,,,0,0,1.0,equivalent (±5pp),,
haiku,edn-table-lines,json-compact,layout,informative,29,0.3851,0.3563,0.0287,-0.1092,0.1609,-0.1204,0.2059,2,2,1.0,no detectable difference,no detectable difference,
sonnet,edn-maps,json-compact,primary,overall,244,0.6475,0.6434,0.0041,-0.0191,0.026,-0.0289,0.0341,9,5,0.42395,equivalent (±5pp),equivalent (±5pp),1.0
sonnet,edn-maps,json-compact,primary,track:flat,109,0.4985,0.4862,0.0122,-0.0306,0.052,-0.0991,0.0627,6,4,0.75391,no detectable difference,no detectable difference,
sonnet,edn-maps,json-compact,primary,shape:structural-validation,5,0.4,0.6,-0.2,-0.6,0.0,,,0,1,1.0,no detectable difference,,
sonnet,edn-maps,json-compact,primary,type:structural-validation,5,0.4,0.6,-0.2,-0.6,0.0,,,0,1,1.0,no detectable difference,,
sonnet,edn-maps,json-compact,primary,shape:uniform-tables,104,0.5032,0.4808,0.0224,-0.0192,0.0609,-0.037,0.0725,6,3,0.50781,no detectable difference,no detectable difference,
sonnet,edn-maps,json-compact,primary,type:filtering,48,0.2708,0.2222,0.0486,-0.0139,0.1111,,,6,0,0.03125,no detectable difference,,
sonnet,edn-maps,json-compact,primary,overall-excl-structural,239,0.6527,0.6444,0.0084,-0.0139,0.0293,-0.0203,0.0379,9,4,0.26685,equivalent (±5pp),equivalent (±5pp),
sonnet,edn-maps,json-compact,primary,type:field-retrieval,92,0.9964,0.9964,0.0,-0.0109,0.0109,,,0,0,1.0,equivalent (±5pp),,
sonnet,edn-maps,json-compact,primary,type:aggregation,63,0.3492,0.3545,-0.0053,-0.0529,0.037,,,2,2,1.0,no detectable difference,,
sonnet,edn-maps,json-compact,primary,track:mixed,135,0.7679,0.7704,-0.0025,-0.0272,0.0198,-0.0294,0.0215,3,1,0.625,equivalent (±5pp),equivalent (±5pp),
sonnet,edn-maps,json-compact,primary,shape:mixed,106,0.7044,0.7107,-0.0063,-0.0346,0.022,-0.0361,0.0238,3,1,0.625,equivalent (±5pp),equivalent (±5pp),
sonnet,edn-maps,json-compact,primary,type:structure-awareness,36,0.8148,0.8148,-0.0,-0.0833,0.0648,,,1,2,1.0,no detectable difference,,
sonnet,edn-maps,json-compact,primary,shape:nested-config,29,1.0,0.9885,0.0115,0.0,0.0345,,,0,0,1.0,equivalent (±5pp),,
sonnet,edn-maps,json-compact,primary,informative,68,0.3824,0.3676,0.0147,-0.0686,0.0931,-0.1037,0.1159,9,5,0.42395,no detectable difference,no detectable difference,
sonnet,edn-table,toon,primary,overall,244,0.6462,0.6735,-0.0273,-0.0587,0.0014,-0.071,0.0069,6,15,0.07835,no detectable difference,no detectable difference,1.0
sonnet,edn-table,toon,primary,track:flat,109,0.4893,0.5352,-0.0459,-0.0917,-0.0031,-0.1597,0.0076,2,7,0.17969,B better,no detectable difference,
sonnet,edn-table,toon,primary,shape:structural-validation,5,0.6,1.0,-0.4,-0.8,0.0,,,0,2,0.5,no detectable difference,,
sonnet,edn-table,toon,primary,type:structural-validation,5,0.6,1.0,-0.4,-0.8,0.0,,,0,2,0.5,no detectable difference,,
sonnet,edn-table,toon,primary,shape:uniform-tables,104,0.484,0.5128,-0.0288,-0.0673,0.0096,-0.0801,0.0259,2,5,0.45312,no detectable difference,no detectable difference,
sonnet,edn-table,toon,primary,type:filtering,48,0.2292,0.2083,0.0208,-0.0556,0.0972,,,3,3,1.0,no detectable difference,,
sonnet,edn-table,toon,primary,overall-excl-structural,239,0.6471,0.6667,-0.0195,-0.0488,0.0084,-0.0563,0.0139,6,13,0.16707,equivalent (±5pp),no detectable difference,
sonnet,edn-table,toon,primary,type:field-retrieval,92,0.9928,0.9783,0.0145,0.0,0.0326,,,1,0,1.0,equivalent (±5pp),,
sonnet,edn-table,toon,primary,type:aggregation,63,0.3598,0.4127,-0.0529,-0.1111,0.0053,,,1,6,0.125,no detectable difference,,
sonnet,edn-table,toon,primary,track:mixed,135,0.7728,0.7852,-0.0123,-0.0543,0.0272,-0.0637,0.027,4,8,0.3877,no detectable difference,no detectable difference,
sonnet,edn-table,toon,primary,shape:mixed,106,0.7107,0.7296,-0.0189,-0.0723,0.0314,-0.0803,0.031,4,8,0.3877,no detectable difference,no detectable difference,
sonnet,edn-table,toon,primary,type:structure-awareness,36,0.8241,0.9259,-0.1019,-0.213,0.0,,,1,4,0.375,no detectable difference,,
sonnet,edn-table,toon,primary,shape:nested-config,29,1.0,0.9885,0.0115,0.0,0.0345,,,0,0,1.0,equivalent (±5pp),,
sonnet,edn-table,toon,primary,informative,68,0.3775,0.4755,-0.098,-0.201,0.0049,-0.2393,0.0242,6,15,0.07835,no detectable difference,no detectable difference,
sonnet,edn-table-primer,edn-table,primary,overall,244,0.6475,0.6462,0.0014,-0.0178,0.0205,-0.0255,0.0299,8,3,0.22656,equivalent (±5pp),equivalent (±5pp),1.0
sonnet,edn-table-primer,edn-table,primary,track:flat,109,0.4893,0.4893,0.0,-0.0245,0.0275,-0.0386,0.0492,3,1,0.625,equivalent (±5pp),equivalent (±5pp),
sonnet,edn-table-primer,edn-table,primary,shape:structural-validation,5,0.6,0.6,0.0,0.0,0.0,,,0,0,1.0,equivalent (±5pp),,
sonnet,edn-table-primer,edn-table,primary,type:structural-validation,5,0.6,0.6,0.0,0.0,0.0,,,0,0,1.0,equivalent (±5pp),,
sonnet,edn-table-primer,edn-table,primary,shape:uniform-tables,104,0.484,0.484,-0.0,-0.0256,0.0288,-0.0404,0.0488,3,1,0.625,equivalent (±5pp),equivalent (±5pp),
sonnet,edn-table-primer,edn-table,primary,type:filtering,48,0.2153,0.2292,-0.0139,-0.0764,0.0417,,,3,1,0.625,no detectable difference,,
sonnet,edn-table-primer,edn-table,primary,overall-excl-structural,239,0.6485,0.6471,0.0014,-0.0181,0.0223,-0.0258,0.0311,8,3,0.22656,equivalent (±5pp),equivalent (±5pp),
sonnet,edn-table-primer,edn-table,primary,type:field-retrieval,92,0.9891,0.9928,-0.0036,-0.0109,0.0,,,0,0,1.0,equivalent (±5pp),,
sonnet,edn-table-primer,edn-table,primary,type:aggregation,63,0.3545,0.3598,-0.0053,-0.0423,0.0265,,,2,1,1.0,equivalent (±5pp),,
sonnet,edn-table-primer,edn-table,primary,track:mixed,135,0.7753,0.7728,0.0025,-0.0247,0.0296,-0.0306,0.0368,5,2,0.45312,equivalent (±5pp),equivalent (±5pp),
sonnet,edn-table-primer,edn-table,primary,shape:mixed,106,0.7201,0.7107,0.0094,-0.022,0.044,-0.0288,0.0482,5,1,0.21875,equivalent (±5pp),equivalent (±5pp),
sonnet,edn-table-primer,edn-table,primary,type:structure-awareness,36,0.8704,0.8241,0.0463,-0.0278,0.1389,,,3,1,0.625,no detectable difference,,
sonnet,edn-table-primer,edn-table,primary,shape:nested-config,29,0.977,1.0,-0.023,-0.069,0.0,,,0,1,1.0,no detectable difference,,
sonnet,edn-table-primer,edn-table,primary,informative,68,0.3824,0.3775,0.0049,-0.0637,0.0735,-0.1064,0.0943,8,3,0.22656,no detectable difference,no detectable difference,
sonnet,edn-table-primer,toon,primary,overall,244,0.6475,0.6735,-0.026,-0.0533,0.0,-0.0646,0.0035,7,11,0.48068,no detectable difference,no detectable difference,1.0
sonnet,edn-table-primer,toon,primary,track:flat,109,0.4893,0.5352,-0.0459,-0.0917,-0.0031,-0.2167,0.0,4,7,0.54883,B better,no detectable difference,
sonnet,edn-table-primer,toon,primary,shape:structural-validation,5,0.6,1.0,-0.4,-0.8,0.0,,,0,2,0.5,no detectable difference,,
sonnet,edn-table-primer,toon,primary,type:structural-validation,5,0.6,1.0,-0.4,-0.8,0.0,,,0,2,0.5,no detectable difference,,
sonnet,edn-table-primer,toon,primary,shape:uniform-tables,104,0.484,0.5128,-0.0288,-0.0673,0.0096,-0.0842,0.0149,4,5,1.0,no detectable difference,no detectable difference,
sonnet,edn-table-primer,toon,primary,type:filtering,48,0.2153,0.2083,0.0069,-0.0556,0.0764,,,4,2,0.6875,no detectable difference,,
sonnet,edn-table-primer,toon,primary,overall-excl-structural,239,0.6485,0.6667,-0.0181,-0.0432,0.0056,-0.0504,0.0091,7,9,0.80362,equivalent (±5pp),no detectable difference,
sonnet,edn-table-primer,toon,primary,type:field-retrieval,92,0.9891,0.9783,0.0109,0.0,0.029,,,1,0,1.0,equivalent (±5pp),,
sonnet,edn-table-primer,toon,primary,type:aggregation,63,0.3545,0.4127,-0.0582,-0.1217,0.0,,,1,5,0.21875,no detectable difference,,
sonnet,edn-table-primer,toon,primary,track:mixed,135,0.7753,0.7852,-0.0099,-0.0444,0.0222,-0.0465,0.0227,3,4,1.0,equivalent (±5pp),equivalent (±5pp),
sonnet,edn-table-primer,toon,primary,shape:mixed,106,0.7201,0.7296,-0.0094,-0.0503,0.0314,-0.0567,0.0305,3,3,1.0,no detectable difference,no detectable difference,
sonnet,edn-table-primer,toon,primary,type:structure-awareness,36,0.8704,0.9259,-0.0556,-0.1389,0.0185,,,1,2,1.0,no detectable difference,,
sonnet,edn-table-primer,toon,primary,shape:nested-config,29,0.977,0.9885,-0.0115,-0.0345,0.0,,,0,1,1.0,equivalent (±5pp),,
sonnet,edn-table-primer,toon,primary,informative,68,0.3824,0.4755,-0.0931,-0.1863,-0.0049,-0.25,0.0103,7,11,0.48068,B better,no detectable difference,
sonnet,edn-table-primer,json-compact,primary,overall,244,0.6475,0.6434,0.0041,-0.0191,0.0287,-0.0292,0.0333,11,6,0.33231,equivalent (±5pp),equivalent (±5pp),1.0
sonnet,edn-table-primer,json-compact,primary,track:flat,109,0.4893,0.4862,0.0031,-0.0398,0.0459,-0.0693,0.0563,6,4,0.75391,equivalent (±5pp),no detectable difference,
sonnet,edn-table-primer,json-compact,primary,shape:structural-validation,5,0.6,0.6,0.0,0.0,0.0,,,0,0,1.0,equivalent (±5pp),,
sonnet,edn-table-primer,json-compact,primary,type:structural-validation,5,0.6,0.6,0.0,0.0,0.0,,,0,0,1.0,equivalent (±5pp),,
sonnet,edn-table-primer,json-compact,primary,shape:uniform-tables,104,0.484,0.4808,0.0032,-0.0417,0.0481,-0.066,0.0565,6,4,0.75391,equivalent (±5pp),no detectable difference,
sonnet,edn-table-primer,json-compact,primary,type:filtering,48,0.2153,0.2222,-0.0069,-0.0694,0.0556,,,5,2,0.45312,no detectable difference,,
sonnet,edn-table-primer,json-compact,primary,overall-excl-structural,239,0.6485,0.6444,0.0042,-0.0195,0.0293,-0.0304,0.0339,11,6,0.33231,equivalent (±5pp),equivalent (±5pp),
sonnet,edn-table-primer,json-compact,primary,type:field-retrieval,92,0.9891,0.9964,-0.0072,-0.0254,0.0072,,,0,1,1.0,equivalent (±5pp),,
sonnet,edn-table-primer,json-compact,primary,type:aggregation,63,0.3545,0.3545,0.0,-0.0476,0.0423,,,3,2,1.0,equivalent (±5pp),,
sonnet,edn-table-primer,json-compact,primary,track:mixed,135,0.7753,0.7704,0.0049,-0.0198,0.0321,-0.0233,0.0351,5,2,0.45312,equivalent (±5pp),equivalent (±5pp),
sonnet,edn-table-primer,json-compact,primary,shape:mixed,106,0.7201,0.7107,0.0094,-0.022,0.044,-0.0248,0.0462,5,1,0.21875,equivalent (±5pp),equivalent (±5pp),
sonnet,edn-table-primer,json-compact,primary,type:structure-awareness,36,0.8704,0.8148,0.0556,-0.037,0.1574,,,3,1,0.625,no detectable difference,,
sonnet,edn-table-primer,json-compact,primary,shape:nested-config,29,0.977,0.9885,-0.0115,-0.0345,0.0,,,0,1,1.0,equivalent (±5pp),,
sonnet,edn-table-primer,json-compact,primary,informative,68,0.3824,0.3676,0.0147,-0.0735,0.1029,-0.1216,0.1086,11,6,0.33231,no detectable difference,no detectable difference,
sonnet,edn-maps,toon,primary,overall,244,0.6475,0.6735,-0.026,-0.0587,0.0041,-0.0709,0.0063,11,16,0.44207,no detectable difference,no detectable difference,1.0
sonnet,edn-maps,toon,primary,track:flat,109,0.4985,0.5352,-0.0367,-0.0948,0.0183,-0.2167,0.0167,7,10,0.62906,no detectable difference,no detectable difference,
sonnet,edn-maps,toon,primary,shape:structural-validation,5,0.4,1.0,-0.6,-1.0,-0.2,,,0,3,0.25,B better,,
sonnet,edn-maps,toon,primary,type:structural-validation,5,0.4,1.0,-0.6,-1.0,-0.2,,,0,3,0.25,B better,,
sonnet,edn-maps,toon,primary,shape:uniform-tables,104,0.5032,0.5128,-0.0096,-0.0577,0.0385,-0.0685,0.0407,7,7,1.0,no detectable difference,no detectable difference,
sonnet,edn-maps,toon,primary,type:filtering,48,0.2708,0.2083,0.0625,-0.0139,0.1458,,,6,1,0.125,no detectable difference,,
sonnet,edn-maps,toon,primary,overall-excl-structural,239,0.6527,0.6667,-0.0139,-0.0432,0.0153,-0.0495,0.0167,11,13,0.83882,equivalent (±5pp),equivalent (±5pp),
sonnet,edn-maps,toon,primary,type:field-retrieval,92,0.9964,0.9783,0.0181,0.0,0.0435,,,2,0,0.5,equivalent (±5pp),,
sonnet,edn-maps,toon,primary,type:aggregation,63,0.3492,0.4127,-0.0635,-0.127,-0.0053,,,2,7,0.17969,B better,,
sonnet,edn-maps,toon,primary,track:mixed,135,0.7679,0.7852,-0.0173,-0.0543,0.0173,-0.0625,0.0173,4,6,0.75391,no detectable difference,no detectable difference,
sonnet,edn-maps,toon,primary,shape:mixed,106,0.7044,0.7296,-0.0252,-0.0723,0.0189,-0.0772,0.0187,4,6,0.75391,no detectable difference,no detectable difference,
sonnet,edn-maps,toon,primary,type:structure-awareness,36,0.8148,0.9259,-0.1111,-0.2222,-0.0093,,,1,5,0.21875,B better,,
sonnet,edn-maps,toon,primary,shape:nested-config,29,1.0,0.9885,0.0115,0.0,0.0345,,,0,0,1.0,equivalent (±5pp),,
sonnet,edn-maps,toon,primary,informative,68,0.3824,0.4755,-0.0931,-0.2059,0.0245,-0.2558,0.0204,11,16,0.44207,no detectable difference,no detectable difference,
sonnet,toon,json-compact,extra,overall,244,0.6735,0.6434,0.0301,0.0014,0.0601,0.0014,0.0684,15,6,0.07835,A better,A better,
sonnet,toon,json-compact,extra,track:flat,109,0.5352,0.4862,0.0489,0.0031,0.0979,0.0,0.1667,8,3,0.22656,A better,no detectable difference,
sonnet,toon,json-compact,extra,shape:structural-validation,5,1.0,0.6,0.4,0.0,0.8,,,2,0,0.5,no detectable difference,,
sonnet,toon,json-compact,extra,type:structural-validation,5,1.0,0.6,0.4,0.0,0.8,,,2,0,0.5,no detectable difference,,
sonnet,toon,json-compact,extra,shape:uniform-tables,104,0.5128,0.4808,0.0321,-0.0097,0.0769,-0.0168,0.0783,6,3,0.50781,no detectable difference,no detectable difference,
sonnet,toon,json-compact,extra,type:filtering,48,0.2083,0.2222,-0.0139,-0.0903,0.0625,,,3,2,1.0,no detectable difference,,
sonnet,toon,json-compact,extra,overall-excl-structural,239,0.6667,0.6444,0.0223,-0.0042,0.0516,-0.0058,0.0529,13,6,0.16707,no detectable difference,no detectable difference,
sonnet,toon,json-compact,extra,type:field-retrieval,92,0.9783,0.9964,-0.0181,-0.0435,0.0036,,,0,2,0.5,equivalent (±5pp),,
sonnet,toon,json-compact,extra,type:aggregation,63,0.4127,0.3545,0.0582,0.0106,0.1111,,,6,1,0.125,A better,,
sonnet,toon,json-compact,extra,track:mixed,135,0.7852,0.7704,0.0148,-0.0173,0.0519,-0.0177,0.0585,7,3,0.34375,no detectable difference,no detectable difference,
sonnet,toon,json-compact,extra,shape:mixed,106,0.7296,0.7107,0.0189,-0.0252,0.066,-0.0233,0.071,7,3,0.34375,no detectable difference,no detectable difference,
sonnet,toon,json-compact,extra,type:structure-awareness,36,0.9259,0.8148,0.1111,0.0185,0.2222,,,4,1,0.375,A better,,
sonnet,toon,json-compact,extra,shape:nested-config,29,0.9885,0.9885,0.0,0.0,0.0,,,0,0,1.0,equivalent (±5pp),,
sonnet,toon,json-compact,extra,informative,68,0.4755,0.3676,0.1078,0.0049,0.2108,0.0046,0.2358,15,6,0.07835,A better,A better,
sonnet,edn-table,json-compact,extra,overall,244,0.6462,0.6434,0.0027,-0.0205,0.026,-0.0264,0.0309,7,7,1.0,equivalent (±5pp),equivalent (±5pp),
sonnet,edn-table,json-compact,extra,track:flat,109,0.4893,0.4862,0.0031,-0.0367,0.0459,-0.05,0.0606,4,4,1.0,equivalent (±5pp),no detectable difference,
sonnet,edn-table,json-compact,extra,shape:structural-validation,5,0.6,0.6,0.0,0.0,0.0,,,0,0,1.0,equivalent (±5pp),,
sonnet,edn-table,json-compact,extra,type:structural-validation,5,0.6,0.6,0.0,0.0,0.0,,,0,0,1.0,equivalent (±5pp),,
sonnet,edn-table,json-compact,extra,shape:uniform-tables,104,0.484,0.4808,0.0032,-0.0417,0.0481,-0.0486,0.0593,4,4,1.0,equivalent (±5pp),no detectable difference,
sonnet,edn-table,json-compact,extra,type:filtering,48,0.2292,0.2222,0.0069,-0.0556,0.0764,,,3,2,1.0,no detectable difference,,
sonnet,edn-table,json-compact,extra,overall-excl-structural,239,0.6471,0.6444,0.0028,-0.0209,0.0265,-0.0251,0.031,7,7,1.0,equivalent (±5pp),equivalent (±5pp),
sonnet,edn-table,json-compact,extra,type:field-retrieval,92,0.9928,0.9964,-0.0036,-0.0217,0.0109,,,0,1,1.0,equivalent (±5pp),,
sonnet,edn-table,json-compact,extra,type:aggregation,63,0.3598,0.3545,0.0053,-0.037,0.0476,,,2,2,1.0,equivalent (±5pp),,
sonnet,edn-table,json-compact,extra,track:mixed,135,0.7728,0.7704,0.0025,-0.0247,0.0296,-0.03,0.0293,3,3,1.0,equivalent (±5pp),equivalent (±5pp),
sonnet,edn-table,json-compact,extra,shape:mixed,106,0.7107,0.7107,0.0,-0.0314,0.0314,-0.0436,0.0329,3,3,1.0,equivalent (±5pp),equivalent (±5pp),
sonnet,edn-table,json-compact,extra,type:structure-awareness,36,0.8241,0.8148,0.0093,-0.0926,0.1111,,,2,2,1.0,no detectable difference,,
sonnet,edn-table,json-compact,extra,shape:nested-config,29,1.0,0.9885,0.0115,0.0,0.0345,,,0,0,1.0,equivalent (±5pp),,
sonnet,edn-table,json-compact,extra,informative,68,0.3775,0.3676,0.0098,-0.0735,0.0931,-0.0902,0.1174,7,7,1.0,no detectable difference,no detectable difference,
sonnet,edn-table,edn-maps,extra,overall,244,0.6462,0.6475,-0.0014,-0.026,0.0219,-0.0373,0.0332,6,10,0.4545,equivalent (±5pp),equivalent (±5pp),
sonnet,edn-table,edn-maps,extra,track:flat,109,0.4893,0.4985,-0.0092,-0.052,0.0336,-0.068,0.1081,4,6,0.75391,no detectable difference,no detectable difference,
sonnet,edn-table,edn-maps,extra,shape:structural-validation,5,0.6,0.4,0.2,0.0,0.6,,,1,0,1.0,no detectable difference,,
sonnet,edn-table,edn-maps,extra,type:structural-validation,5,0.6,0.4,0.2,0.0,0.6,,,1,0,1.0,no detectable difference,,
sonnet,edn-table,edn-maps,extra,shape:uniform-tables,104,0.484,0.5032,-0.0192,-0.0609,0.0192,-0.0759,0.0382,3,6,0.50781,no detectable difference,no detectable difference,
sonnet,edn-table,edn-maps,extra,type:filtering,48,0.2292,0.2708,-0.0417,-0.1042,0.0208,,,1,6,0.125,no detectable difference,,
sonnet,edn-table,edn-maps,extra,overall-excl-structural,239,0.6471,0.6527,-0.0056,-0.0279,0.0167,-0.0419,0.025,5,10,0.30176,equivalent (±5pp),equivalent (±5pp),
sonnet,edn-table,edn-maps,extra,type:field-retrieval,92,0.9928,0.9964,-0.0036,-0.0217,0.0109,,,0,1,1.0,equivalent (±5pp),,
sonnet,edn-table,edn-maps,extra,type:aggregation,63,0.3598,0.3492,0.0106,-0.0265,0.0423,,,1,1,1.0,equivalent (±5pp),,
sonnet,edn-table,edn-maps,extra,track:mixed,135,0.7728,0.7679,0.0049,-0.0198,0.0272,-0.0327,0.032,2,4,0.6875,equivalent (±5pp),equivalent (±5pp),
sonnet,edn-table,edn-maps,extra,shape:mixed,106,0.7107,0.7044,0.0063,-0.0252,0.0346,-0.0442,0.0388,2,4,0.6875,equivalent (±5pp),equivalent (±5pp),
sonnet,edn-table,edn-maps,extra,type:structure-awareness,36,0.8241,0.8148,0.0093,-0.0926,0.1019,,,3,2,1.0,no detectable difference,,
sonnet,edn-table,edn-maps,extra,shape:nested-config,29,1.0,1.0,0.0,0.0,0.0,,,0,0,1.0,equivalent (±5pp),,
sonnet,edn-table,edn-maps,extra,informative,68,0.3775,0.3824,-0.0049,-0.0882,0.0784,-0.1235,0.1282,6,10,0.4545,no detectable difference,no detectable difference,
sonnet,csv,toon,extra,overall,109,0.5046,0.5352,-0.0306,-0.0765,0.0153,-0.1208,0.0179,3,5,0.72656,no detectable difference,no detectable difference,
sonnet,csv,toon,extra,track:flat,109,0.5046,0.5352,-0.0306,-0.0765,0.0153,-0.125,0.0173,3,5,0.72656,no detectable difference,no detectable difference,
sonnet,csv,toon,extra,shape:structural-validation,5,0.8,1.0,-0.2,-0.6,0.0,,,0,1,1.0,no detectable difference,,
sonnet,csv,toon,extra,type:structural-validation,5,0.8,1.0,-0.2,-0.6,0.0,,,0,1,1.0,no detectable difference,,
sonnet,csv,toon,extra,shape:uniform-tables,104,0.4904,0.5128,-0.0224,-0.0673,0.0224,-0.0748,0.0251,3,4,1.0,no detectable difference,no detectable difference,
sonnet,csv,toon,extra,type:filtering,27,0.0741,0.0988,-0.0247,-0.1235,0.0864,,,1,1,1.0,no detectable difference,,
sonnet,csv,toon,extra,overall-excl-structural,104,0.4904,0.5128,-0.0224,-0.0673,0.0224,-0.0748,0.0251,3,4,1.0,no detectable difference,no detectable difference,
sonnet,csv,toon,extra,type:field-retrieval,32,1.0,0.9479,0.0521,0.0,0.1146,,,2,0,0.5,no detectable difference,,
sonnet,csv,toon,extra,type:aggregation,29,0.1149,0.2184,-0.1034,-0.2069,-0.0227,,,0,3,0.25,B better,,
sonnet,csv,toon,extra,type:structure-awareness,16,0.8542,0.875,-0.0208,-0.0625,0.0,,,0,0,1.0,no detectable difference,,
sonnet,csv,toon,extra,informative,38,0.3947,0.4561,-0.0614,-0.1842,0.0614,-0.1915,0.0805,3,4,1.0,no detectable difference,no detectable difference,
sonnet,csv,edn-table,extra,overall,109,0.5046,0.4893,0.0153,-0.0275,0.0612,-0.036,0.1061,5,2,0.45312,no detectable difference,no detectable difference,
sonnet,csv,edn-table,extra,track:flat,109,0.5046,0.4893,0.0153,-0.0306,0.0612,-0.0377,0.1126,5,2,0.45312,no detectable difference,no detectable difference,
sonnet,csv,edn-table,extra,shape:structural-validation,5,0.8,0.6,0.2,-0.4,0.8,,,2,1,1.0,no detectable difference,,
sonnet,csv,edn-table,extra,type:structural-validation,5,0.8,0.6,0.2,-0.4,0.8,,,2,1,1.0,no detectable difference,,
sonnet,csv,edn-table,extra,shape:uniform-tables,104,0.4904,0.484,0.0064,-0.0256,0.0417,-0.0264,0.0435,3,1,0.625,equivalent (±5pp),equivalent (±5pp),
sonnet,csv,edn-table,extra,type:filtering,27,0.0741,0.0864,-0.0123,-0.1111,0.0741,,,1,1,1.0,no detectable difference,,
sonnet,csv,edn-table,extra,overall-excl-structural,104,0.4904,0.484,0.0064,-0.0256,0.0385,-0.0261,0.0436,3,1,0.625,equivalent (±5pp),equivalent (±5pp),
sonnet,csv,edn-table,extra,type:field-retrieval,32,1.0,0.9792,0.0208,0.0,0.0625,,,1,0,1.0,no detectable difference,,
sonnet,csv,edn-table,extra,type:aggregation,29,0.1149,0.1379,-0.023,-0.069,0.023,,,0,0,1.0,no detectable difference,,
sonnet,csv,edn-table,extra,type:structure-awareness,16,0.8542,0.7917,0.0625,0.0,0.1667,,,1,0,1.0,no detectable difference,,
sonnet,csv,edn-table,extra,informative,38,0.3947,0.3246,0.0702,-0.0439,0.193,-0.0333,0.3333,5,1,0.21875,no detectable difference,no detectable difference,
sonnet,csv,json-compact,extra,overall,109,0.5046,0.4862,0.0183,-0.0275,0.0673,-0.0399,0.125,6,3,0.50781,no detectable difference,no detectable difference,
sonnet,csv,json-compact,extra,track:flat,109,0.5046,0.4862,0.0183,-0.0306,0.0673,-0.0417,0.125,6,3,0.50781,no detectable difference,no detectable difference,
sonnet,csv,json-compact,extra,shape:structural-validation,5,0.8,0.6,0.2,-0.4,0.8,,,2,1,1.0,no detectable difference,,
sonnet,csv,json-compact,extra,type:structural-validation,5,0.8,0.6,0.2,-0.4,0.8,,,2,1,1.0,no detectable difference,,
sonnet,csv,json-compact,extra,shape:uniform-tables,104,0.4904,0.4808,0.0096,-0.0288,0.0481,-0.0348,0.0545,4,2,0.6875,equivalent (±5pp),no detectable difference,
sonnet,csv,json-compact,extra,type:filtering,27,0.0741,0.0741,0.0,-0.0741,0.0864,,,1,1,1.0,no detectable difference,,
sonnet,csv,json-compact,extra,overall-excl-structural,104,0.4904,0.4808,0.0096,-0.0288,0.0513,-0.0358,0.0545,4,2,0.6875,no detectable difference,no detectable difference,
sonnet,csv,json-compact,extra,type:field-retrieval,32,1.0,1.0,0.0,0.0,0.0,,,0,0,1.0,equivalent (±5pp),,
sonnet,csv,json-compact,extra,type:aggregation,29,0.1149,0.1264,-0.0115,-0.1034,0.069,,,1,1,1.0,no detectable difference,,
sonnet,csv,json-compact,extra,type:structure-awareness,16,0.8542,0.7708,0.0833,-0.0417,0.25,,,2,0,0.5,no detectable difference,,
sonnet,csv,json-compact,extra,informative,38,0.3947,0.3158,0.0789,-0.0439,0.2105,-0.0497,0.4,6,2,0.28906,no detectable difference,no detectable difference,
sonnet,edn-table-lines,edn-table,layout,overall,135,0.7654,0.7728,-0.0074,-0.0321,0.0198,-0.0325,0.02,5,1,0.21875,equivalent (±5pp),equivalent (±5pp),
sonnet,edn-table-lines,edn-table,layout,type:filtering,21,0.3333,0.4127,-0.0794,-0.1746,0.0159,,,2,1,1.0,no detectable difference,,
sonnet,edn-table-lines,edn-table,layout,overall-excl-structural,135,0.7654,0.7728,-0.0074,-0.0321,0.0173,-0.0327,0.0204,5,1,0.21875,equivalent (±5pp),equivalent (±5pp),
sonnet,edn-table-lines,edn-table,layout,type:field-retrieval,60,0.9944,1.0,-0.0056,-0.0167,0.0,,,0,0,1.0,equivalent (±5pp),,
sonnet,edn-table-lines,edn-table,layout,type:aggregation,34,0.5588,0.549,0.0098,-0.0294,0.049,,,2,0,0.5,equivalent (±5pp),,
sonnet,edn-table-lines,edn-table,layout,track:mixed,135,0.7654,0.7728,-0.0074,-0.0321,0.0198,-0.0323,0.0204,5,1,0.21875,equivalent (±5pp),equivalent (±5pp),
sonnet,edn-table-lines,edn-table,layout,shape:mixed,106,0.7044,0.7107,-0.0063,-0.0377,0.0283,-0.0376,0.0283,5,1,0.21875,equivalent (±5pp),equivalent (±5pp),
sonnet,edn-table-lines,edn-table,layout,type:structure-awareness,20,0.8833,0.85,0.0333,-0.0667,0.1667,,,1,0,1.0,no detectable difference,,
sonnet,edn-table-lines,edn-table,layout,shape:nested-config,29,0.9885,1.0,-0.0115,-0.0345,0.0,,,0,0,1.0,equivalent (±5pp),,
sonnet,edn-table-lines,edn-table,layout,informative,30,0.4111,0.4444,-0.0333,-0.1444,0.0889,-0.2083,0.0794,5,1,0.21875,no detectable difference,no detectable difference,
sonnet,edn-table-lines,toon,layout,overall,135,0.7654,0.7852,-0.0198,-0.0543,0.0099,-0.0613,0.0113,3,3,1.0,no detectable difference,no detectable difference,
sonnet,edn-table-lines,toon,layout,type:filtering,21,0.3333,0.3492,-0.0159,-0.0952,0.0794,,,1,0,1.0,no detectable difference,,
sonnet,edn-table-lines,toon,layout,overall-excl-structural,135,0.7654,0.7852,-0.0198,-0.0519,0.0123,-0.0612,0.0113,3,3,1.0,no detectable difference,no detectable difference,
sonnet,edn-table-lines,toon,layout,type:field-retrieval,60,0.9944,0.9944,0.0,-0.0167,0.0167,,,0,0,1.0,equivalent (±5pp),,
sonnet,edn-table-lines,toon,layout,type:aggregation,34,0.5588,0.5784,-0.0196,-0.098,0.049,,,1,1,1.0,no detectable difference,,
sonnet,edn-table-lines,toon,layout,track:mixed,135,0.7654,0.7852,-0.0198,-0.0519,0.0123,-0.0625,0.0113,3,3,1.0,no detectable difference,no detectable difference,
sonnet,edn-table-lines,toon,layout,shape:mixed,106,0.7044,0.7296,-0.0252,-0.066,0.0157,-0.0763,0.0141,3,3,1.0,no detectable difference,no detectable difference,
sonnet,edn-table-lines,toon,layout,type:structure-awareness,20,0.8833,0.9667,-0.0833,-0.2333,0.05,,,1,2,1.0,no detectable difference,,
sonnet,edn-table-lines,toon,layout,shape:nested-config,29,0.9885,0.9885,0.0,0.0,0.0,,,0,0,1.0,equivalent (±5pp),,
sonnet,edn-table-lines,toon,layout,informative,30,0.4111,0.5,-0.0889,-0.2333,0.0556,-0.3333,0.043,3,3,1.0,no detectable difference,no detectable difference,
sonnet,edn-table-lines,json-compact,layout,overall,135,0.7654,0.7704,-0.0049,-0.0321,0.0222,-0.0359,0.0247,6,2,0.28906,equivalent (±5pp),equivalent (±5pp),
sonnet,edn-table-lines,json-compact,layout,type:filtering,21,0.3333,0.4127,-0.0794,-0.1905,0.0317,,,3,1,0.625,no detectable difference,,
sonnet,edn-table-lines,json-compact,layout,overall-excl-structural,135,0.7654,0.7704,-0.0049,-0.0321,0.0247,-0.0354,0.0247,6,2,0.28906,equivalent (±5pp),equivalent (±5pp),
sonnet,edn-table-lines,json-compact,layout,type:field-retrieval,60,0.9944,0.9944,0.0,0.0,0.0,,,0,0,1.0,equivalent (±5pp),,
sonnet,edn-table-lines,json-compact,layout,type:aggregation,34,0.5588,0.549,0.0098,-0.0294,0.049,,,2,0,0.5,equivalent (±5pp),,
sonnet,edn-table-lines,json-compact,layout,track:mixed,135,0.7654,0.7704,-0.0049,-0.0321,0.0222,-0.036,0.0242,6,2,0.28906,equivalent (±5pp),equivalent (±5pp),
sonnet,edn-table-lines,json-compact,layout,shape:mixed,106,0.7044,0.7107,-0.0063,-0.0409,0.0314,-0.0451,0.0312,6,2,0.28906,equivalent (±5pp),equivalent (±5pp),
sonnet,edn-table-lines,json-compact,layout,type:structure-awareness,20,0.8833,0.85,0.0333,-0.0833,0.1667,,,1,1,1.0,no detectable difference,,
sonnet,edn-table-lines,json-compact,layout,shape:nested-config,29,0.9885,0.9885,0.0,0.0,0.0,,,0,0,1.0,equivalent (±5pp),,
sonnet,edn-table-lines,json-compact,layout,informative,30,0.4111,0.4333,-0.0222,-0.1444,0.1,-0.1954,0.1008,6,2,0.28906,no detectable difference,no detectable difference,
opus,edn-maps,json-compact,primary,overall,244,0.9754,0.974,0.0014,-0.0041,0.0068,-0.0067,0.0091,0,0,1.0,equivalent (±5pp),equivalent (±5pp),1.0
opus,edn-maps,json-compact,primary,track:flat,109,0.945,0.9419,0.0031,-0.0092,0.0153,-0.0152,0.0202,0,0,1.0,equivalent (±5pp),equivalent (±5pp),
opus,edn-maps,json-compact,primary,shape:structural-validation,5,0.6,0.6,0.0,0.0,0.0,,,0,0,1.0,equivalent (±5pp),,
opus,edn-maps,json-compact,primary,type:structural-validation,5,0.6,0.6,0.0,0.0,0.0,,,0,0,1.0,equivalent (±5pp),,
opus,edn-maps,json-compact,primary,shape:uniform-tables,104,0.9615,0.9583,0.0032,-0.0096,0.016,-0.0145,0.0208,0,0,1.0,equivalent (±5pp),equivalent (±5pp),
opus,edn-maps,json-compact,primary,type:filtering,48,0.9931,1.0,-0.0069,-0.0208,0.0,,,0,0,1.0,equivalent (±5pp),,
opus,edn-maps,json-compact,primary,overall-excl-structural,239,0.9833,0.9819,0.0014,-0.0042,0.007,-0.0068,0.0091,0,0,1.0,equivalent (±5pp),equivalent (±5pp),
opus,edn-maps,json-compact,primary,type:field-retrieval,92,1.0,1.0,0.0,0.0,0.0,,,0,0,1.0,equivalent (±5pp),,
opus,edn-maps,json-compact,primary,type:aggregation,63,0.9735,0.963,0.0106,-0.0106,0.0317,,,0,0,1.0,equivalent (±5pp),,
opus,edn-maps,json-compact,primary,track:mixed,135,1.0,1.0,0.0,0.0,0.0,0.0,0.0,0,0,1.0,equivalent (±5pp),equivalent (±5pp),
opus,edn-maps,json-compact,primary,shape:mixed,106,1.0,1.0,0.0,0.0,0.0,0.0,0.0,0,0,1.0,equivalent (±5pp),equivalent (±5pp),
opus,edn-maps,json-compact,primary,type:structure-awareness,36,0.9444,0.9444,0.0,0.0,0.0,,,0,0,1.0,equivalent (±5pp),,
opus,edn-maps,json-compact,primary,shape:nested-config,29,1.0,1.0,0.0,0.0,0.0,,,0,0,1.0,equivalent (±5pp),,
opus,edn-maps,json-compact,primary,informative,16,0.8125,0.7917,0.0208,-0.0625,0.1042,-0.0889,0.1212,0,0,1.0,no detectable difference,no detectable difference,
opus,edn-table,toon,primary,overall,244,0.9699,0.9836,-0.0137,-0.0287,-0.0014,-0.0368,-0.0012,0,2,0.5,B better (within ±5pp),B better (within ±5pp),1.0
opus,edn-table,toon,primary,track:flat,109,0.9358,0.9633,-0.0275,-0.0612,0.0,-0.1441,0.0,0,2,0.5,no detectable difference,no detectable difference,
opus,edn-table,toon,primary,shape:structural-validation,5,0.6,1.0,-0.4,-0.8,0.0,,,0,2,0.5,no detectable difference,,
opus,edn-table,toon,primary,type:structural-validation,5,0.6,1.0,-0.4,-0.8,0.0,,,0,2,0.5,no detectable difference,,
opus,edn-table,toon,primary,shape:uniform-tables,104,0.9519,0.9615,-0.0096,-0.0288,0.0096,-0.0319,0.0108,0,0,1.0,equivalent (±5pp),equivalent (±5pp),
opus,edn-table,toon,primary,type:filtering,48,0.9792,0.9931,-0.0139,-0.0417,0.0139,,,0,0,1.0,equivalent (±5pp),,
opus,edn-table,toon,primary,overall-excl-structural,239,0.9777,0.9833,-0.0056,-0.0139,0.0028,-0.0162,0.0036,0,0,1.0,equivalent (±5pp),equivalent (±5pp),
opus,edn-table,toon,primary,type:field-retrieval,92,1.0,1.0,0.0,0.0,0.0,,,0,0,1.0,equivalent (±5pp),,
opus,edn-table,toon,primary,type:aggregation,63,0.963,0.9735,-0.0106,-0.037,0.0159,,,0,0,1.0,equivalent (±5pp),,
opus,edn-table,toon,primary,track:mixed,135,0.9975,1.0,-0.0025,-0.0074,0.0,-0.0098,0.0,0,0,1.0,equivalent (±5pp),equivalent (±5pp),
opus,edn-table,toon,primary,shape:mixed,106,0.9969,1.0,-0.0031,-0.0094,0.0,-0.0117,0.0,0,0,1.0,equivalent (±5pp),equivalent (±5pp),
opus,edn-table,toon,primary,type:structure-awareness,36,0.9444,0.9444,0.0,0.0,0.0,,,0,0,1.0,equivalent (±5pp),,
opus,edn-table,toon,primary,shape:nested-config,29,1.0,1.0,0.0,0.0,0.0,,,0,0,1.0,equivalent (±5pp),,
opus,edn-table,toon,primary,informative,16,0.7292,0.9375,-0.2083,-0.3958,-0.0208,-0.5455,-0.0303,0,2,0.5,B better,B better,
opus,edn-table-primer,edn-table,primary,overall,244,0.9699,0.9699,0.0,-0.0068,0.0068,-0.0082,0.0093,0,1,1.0,equivalent (±5pp),equivalent (±5pp),1.0
opus,edn-table-primer,edn-table,primary,track:flat,109,0.9419,0.9358,0.0061,-0.0061,0.0183,-0.0056,0.0231,0,0,1.0,equivalent (±5pp),equivalent (±5pp),
opus,edn-table-primer,edn-table,primary,shape:structural-validation,5,0.6,0.6,0.0,0.0,0.0,,,0,0,1.0,equivalent (±5pp),,
opus,edn-table-primer,edn-table,primary,type:structural-validation,5,0.6,0.6,0.0,0.0,0.0,,,0,0,1.0,equivalent (±5pp),,
opus,edn-table-primer,edn-table,primary,shape:uniform-tables,104,0.9583,0.9519,0.0064,-0.0064,0.0192,-0.0058,0.0224,0,0,1.0,equivalent (±5pp),equivalent (±5pp),
opus,edn-table-primer,edn-table,primary,type:filtering,48,0.9792,0.9792,0.0,-0.0208,0.0208,,,0,0,1.0,equivalent (±5pp),,
opus,edn-table-primer,edn-table,primary,overall-excl-structural,239,0.9777,0.9777,0.0,-0.007,0.007,-0.0081,0.0091,0,1,1.0,equivalent (±5pp),equivalent (±5pp),
opus,edn-table-primer,edn-table,primary,type:field-retrieval,92,1.0,1.0,0.0,0.0,0.0,,,0,0,1.0,equivalent (±5pp),,
opus,edn-table-primer,edn-table,primary,type:aggregation,63,0.963,0.963,0.0,-0.0212,0.0212,,,0,1,1.0,equivalent (±5pp),,
opus,edn-table-primer,edn-table,primary,track:mixed,135,0.9926,0.9975,-0.0049,-0.0123,0.0,-0.0138,0.0,0,1,1.0,equivalent (±5pp),equivalent (±5pp),
opus,edn-table-primer,edn-table,primary,shape:mixed,106,0.9906,0.9969,-0.0063,-0.0157,0.0,-0.0169,0.0,0,1,1.0,equivalent (±5pp),equivalent (±5pp),
opus,edn-table-primer,edn-table,primary,type:structure-awareness,36,0.9444,0.9444,0.0,0.0,0.0,,,0,0,1.0,equivalent (±5pp),,
opus,edn-table-primer,edn-table,primary,shape:nested-config,29,1.0,1.0,0.0,0.0,0.0,,,0,0,1.0,equivalent (±5pp),,
opus,edn-table-primer,edn-table,primary,informative,16,0.7292,0.7292,0.0,-0.1042,0.1042,-0.1429,0.1111,0,1,1.0,no detectable difference,no detectable difference,
opus,edn-table-primer,toon,primary,overall,244,0.9699,0.9836,-0.0137,-0.0287,0.0,-0.037,0.0,0,3,0.25,equivalent (±5pp),equivalent (±5pp),1.0
opus,edn-table-primer,toon,primary,track:flat,109,0.9419,0.9633,-0.0214,-0.055,0.0061,-0.1417,0.0051,0,2,0.5,no detectable difference,no detectable difference,
opus,edn-table-primer,toon,primary,shape:structural-validation,5,0.6,1.0,-0.4,-0.8,0.0,,,0,2,0.5,no detectable difference,,
opus,edn-table-primer,toon,primary,type:structural-validation,5,0.6,1.0,-0.4,-0.8,0.0,,,0,2,0.5,no detectable difference,,
opus,edn-table-primer,toon,primary,shape:uniform-tables,104,0.9583,0.9615,-0.0032,-0.0192,0.0128,-0.0225,0.0156,0,0,1.0,equivalent (±5pp),equivalent (±5pp),
opus,edn-table-primer,toon,primary,type:filtering,48,0.9792,0.9931,-0.0139,-0.0417,0.0139,,,0,0,1.0,equivalent (±5pp),,
opus,edn-table-primer,toon,primary,overall-excl-structural,239,0.9777,0.9833,-0.0056,-0.0153,0.0028,-0.0171,0.0049,0,1,1.0,equivalent (±5pp),equivalent (±5pp),
opus,edn-table-primer,toon,primary,type:field-retrieval,92,1.0,1.0,0.0,0.0,0.0,,,0,0,1.0,equivalent (±5pp),,
opus,edn-table-primer,toon,primary,type:aggregation,63,0.963,0.9735,-0.0106,-0.0423,0.0159,,,0,1,1.0,equivalent (±5pp),,
opus,edn-table-primer,toon,primary,track:mixed,135,0.9926,1.0,-0.0074,-0.0198,0.0,-0.0217,0.0,0,1,1.0,equivalent (±5pp),equivalent (±5pp),
opus,edn-table-primer,toon,primary,shape:mixed,106,0.9906,1.0,-0.0094,-0.0252,0.0,-0.0261,0.0,0,1,1.0,equivalent (±5pp),equivalent (±5pp),
opus,edn-table-primer,toon,primary,type:structure-awareness,36,0.9444,0.9444,0.0,0.0,0.0,,,0,0,1.0,equivalent (±5pp),,
opus,edn-table-primer,toon,primary,shape:nested-config,29,1.0,1.0,0.0,0.0,0.0,,,0,0,1.0,equivalent (±5pp),,
opus,edn-table-primer,toon,primary,informative,16,0.7292,0.9375,-0.2083,-0.4167,-0.0208,-0.6061,-0.0185,0,3,0.25,B better,B better,
opus,edn-table-primer,json-compact,primary,overall,244,0.9699,0.974,-0.0041,-0.0137,0.0055,-0.016,0.0074,0,1,1.0,equivalent (±5pp),equivalent (±5pp),1.0
opus,edn-table-primer,json-compact,primary,track:flat,109,0.9419,0.9419,0.0,-0.0183,0.0183,-0.0208,0.0198,0,0,1.0,equivalent (±5pp),equivalent (±5pp),
opus,edn-table-primer,json-compact,primary,shape:structural-validation,5,0.6,0.6,0.0,0.0,0.0,,,0,0,1.0,equivalent (±5pp),,
opus,edn-table-primer,json-compact,primary,type:structural-validation,5,0.6,0.6,0.0,0.0,0.0,,,0,0,1.0,equivalent (±5pp),,
opus,edn-table-primer,json-compact,primary,shape:uniform-tables,104,0.9583,0.9583,0.0,-0.0192,0.016,-0.0203,0.0208,0,0,1.0,equivalent (±5pp),equivalent (±5pp),
opus,edn-table-primer,json-compact,primary,type:filtering,48,0.9792,1.0,-0.0208,-0.0486,0.0,,,0,0,1.0,equivalent (±5pp),,
opus,edn-table-primer,json-compact,primary,overall-excl-structural,239,0.9777,0.9819,-0.0042,-0.0139,0.0056,-0.0159,0.007,0,1,1.0,equivalent (±5pp),equivalent (±5pp),
opus,edn-table-primer,json-compact,primary,type:field-retrieval,92,1.0,1.0,0.0,0.0,0.0,,,0,0,1.0,equivalent (±5pp),,
opus,edn-table-primer,json-compact,primary,type:aggregation,63,0.963,0.963,0.0,-0.0317,0.0317,,,0,1,1.0,equivalent (±5pp),,
opus,edn-table-primer,json-compact,primary,track:mixed,135,0.9926,1.0,-0.0074,-0.0198,0.0,-0.022,0.0,0,1,1.0,equivalent (±5pp),equivalent (±5pp),
opus,edn-table-primer,json-compact,primary,shape:mixed,106,0.9906,1.0,-0.0094,-0.0252,0.0,-0.0258,0.0,0,1,1.0,equivalent (±5pp),equivalent (±5pp),
opus,edn-table-primer,json-compact,primary,type:structure-awareness,36,0.9444,0.9444,0.0,0.0,0.0,,,0,0,1.0,equivalent (±5pp),,
opus,edn-table-primer,json-compact,primary,shape:nested-config,29,1.0,1.0,0.0,0.0,0.0,,,0,0,1.0,equivalent (±5pp),,
opus,edn-table-primer,json-compact,primary,informative,16,0.7292,0.7917,-0.0625,-0.2083,0.0833,-0.25,0.0833,0,1,1.0,no detectable difference,no detectable difference,
opus,edn-maps,toon,primary,overall,244,0.9754,0.9836,-0.0082,-0.0219,0.0027,-0.031,0.0035,0,2,0.5,equivalent (±5pp),equivalent (±5pp),1.0
opus,edn-maps,toon,primary,track:flat,109,0.945,0.9633,-0.0183,-0.0489,0.0062,-0.1319,0.0068,0,2,0.5,equivalent (±5pp),no detectable difference,
opus,edn-maps,toon,primary,shape:structural-validation,5,0.6,1.0,-0.4,-0.8,0.0,,,0,2,0.5,no detectable difference,,
opus,edn-maps,toon,primary,type:structural-validation,5,0.6,1.0,-0.4,-0.8,0.0,,,0,2,0.5,no detectable difference,,
opus,edn-maps,toon,primary,shape:uniform-tables,104,0.9615,0.9615,0.0,-0.016,0.016,-0.0174,0.0179,0,0,1.0,equivalent (±5pp),equivalent (±5pp),
opus,edn-maps,toon,primary,type:filtering,48,0.9931,0.9931,0.0,-0.0208,0.0208,,,0,0,1.0,equivalent (±5pp),,
opus,edn-maps,toon,primary,overall-excl-structural,239,0.9833,0.9833,0.0,-0.007,0.007,-0.008,0.0077,0,0,1.0,equivalent (±5pp),equivalent (±5pp),
opus,edn-maps,toon,primary,type:field-retrieval,92,1.0,1.0,0.0,0.0,0.0,,,0,0,1.0,equivalent (±5pp),,
opus,edn-maps,toon,primary,type:aggregation,63,0.9735,0.9735,0.0,-0.0212,0.0212,,,0,0,1.0,equivalent (±5pp),,
opus,edn-maps,toon,primary,track:mixed,135,1.0,1.0,0.0,0.0,0.0,0.0,0.0,0,0,1.0,equivalent (±5pp),equivalent (±5pp),
opus,edn-maps,toon,primary,shape:mixed,106,1.0,1.0,0.0,0.0,0.0,0.0,0.0,0,0,1.0,equivalent (±5pp),equivalent (±5pp),
opus,edn-maps,toon,primary,type:structure-awareness,36,0.9444,0.9444,0.0,0.0,0.0,,,0,0,1.0,equivalent (±5pp),,
opus,edn-maps,toon,primary,shape:nested-config,29,1.0,1.0,0.0,0.0,0.0,,,0,0,1.0,equivalent (±5pp),,
opus,edn-maps,toon,primary,informative,16,0.8125,0.9375,-0.125,-0.3333,0.0417,-0.4583,0.0476,0,2,0.5,no detectable difference,no detectable difference,
opus,toon,json-compact,extra,overall,244,0.9836,0.974,0.0096,-0.0014,0.0232,-0.0,0.0319,2,0,0.5,equivalent (±5pp),equivalent (±5pp),
opus,toon,json-compact,extra,track:flat,109,0.9633,0.9419,0.0214,-0.0031,0.052,0.0,0.1353,2,0,0.5,no detectable difference,no detectable difference,
opus,toon,json-compact,extra,shape:structural-validation,5,1.0,0.6,0.4,0.0,0.8,,,2,0,0.5,no detectable difference,,
opus,toon,json-compact,extra,type:structural-validation,5,1.0,0.6,0.4,0.0,0.8,,,2,0,0.5,no detectable difference,,
opus,toon,json-compact,extra,shape:uniform-tables,104,0.9615,0.9583,0.0032,-0.0064,0.0128,-0.0089,0.0174,0,0,1.0,equivalent (±5pp),equivalent (±5pp),
opus,toon,json-compact,extra,type:filtering,48,0.9931,1.0,-0.0069,-0.0208,0.0,,,0,0,1.0,equivalent (±5pp),,
opus,toon,json-compact,extra,overall-excl-structural,239,0.9833,0.9819,0.0014,-0.0028,0.007,-0.0039,0.0076,0,0,1.0,equivalent (±5pp),equivalent (±5pp),
opus,toon,json-compact,extra,type:field-retrieval,92,1.0,1.0,0.0,0.0,0.0,,,0,0,1.0,equivalent (±5pp),,
opus,toon,json-compact,extra,type:aggregation,63,0.9735,0.963,0.0106,0.0,0.0265,,,0,0,1.0,equivalent (±5pp),,
opus,toon,json-compact,extra,track:mixed,135,1.0,1.0,0.0,0.0,0.0,0.0,0.0,0,0,1.0,equivalent (±5pp),equivalent (±5pp),
opus,toon,json-compact,extra,shape:mixed,106,1.0,1.0,0.0,0.0,0.0,0.0,0.0,0,0,1.0,equivalent (±5pp),equivalent (±5pp),
opus,toon,json-compact,extra,type:structure-awareness,36,0.9444,0.9444,0.0,0.0,0.0,,,0,0,1.0,equivalent (±5pp),,
opus,toon,json-compact,extra,shape:nested-config,29,1.0,1.0,0.0,0.0,0.0,,,0,0,1.0,equivalent (±5pp),,
opus,toon,json-compact,extra,informative,16,0.9375,0.7917,0.1458,-0.0,0.3333,0.0,0.4848,2,0,0.5,no detectable difference,no detectable difference,
opus,edn-table,json-compact,extra,overall,244,0.9699,0.974,-0.0041,-0.0109,0.0027,-0.0127,0.0029,0,0,1.0,equivalent (±5pp),equivalent (±5pp),
opus,edn-table,json-compact,extra,track:flat,109,0.9358,0.9419,-0.0061,-0.0214,0.0092,-0.0238,0.0083,0,0,1.0,equivalent (±5pp),equivalent (±5pp),
opus,edn-table,json-compact,extra,shape:structural-validation,5,0.6,0.6,0.0,0.0,0.0,,,0,0,1.0,equivalent (±5pp),,
opus,edn-table,json-compact,extra,type:structural-validation,5,0.6,0.6,0.0,0.0,0.0,,,0,0,1.0,equivalent (±5pp),,
opus,edn-table,json-compact,extra,shape:uniform-tables,104,0.9519,0.9583,-0.0064,-0.0224,0.0096,-0.0238,0.0089,0,0,1.0,equivalent (±5pp),equivalent (±5pp),
opus,edn-table,json-compact,extra,type:filtering,48,0.9792,1.0,-0.0208,-0.0486,0.0,,,0,0,1.0,equivalent (±5pp),,
opus,edn-table,json-compact,extra,overall-excl-structural,239,0.9777,0.9819,-0.0042,-0.0112,0.0028,-0.0124,0.0028,0,0,1.0,equivalent (±5pp),equivalent (±5pp),
opus,edn-table,json-compact,extra,type:field-retrieval,92,1.0,1.0,0.0,0.0,0.0,,,0,0,1.0,equivalent (±5pp),,
opus,edn-table,json-compact,extra,type:aggregation,63,0.963,0.963,0.0,-0.0212,0.0212,,,0,0,1.0,equivalent (±5pp),,
opus,edn-table,json-compact,extra,track:mixed,135,0.9975,1.0,-0.0025,-0.0074,0.0,-0.0098,0.0,0,0,1.0,equivalent (±5pp),equivalent (±5pp),
opus,edn-table,json-compact,extra,shape:mixed,106,0.9969,1.0,-0.0031,-0.0094,0.0,-0.0115,0.0,0,0,1.0,equivalent (±5pp),equivalent (±5pp),
opus,edn-table,json-compact,extra,type:structure-awareness,36,0.9444,0.9444,0.0,0.0,0.0,,,0,0,1.0,equivalent (±5pp),,
opus,edn-table,json-compact,extra,shape:nested-config,29,1.0,1.0,0.0,0.0,0.0,,,0,0,1.0,equivalent (±5pp),,
opus,edn-table,json-compact,extra,informative,16,0.7292,0.7917,-0.0625,-0.1667,0.0417,-0.1667,0.0333,0,0,1.0,no detectable difference,no detectable difference,
opus,edn-table,edn-maps,extra,overall,244,0.9699,0.9754,-0.0055,-0.0137,0.0014,-0.0152,0.0033,0,0,1.0,equivalent (±5pp),equivalent (±5pp),
opus,edn-table,edn-maps,extra,track:flat,109,0.9358,0.945,-0.0092,-0.0245,0.0061,-0.0288,0.0104,0,0,1.0,equivalent (±5pp),equivalent (±5pp),
opus,edn-table,edn-maps,extra,shape:structural-validation,5,0.6,0.6,0.0,0.0,0.0,,,0,0,1.0,equivalent (±5pp),,
opus,edn-table,edn-maps,extra,type:structural-validation,5,0.6,0.6,0.0,0.0,0.0,,,0,0,1.0,equivalent (±5pp),,
opus,edn-table,edn-maps,extra,shape:uniform-tables,104,0.9519,0.9615,-0.0096,-0.0256,0.0064,-0.0287,0.0089,0,0,1.0,equivalent (±5pp),equivalent (±5pp),
opus,edn-table,edn-maps,extra,type:filtering,48,0.9792,0.9931,-0.0139,-0.0417,0.0139,,,0,0,1.0,equivalent (±5pp),,
opus,edn-table,edn-maps,extra,overall-excl-structural,239,0.9777,0.9833,-0.0056,-0.0139,0.0014,-0.0151,0.0032,0,0,1.0,equivalent (±5pp),equivalent (±5pp),
opus,edn-table,edn-maps,extra,type:field-retrieval,92,1.0,1.0,0.0,0.0,0.0,,,0,0,1.0,equivalent (±5pp),,
opus,edn-table,edn-maps,extra,type:aggregation,63,0.963,0.9735,-0.0106,-0.0317,0.0106,,,0,0,1.0,equivalent (±5pp),,
opus,edn-table,edn-maps,extra,track:mixed,135,0.9975,1.0,-0.0025,-0.0074,0.0,-0.0097,0.0,0,0,1.0,equivalent (±5pp),equivalent (±5pp),
opus,edn-table,edn-maps,extra,shape:mixed,106,0.9969,1.0,-0.0031,-0.0094,0.0,-0.0114,0.0,0,0,1.0,equivalent (±5pp),equivalent (±5pp),
opus,edn-table,edn-maps,extra,type:structure-awareness,36,0.9444,0.9444,0.0,0.0,0.0,,,0,0,1.0,equivalent (±5pp),,
opus,edn-table,edn-maps,extra,shape:nested-config,29,1.0,1.0,0.0,0.0,0.0,,,0,0,1.0,equivalent (±5pp),,
opus,edn-table,edn-maps,extra,informative,16,0.7292,0.8125,-0.0833,-0.1875,0.0208,-0.2,0.0444,0,0,1.0,no detectable difference,no detectable difference,
opus,csv,toon,extra,overall,109,0.945,0.9633,-0.0183,-0.0489,0.0061,-0.1,0.0052,0,2,0.5,equivalent (±5pp),no detectable difference,
opus,csv,toon,extra,track:flat,109,0.945,0.9633,-0.0183,-0.0459,0.0061,-0.0917,0.0051,0,2,0.5,equivalent (±5pp),no detectable difference,
opus,csv,toon,extra,shape:structural-validation,5,0.8,1.0,-0.2,-0.6,0.0,,,0,1,1.0,no detectable difference,,
opus,csv,toon,extra,type:structural-validation,5,0.8,1.0,-0.2,-0.6,0.0,,,0,1,1.0,no detectable difference,,
opus,csv,toon,extra,shape:uniform-tables,104,0.9519,0.9615,-0.0096,-0.0321,0.0096,-0.0325,0.0099,0,1,1.0,equivalent (±5pp),equivalent (±5pp),
opus,csv,toon,extra,type:filtering,27,0.9753,0.9877,-0.0123,-0.0494,0.0247,,,0,0,1.0,equivalent (±5pp),,
opus,csv,toon,extra,overall-excl-structural,104,0.9519,0.9615,-0.0096,-0.0321,0.0096,-0.0323,0.0104,0,1,1.0,equivalent (±5pp),equivalent (±5pp),
opus,csv,toon,extra,type:field-retrieval,32,1.0,1.0,0.0,0.0,0.0,,,0,0,1.0,equivalent (±5pp),,
opus,csv,toon,extra,type:aggregation,29,0.9195,0.9425,-0.023,-0.092,0.0345,,,0,1,1.0,no detectable difference,,
opus,csv,toon,extra,type:structure-awareness,16,0.875,0.875,0.0,0.0,0.0,,,0,0,1.0,equivalent (±5pp),,
opus,csv,toon,extra,informative,14,0.9048,0.9286,-0.0238,-0.1429,0.0952,-0.1429,0.1334,0,0,1.0,no detectable difference,no detectable difference,
opus,csv,edn-table,extra,overall,109,0.945,0.9358,0.0092,-0.0245,0.0428,-0.036,0.1171,2,2,1.0,equivalent (±5pp),no detectable difference,
opus,csv,edn-table,extra,track:flat,109,0.945,0.9358,0.0092,-0.0245,0.0459,-0.0346,0.1042,2,2,1.0,equivalent (±5pp),no detectable difference,
opus,csv,edn-table,extra,shape:structural-validation,5,0.8,0.6,0.2,-0.4,0.8,,,2,1,1.0,no detectable difference,,
opus,csv,edn-table,extra,type:structural-validation,5,0.8,0.6,0.2,-0.4,0.8,,,2,1,1.0,no detectable difference,,
opus,csv,edn-table,extra,shape:uniform-tables,104,0.9519,0.9519,0.0,-0.016,0.0128,-0.0231,0.0168,0,1,1.0,equivalent (±5pp),equivalent (±5pp),
opus,csv,edn-table,extra,type:filtering,27,0.9753,0.963,0.0123,0.0,0.037,,,0,0,1.0,equivalent (±5pp),,
opus,csv,edn-table,extra,overall-excl-structural,104,0.9519,0.9519,0.0,-0.016,0.0128,-0.0224,0.016,0,1,1.0,equivalent (±5pp),equivalent (±5pp),
opus,csv,edn-table,extra,type:field-retrieval,32,1.0,1.0,0.0,0.0,0.0,,,0,0,1.0,equivalent (±5pp),,
opus,csv,edn-table,extra,type:aggregation,29,0.9195,0.931,-0.0115,-0.069,0.0345,,,0,1,1.0,no detectable difference,,
opus,csv,edn-table,extra,type:structure-awareness,16,0.875,0.875,0.0,0.0,0.0,,,0,0,1.0,equivalent (±5pp),,
opus,csv,edn-table,extra,informative,14,0.9048,0.7143,0.1905,0.0238,0.381,0.0351,0.7222,2,0,0.5,A better,A better,
opus,csv,json-compact,extra,overall,109,0.945,0.9419,0.0031,-0.0336,0.0398,-0.0417,0.0991,2,2,1.0,equivalent (±5pp),no detectable difference,
opus,csv,json-compact,extra,track:flat,109,0.945,0.9419,0.0031,-0.0336,0.0398,-0.0417,0.1,2,2,1.0,equivalent (±5pp),no detectable difference,
opus,csv,json-compact,extra,shape:structural-validation,5,0.8,0.6,0.2,-0.4,0.8,,,2,1,1.0,no detectable difference,,
opus,csv,json-compact,extra,type:structural-validation,5,0.8,0.6,0.2,-0.4,0.8,,,2,1,1.0,no detectable difference,,
opus,csv,json-compact,extra,shape:uniform-tables,104,0.9519,0.9583,-0.0064,-0.0256,0.0128,-0.0296,0.0135,0,1,1.0,equivalent (±5pp),equivalent (±5pp),
opus,csv,json-compact,extra,type:filtering,27,0.9753,1.0,-0.0247,-0.0617,0.0,,,0,0,1.0,no detectable difference,,
opus,csv,json-compact,extra,overall-excl-structural,104,0.9519,0.9583,-0.0064,-0.0256,0.0128,-0.0288,0.0132,0,1,1.0,equivalent (±5pp),equivalent (±5pp),
opus,csv,json-compact,extra,type:field-retrieval,32,1.0,1.0,0.0,0.0,0.0,,,0,0,1.0,equivalent (±5pp),,
opus,csv,json-compact,extra,type:aggregation,29,0.9195,0.9195,0.0,-0.069,0.0575,,,0,1,1.0,no detectable difference,,
opus,csv,json-compact,extra,type:structure-awareness,16,0.875,0.875,0.0,0.0,0.0,,,0,0,1.0,equivalent (±5pp),,
opus,csv,json-compact,extra,informative,14,0.9048,0.7619,0.1429,-0.0714,0.3571,-0.0455,0.7222,2,0,0.5,no detectable difference,no detectable difference,
opus,edn-table-lines,edn-table,layout,overall,135,1.0,0.9975,0.0025,0.0,0.0074,0.0,0.0098,0,0,1.0,equivalent (±5pp),equivalent (±5pp),
opus,edn-table-lines,edn-table,layout,type:filtering,21,1.0,1.0,0.0,0.0,0.0,,,0,0,1.0,equivalent (±5pp),,
opus,edn-table-lines,edn-table,layout,overall-excl-structural,135,1.0,0.9975,0.0025,0.0,0.0074,0.0,0.0098,0,0,1.0,equivalent (±5pp),equivalent (±5pp),
opus,edn-table-lines,edn-table,layout,type:field-retrieval,60,1.0,1.0,0.0,0.0,0.0,,,0,0,1.0,equivalent (±5pp),,
opus,edn-table-lines,edn-table,layout,type:aggregation,34,1.0,0.9902,0.0098,0.0,0.0294,,,0,0,1.0,equivalent (±5pp),,
opus,edn-table-lines,edn-table,layout,track:mixed,135,1.0,0.9975,0.0025,0.0,0.0074,0.0,0.0098,0,0,1.0,equivalent (±5pp),equivalent (±5pp),
opus,edn-table-lines,edn-table,layout,shape:mixed,106,1.0,0.9969,0.0031,0.0,0.0094,0.0,0.0114,0,0,1.0,equivalent (±5pp),equivalent (±5pp),
opus,edn-table-lines,edn-table,layout,type:structure-awareness,20,1.0,1.0,0.0,0.0,0.0,,,0,0,1.0,equivalent (±5pp),,
opus,edn-table-lines,edn-table,layout,shape:nested-config,29,1.0,1.0,0.0,0.0,0.0,,,0,0,1.0,equivalent (±5pp),,
opus,edn-table-lines,edn-table,layout,informative,2,1.0,0.8333,0.1667,0.0,0.3333,0.0,0.3333,0,0,1.0,no detectable difference,no detectable difference,
opus,edn-table-lines,toon,layout,overall,135,1.0,1.0,0.0,0.0,0.0,0.0,0.0,0,0,1.0,equivalent (±5pp),equivalent (±5pp),
opus,edn-table-lines,toon,layout,type:filtering,21,1.0,1.0,0.0,0.0,0.0,,,0,0,1.0,equivalent (±5pp),,
opus,edn-table-lines,toon,layout,overall-excl-structural,135,1.0,1.0,0.0,0.0,0.0,0.0,0.0,0,0,1.0,equivalent (±5pp),equivalent (±5pp),
opus,edn-table-lines,toon,layout,type:field-retrieval,60,1.0,1.0,0.0,0.0,0.0,,,0,0,1.0,equivalent (±5pp),,
opus,edn-table-lines,toon,layout,type:aggregation,34,1.0,1.0,0.0,0.0,0.0,,,0,0,1.0,equivalent (±5pp),,
opus,edn-table-lines,toon,layout,track:mixed,135,1.0,1.0,0.0,0.0,0.0,0.0,0.0,0,0,1.0,equivalent (±5pp),equivalent (±5pp),
opus,edn-table-lines,toon,layout,shape:mixed,106,1.0,1.0,0.0,0.0,0.0,0.0,0.0,0,0,1.0,equivalent (±5pp),equivalent (±5pp),
opus,edn-table-lines,toon,layout,type:structure-awareness,20,1.0,1.0,0.0,0.0,0.0,,,0,0,1.0,equivalent (±5pp),,
opus,edn-table-lines,toon,layout,shape:nested-config,29,1.0,1.0,0.0,0.0,0.0,,,0,0,1.0,equivalent (±5pp),,
opus,edn-table-lines,toon,layout,informative,2,1.0,1.0,0.0,0.0,0.0,0.0,0.0,0,0,1.0,equivalent (±5pp),equivalent (±5pp),
opus,edn-table-lines,json-compact,layout,overall,135,1.0,1.0,0.0,0.0,0.0,0.0,0.0,0,0,1.0,equivalent (±5pp),equivalent (±5pp),
opus,edn-table-lines,json-compact,layout,type:filtering,21,1.0,1.0,0.0,0.0,0.0,,,0,0,1.0,equivalent (±5pp),,
opus,edn-table-lines,json-compact,layout,overall-excl-structural,135,1.0,1.0,0.0,0.0,0.0,0.0,0.0,0,0,1.0,equivalent (±5pp),equivalent (±5pp),
opus,edn-table-lines,json-compact,layout,type:field-retrieval,60,1.0,1.0,0.0,0.0,0.0,,,0,0,1.0,equivalent (±5pp),,
opus,edn-table-lines,json-compact,layout,type:aggregation,34,1.0,1.0,0.0,0.0,0.0,,,0,0,1.0,equivalent (±5pp),,
opus,edn-table-lines,json-compact,layout,track:mixed,135,1.0,1.0,0.0,0.0,0.0,0.0,0.0,0,0,1.0,equivalent (±5pp),equivalent (±5pp),
opus,edn-table-lines,json-compact,layout,shape:mixed,106,1.0,1.0,0.0,0.0,0.0,0.0,0.0,0,0,1.0,equivalent (±5pp),equivalent (±5pp),
opus,edn-table-lines,json-compact,layout,type:structure-awareness,20,1.0,1.0,0.0,0.0,0.0,,,0,0,1.0,equivalent (±5pp),,
opus,edn-table-lines,json-compact,layout,shape:nested-config,29,1.0,1.0,0.0,0.0,0.0,,,0,0,1.0,equivalent (±5pp),,
opus,edn-table-lines,json-compact,layout,informative,2,1.0,1.0,0.0,0.0,0.0,0.0,0.0,0,0,1.0,equivalent (±5pp),equivalent (±5pp),
pooled,edn-maps,json-compact,primary,overall,241,0.755,0.7541,0.001,-0.0097,0.0109,-0.0159,0.0143,7,8,1.0,equivalent (±5pp),equivalent (±5pp),1.0
pooled,edn-maps,json-compact,primary,track:flat,106,0.6493,0.6462,0.0031,-0.0178,0.0212,-0.06,0.0252,4,3,1.0,equivalent (±5pp),no detectable difference,
pooled,edn-maps,json-compact,primary,shape:structural-validation,5,0.4667,0.6,-0.1333,-0.4,0.0,,,0,1,1.0,no detectable difference,,
pooled,edn-maps,json-compact,primary,type:structural-validation,5,0.4667,0.6,-0.1333,-0.4,0.0,,,0,1,1.0,no detectable difference,,
pooled,edn-maps,json-compact,primary,shape:uniform-tables,101,0.6583,0.6485,0.0098,-0.0063,0.0256,-0.0171,0.0307,4,2,0.6875,equivalent (±5pp),equivalent (±5pp),
pooled,edn-maps,json-compact,primary,type:filtering,47,0.503,0.4892,0.0138,-0.0111,0.038,,,6,3,0.50781,equivalent (±5pp),,
pooled,edn-maps,json-compact,primary,overall-excl-structural,236,0.7611,0.7573,0.0038,-0.0054,0.0125,-0.0104,0.0171,7,7,1.0,equivalent (±5pp),equivalent (±5pp),
pooled,edn-maps,json-compact,primary,type:field-retrieval,90,0.9986,0.9972,0.0014,-0.0042,0.0083,,,0,0,1.0,equivalent (±5pp),,
pooled,edn-maps,json-compact,primary,type:aggregation,63,0.5619,0.5566,0.0052,-0.0155,0.0259,,,1,3,0.625,equivalent (±5pp),,
pooled,edn-maps,json-compact,primary,track:mixed,135,0.838,0.8387,-0.0007,-0.0108,0.0095,-0.0148,0.0124,3,5,0.72656,equivalent (±5pp),equivalent (±5pp),
pooled,edn-maps,json-compact,primary,shape:mixed,106,0.8,0.8051,-0.0051,-0.0179,0.0068,-0.019,0.0078,3,5,0.72656,equivalent (±5pp),equivalent (±5pp),
pooled,edn-maps,json-compact,primary,type:structure-awareness,36,0.8531,0.8588,-0.0057,-0.0385,0.0204,,,0,1,1.0,equivalent (±5pp),,
pooled,edn-maps,json-compact,primary,shape:nested-config,29,0.977,0.9617,0.0153,0.0038,0.0307,,,0,0,1.0,A better (within ±5pp),,
pooled,edn-maps,json-compact,primary,informative,118,0.5251,0.5231,0.002,-0.0201,0.0221,-0.0329,0.0308,7,8,1.0,equivalent (±5pp),equivalent (±5pp),
pooled,edn-table,toon,primary,overall,241,0.7578,0.7782,-0.0204,-0.0389,-0.0043,-0.0496,0.0001,8,16,0.15159,B better (within ±5pp),equivalent (±5pp),1.0
pooled,edn-table,toon,primary,track:flat,106,0.6494,0.6804,-0.0311,-0.0657,-0.0031,-0.1467,0.0062,4,10,0.17957,B better,no detectable difference,
pooled,edn-table,toon,primary,shape:structural-validation,5,0.6,1.0,-0.4,-0.8,0.0,,,0,2,0.5,no detectable difference,,
pooled,edn-table,toon,primary,type:structural-validation,5,0.6,1.0,-0.4,-0.8,0.0,,,0,2,0.5,no detectable difference,,
pooled,edn-table,toon,primary,shape:uniform-tables,101,0.6518,0.6646,-0.0128,-0.0316,0.0057,-0.0413,0.025,4,8,0.3877,equivalent (±5pp),equivalent (±5pp),
pooled,edn-table,toon,primary,type:filtering,47,0.4888,0.4902,-0.0014,-0.0359,0.0308,,,5,5,1.0,equivalent (±5pp),,
pooled,edn-table,toon,primary,overall-excl-structural,236,0.7611,0.7735,-0.0124,-0.026,0.0006,-0.0325,0.0067,8,14,0.28628,equivalent (±5pp),equivalent (±5pp),
pooled,edn-table,toon,primary,type:field-retrieval,90,0.9949,0.9909,0.004,-0.0022,0.0114,,,0,0,1.0,equivalent (±5pp),,
pooled,edn-table,toon,primary,type:aggregation,63,0.5672,0.5858,-0.0186,-0.0507,0.0101,,,3,7,0.34375,no detectable difference,,
pooled,edn-table,toon,primary,track:mixed,135,0.8429,0.855,-0.0121,-0.0315,0.0053,-0.0411,0.0073,4,6,0.75391,equivalent (±5pp),equivalent (±5pp),
pooled,edn-table,toon,primary,shape:mixed,106,0.8062,0.8237,-0.0175,-0.0419,0.0048,-0.0525,0.0047,4,6,0.75391,equivalent (±5pp),no detectable difference,
pooled,edn-table,toon,primary,type:structure-awareness,36,0.8713,0.9282,-0.0569,-0.1103,-0.0128,,,0,2,0.5,B better,,
pooled,edn-table,toon,primary,shape:nested-config,29,0.977,0.9693,0.0077,-0.0077,0.0268,,,0,0,1.0,equivalent (±5pp),,
pooled,edn-table,toon,primary,informative,118,0.5307,0.5724,-0.0418,-0.0786,-0.0092,-0.1035,0.0007,8,16,0.15159,B better,no detectable difference,
pooled,edn-table-primer,edn-table,primary,overall,241,0.7566,0.7578,-0.0011,-0.0099,0.0078,-0.0119,0.0096,7,8,1.0,equivalent (±5pp),equivalent (±5pp),1.0
pooled,edn-table-primer,edn-table,primary,track:flat,106,0.6499,0.6494,0.0005,-0.0127,0.0144,-0.0166,0.0185,3,3,1.0,equivalent (±5pp),equivalent (±5pp),
pooled,edn-table-primer,edn-table,primary,shape:structural-validation,5,0.6,0.6,0.0,0.0,0.0,,,0,0,1.0,equivalent (±5pp),,
pooled,edn-table-primer,edn-table,primary,type:structural-validation,5,0.6,0.6,0.0,0.0,0.0,,,0,0,1.0,equivalent (±5pp),,
pooled,edn-table-primer,edn-table,primary,shape:uniform-tables,101,0.6523,0.6518,0.0006,-0.0137,0.015,-0.0165,0.0181,3,3,1.0,equivalent (±5pp),equivalent (±5pp),
pooled,edn-table-primer,edn-table,primary,type:filtering,47,0.4805,0.4888,-0.0083,-0.0344,0.0175,,,2,4,0.6875,equivalent (±5pp),,
pooled,edn-table-primer,edn-table,primary,overall-excl-structural,236,0.76,0.7611,-0.0011,-0.0101,0.0082,-0.0119,0.0097,7,8,1.0,equivalent (±5pp),equivalent (±5pp),
pooled,edn-table-primer,edn-table,primary,type:field-retrieval,90,0.9935,0.9949,-0.0014,-0.0042,0.0,,,0,0,1.0,equivalent (±5pp),,
pooled,edn-table-primer,edn-table,primary,type:aggregation,63,0.5595,0.5672,-0.0077,-0.0282,0.0111,,,4,4,1.0,equivalent (±5pp),,
pooled,edn-table-primer,edn-table,primary,track:mixed,135,0.8405,0.8429,-0.0024,-0.0142,0.0096,-0.0155,0.0113,4,5,1.0,equivalent (±5pp),equivalent (±5pp),
pooled,edn-table-primer,edn-table,primary,shape:mixed,106,0.8062,0.8062,0.0001,-0.0136,0.0147,-0.0153,0.0151,4,4,1.0,equivalent (±5pp),equivalent (±5pp),
pooled,edn-table-primer,edn-table,primary,type:structure-awareness,36,0.8916,0.8713,0.0203,-0.0119,0.0578,,,1,0,1.0,no detectable difference,,
pooled,edn-table-primer,edn-table,primary,shape:nested-config,29,0.9655,0.977,-0.0115,-0.0383,0.0077,,,0,1,1.0,equivalent (±5pp),,
pooled,edn-table-primer,edn-table,primary,informative,118,0.5284,0.5307,-0.0023,-0.0208,0.0164,-0.0264,0.0188,7,8,1.0,equivalent (±5pp),equivalent (±5pp),
pooled,edn-table-primer,toon,primary,overall,241,0.7566,0.7782,-0.0216,-0.0393,-0.0054,-0.0514,-0.0027,7,16,0.09314,B better (within ±5pp),B better,1.0
pooled,edn-table-primer,toon,primary,track:flat,106,0.6499,0.6804,-0.0306,-0.0661,-0.0013,-0.1532,0.0056,5,11,0.21011,B better,no detectable difference,
pooled,edn-table-primer,toon,primary,shape:structural-validation,5,0.6,1.0,-0.4,-0.8,0.0,,,0,2,0.5,no detectable difference,,
pooled,edn-table-primer,toon,primary,type:structural-validation,5,0.6,1.0,-0.4,-0.8,0.0,,,0,2,0.5,no detectable difference,,
pooled,edn-table-primer,toon,primary,shape:uniform-tables,101,0.6523,0.6646,-0.0123,-0.0341,0.0077,-0.0474,0.0218,5,9,0.42395,equivalent (±5pp),equivalent (±5pp),
pooled,edn-table-primer,toon,primary,type:filtering,47,0.4805,0.4902,-0.0097,-0.0458,0.0247,,,4,6,0.75391,equivalent (±5pp),,
pooled,edn-table-primer,toon,primary,overall-excl-structural,236,0.76,0.7735,-0.0135,-0.0268,-0.0007,-0.0341,0.0035,7,14,0.18925,B better (within ±5pp),equivalent (±5pp),
pooled,edn-table-primer,toon,primary,type:field-retrieval,90,0.9935,0.9909,0.0026,-0.0025,0.0091,,,0,0,1.0,equivalent (±5pp),,
pooled,edn-table-primer,toon,primary,type:aggregation,63,0.5595,0.5858,-0.0263,-0.061,0.0043,,,3,7,0.34375,no detectable difference,,
pooled,edn-table-primer,toon,primary,track:mixed,135,0.8405,0.855,-0.0145,-0.0321,0.0011,-0.0411,0.003,2,5,0.45312,equivalent (±5pp),equivalent (±5pp),
pooled,edn-table-primer,toon,primary,shape:mixed,106,0.8062,0.8237,-0.0174,-0.039,0.0014,-0.0485,0.0041,2,4,0.6875,equivalent (±5pp),equivalent (±5pp),
pooled,edn-table-primer,toon,primary,type:structure-awareness,36,0.8916,0.9282,-0.0367,-0.0807,-0.0009,,,0,1,1.0,B better,,
pooled,edn-table-primer,toon,primary,shape:nested-config,29,0.9655,0.9693,-0.0038,-0.0268,0.0192,,,0,1,1.0,equivalent (±5pp),,
pooled,edn-table-primer,toon,primary,informative,118,0.5284,0.5724,-0.044,-0.0804,-0.0118,-0.1093,-0.005,7,16,0.09314,B better,B better,
pooled,edn-table-primer,json-compact,primary,overall,241,0.7566,0.7541,0.0026,-0.0085,0.0136,-0.0131,0.0179,8,7,1.0,equivalent (±5pp),equivalent (±5pp),1.0
pooled,edn-table-primer,json-compact,primary,track:flat,106,0.6499,0.6462,0.0037,-0.0182,0.0249,-0.0314,0.0391,4,2,0.6875,equivalent (±5pp),equivalent (±5pp),
pooled,edn-table-primer,json-compact,primary,shape:structural-validation,5,0.6,0.6,0.0,0.0,0.0,,,0,0,1.0,equivalent (±5pp),,
pooled,edn-table-primer,json-compact,primary,type:structural-validation,5,0.6,0.6,0.0,0.0,0.0,,,0,0,1.0,equivalent (±5pp),,
pooled,edn-table-primer,json-compact,primary,shape:uniform-tables,101,0.6523,0.6485,0.0038,-0.0189,0.0259,-0.0298,0.0384,4,2,0.6875,equivalent (±5pp),equivalent (±5pp),
pooled,edn-table-primer,json-compact,primary,type:filtering,47,0.4805,0.4892,-0.0087,-0.0366,0.0206,,,5,4,1.0,equivalent (±5pp),,
pooled,edn-table-primer,json-compact,primary,overall-excl-structural,236,0.76,0.7573,0.0026,-0.0087,0.0142,-0.0129,0.0181,8,7,1.0,equivalent (±5pp),equivalent (±5pp),
pooled,edn-table-primer,json-compact,primary,type:field-retrieval,90,0.9935,0.9972,-0.0037,-0.0111,0.0028,,,0,0,1.0,equivalent (±5pp),,
pooled,edn-table-primer,json-compact,primary,type:aggregation,63,0.5595,0.5566,0.0029,-0.0246,0.0261,,,3,3,1.0,equivalent (±5pp),,
pooled,edn-table-primer,json-compact,primary,track:mixed,135,0.8405,0.8387,0.0017,-0.0092,0.0125,-0.0094,0.0126,4,5,1.0,equivalent (±5pp),equivalent (±5pp),
pooled,edn-table-primer,json-compact,primary,shape:mixed,106,0.8062,0.8051,0.0012,-0.0115,0.0145,-0.0122,0.0149,4,4,1.0,equivalent (±5pp),equivalent (±5pp),
pooled,edn-table-primer,json-compact,primary,type:structure-awareness,36,0.8916,0.8588,0.0328,-0.0079,0.0762,,,0,0,1.0,no detectable difference,,
pooled,edn-table-primer,json-compact,primary,shape:nested-config,29,0.9655,0.9617,0.0038,-0.0077,0.0153,,,0,1,1.0,equivalent (±5pp),,
pooled,edn-table-primer,json-compact,primary,informative,118,0.5284,0.5231,0.0053,-0.0174,0.0277,-0.0269,0.0368,8,7,1.0,equivalent (±5pp),equivalent (±5pp),
pooled,edn-maps,toon,primary,overall,241,0.755,0.7782,-0.0232,-0.0421,-0.0057,-0.0591,-0.003,5,16,0.0266,B better (within ±5pp),B better,0.6118
pooled,edn-maps,toon,primary,track:flat,106,0.6493,0.6804,-0.0311,-0.0689,0.0015,-0.1785,0.0018,3,10,0.09229,no detectable difference,no detectable difference,
pooled,edn-maps,toon,primary,shape:structural-validation,5,0.4667,1.0,-0.5333,-0.9333,-0.1333,,,0,3,0.25,B better,,
pooled,edn-maps,toon,primary,type:structural-validation,5,0.4667,1.0,-0.5333,-0.9333,-0.1333,,,0,3,0.25,B better,,
pooled,edn-maps,toon,primary,shape:uniform-tables,101,0.6583,0.6646,-0.0063,-0.0286,0.0144,-0.0399,0.0181,3,7,0.34375,equivalent (±5pp),equivalent (±5pp),
pooled,edn-maps,toon,primary,type:filtering,47,0.503,0.4902,0.0127,-0.0175,0.0419,,,4,4,1.0,equivalent (±5pp),,
pooled,edn-maps,toon,primary,overall-excl-structural,236,0.7611,0.7735,-0.0124,-0.0263,0.0008,-0.0345,0.0051,5,13,0.09625,equivalent (±5pp),equivalent (±5pp),
pooled,edn-maps,toon,primary,type:field-retrieval,90,0.9986,0.9909,0.0077,0.0014,0.0162,,,0,0,1.0,A better (within ±5pp),,
pooled,edn-maps,toon,primary,type:aggregation,63,0.5619,0.5858,-0.024,-0.0547,0.0034,,,1,7,0.07031,no detectable difference,,
pooled,edn-maps,toon,primary,track:mixed,135,0.838,0.855,-0.0169,-0.0354,-0.0008,-0.0485,0.004,2,6,0.28906,B better (within ±5pp),equivalent (±5pp),
pooled,edn-maps,toon,primary,shape:mixed,106,0.8,0.8237,-0.0237,-0.0466,-0.0036,-0.0594,-0.0007,2,6,0.28906,B better (within ±5pp),B better,
pooled,edn-maps,toon,primary,type:structure-awareness,36,0.8531,0.9282,-0.0752,-0.1338,-0.0262,,,0,2,0.5,B better,,
pooled,edn-maps,toon,primary,shape:nested-config,29,0.977,0.9693,0.0077,-0.0077,0.0268,,,0,0,1.0,equivalent (±5pp),,
pooled,edn-maps,toon,primary,informative,118,0.5251,0.5724,-0.0474,-0.0859,-0.0122,-0.119,-0.0075,5,16,0.0266,B better,B better,
pooled,toon,json-compact,extra,overall,241,0.7782,0.7541,0.0241,0.0076,0.042,0.0074,0.052,17,7,0.06391,A better (within ±5pp),A better,
pooled,toon,json-compact,extra,track:flat,106,0.6804,0.6462,0.0342,0.0063,0.0681,0.0075,0.1536,10,2,0.03857,A better,A better,
pooled,toon,json-compact,extra,shape:structural-validation,5,1.0,0.6,0.4,0.0,0.8,,,2,0,0.5,no detectable difference,,
pooled,toon,json-compact,extra,type:structural-validation,5,1.0,0.6,0.4,0.0,0.8,,,2,0,0.5,no detectable difference,,
pooled,toon,json-compact,extra,shape:uniform-tables,101,0.6646,0.6485,0.0161,-0.0025,0.0352,-0.0026,0.0356,8,2,0.10938,equivalent (±5pp),equivalent (±5pp),
pooled,toon,json-compact,extra,type:filtering,47,0.4902,0.4892,0.0011,-0.0335,0.0361,,,7,4,0.54883,equivalent (±5pp),,
pooled,toon,json-compact,extra,overall-excl-structural,236,0.7735,0.7573,0.0162,0.0035,0.0299,0.0025,0.0337,15,7,0.1338,A better (within ±5pp),A better (within ±5pp),
pooled,toon,json-compact,extra,type:field-retrieval,90,0.9909,0.9972,-0.0063,-0.0151,0.0014,,,0,0,1.0,equivalent (±5pp),,
pooled,toon,json-compact,extra,type:aggregation,63,0.5858,0.5566,0.0292,0.0058,0.0559,,,7,3,0.34375,A better,,
pooled,toon,json-compact,extra,track:mixed,135,0.855,0.8387,0.0162,-0.0007,0.0353,-0.0014,0.0439,7,5,0.77441,equivalent (±5pp),equivalent (±5pp),
pooled,toon,json-compact,extra,shape:mixed,106,0.8237,0.8051,0.0186,-0.0024,0.0417,-0.0031,0.0533,7,5,0.77441,equivalent (±5pp),no detectable difference,
pooled,toon,json-compact,extra,type:structure-awareness,36,0.9282,0.8588,0.0694,0.0216,0.1243,,,1,0,1.0,A better,,
pooled,toon,json-compact,extra,shape:nested-config,29,0.9693,0.9617,0.0077,-0.0153,0.0307,,,0,0,1.0,equivalent (±5pp),,
pooled,toon,json-compact,extra,informative,118,0.5724,0.5231,0.0493,0.0165,0.0844,0.0175,0.1101,17,7,0.06391,A better,A better,
pooled,edn-table,json-compact,extra,overall,241,0.7578,0.7541,0.0037,-0.0071,0.0149,-0.0111,0.02,10,8,0.81453,equivalent (±5pp),equivalent (±5pp),
pooled,edn-table,json-compact,extra,track:flat,106,0.6494,0.6462,0.0031,-0.0162,0.0236,-0.0257,0.0423,4,2,0.6875,equivalent (±5pp),equivalent (±5pp),
pooled,edn-table,json-compact,extra,shape:structural-validation,5,0.6,0.6,0.0,0.0,0.0,,,0,0,1.0,equivalent (±5pp),,
pooled,edn-table,json-compact,extra,type:structural-validation,5,0.6,0.6,0.0,0.0,0.0,,,0,0,1.0,equivalent (±5pp),,
pooled,edn-table,json-compact,extra,shape:uniform-tables,101,0.6518,0.6485,0.0033,-0.0171,0.0247,-0.0241,0.0404,4,2,0.6875,equivalent (±5pp),equivalent (±5pp),
pooled,edn-table,json-compact,extra,type:filtering,47,0.4888,0.4892,-0.0004,-0.0306,0.0306,,,8,5,0.58105,equivalent (±5pp),,
pooled,edn-table,json-compact,extra,overall-excl-structural,236,0.7611,0.7573,0.0038,-0.0074,0.0149,-0.0109,0.0206,10,8,0.81453,equivalent (±5pp),equivalent (±5pp),
pooled,edn-table,json-compact,extra,type:field-retrieval,90,0.9949,0.9972,-0.0023,-0.0086,0.0029,,,0,0,1.0,equivalent (±5pp),,
pooled,edn-table,json-compact,extra,type:aggregation,63,0.5672,0.5566,0.0106,-0.0096,0.0306,,,2,2,1.0,equivalent (±5pp),,
pooled,edn-table,json-compact,extra,track:mixed,135,0.8429,0.8387,0.0042,-0.008,0.0166,-0.0095,0.0172,6,6,1.0,equivalent (±5pp),equivalent (±5pp),
pooled,edn-table,json-compact,extra,shape:mixed,106,0.8062,0.8051,0.0011,-0.013,0.0152,-0.0141,0.0155,6,6,1.0,equivalent (±5pp),equivalent (±5pp),
pooled,edn-table,json-compact,extra,type:structure-awareness,36,0.8713,0.8588,0.0125,-0.0345,0.0619,,,0,1,1.0,no detectable difference,,
pooled,edn-table,json-compact,extra,shape:nested-config,29,0.977,0.9617,0.0153,-0.0038,0.0383,,,0,0,1.0,equivalent (±5pp),,
pooled,edn-table,json-compact,extra,informative,118,0.5307,0.5231,0.0076,-0.0143,0.0302,-0.0211,0.0439,10,8,0.81453,equivalent (±5pp),equivalent (±5pp),
pooled,edn-table,edn-maps,extra,overall,241,0.7578,0.755,0.0027,-0.0087,0.0149,-0.0129,0.0218,9,6,0.60724,equivalent (±5pp),equivalent (±5pp),
pooled,edn-table,edn-maps,extra,track:flat,106,0.6494,0.6493,0.0001,-0.0219,0.0246,-0.0265,0.0697,5,4,1.0,equivalent (±5pp),no detectable difference,
pooled,edn-table,edn-maps,extra,shape:structural-validation,5,0.6,0.4667,0.1333,0.0,0.4,,,1,0,1.0,no detectable difference,,
pooled,edn-table,edn-maps,extra,type:structural-validation,5,0.6,0.4667,0.1333,0.0,0.4,,,1,0,1.0,no detectable difference,,
pooled,edn-table,edn-maps,extra,shape:uniform-tables,101,0.6518,0.6583,-0.0065,-0.0268,0.0141,-0.0317,0.0255,4,4,1.0,equivalent (±5pp),equivalent (±5pp),
pooled,edn-table,edn-maps,extra,type:filtering,47,0.4888,0.503,-0.0142,-0.0392,0.0106,,,4,4,1.0,equivalent (±5pp),,
pooled,edn-table,edn-maps,extra,overall-excl-structural,236,0.7611,0.7611,-0.0,-0.0106,0.0108,-0.0155,0.015,8,6,0.79053,equivalent (±5pp),equivalent (±5pp),
pooled,edn-table,edn-maps,extra,type:field-retrieval,90,0.9949,0.9986,-0.0037,-0.0111,0.0019,,,0,0,1.0,equivalent (±5pp),,
pooled,edn-table,edn-maps,extra,type:aggregation,63,0.5672,0.5619,0.0054,-0.014,0.0249,,,3,1,0.625,equivalent (±5pp),,
pooled,edn-table,edn-maps,extra,track:mixed,135,0.8429,0.838,0.0049,-0.0058,0.0154,-0.0096,0.0178,4,2,0.6875,equivalent (±5pp),equivalent (±5pp),
pooled,edn-table,edn-maps,extra,shape:mixed,106,0.8062,0.8,0.0062,-0.0068,0.0187,-0.0106,0.0214,4,2,0.6875,equivalent (±5pp),equivalent (±5pp),
pooled,edn-table,edn-maps,extra,type:structure-awareness,36,0.8713,0.8531,0.0182,-0.0283,0.0674,,,1,1,1.0,no detectable difference,,
pooled,edn-table,edn-maps,extra,shape:nested-config,29,0.977,0.977,-0.0,-0.0153,0.0192,,,0,0,1.0,equivalent (±5pp),,
pooled,edn-table,edn-maps,extra,informative,118,0.5307,0.5251,0.0056,-0.0182,0.0298,-0.0267,0.0434,9,6,0.60724,equivalent (±5pp),equivalent (±5pp),
pooled,csv,toon,extra,overall,106,0.6647,0.6804,-0.0158,-0.0443,0.0092,-0.1002,0.0123,2,9,0.06543,equivalent (±5pp),no detectable difference,
pooled,csv,toon,extra,track:flat,106,0.6647,0.6804,-0.0158,-0.0445,0.0093,-0.0989,0.012,2,9,0.06543,equivalent (±5pp),no detectable difference,
pooled,csv,toon,extra,shape:structural-validation,5,0.8,1.0,-0.2,-0.6,0.0,,,0,1,1.0,no detectable difference,,
pooled,csv,toon,extra,type:structural-validation,5,0.8,1.0,-0.2,-0.6,0.0,,,0,1,1.0,no detectable difference,,
pooled,csv,toon,extra,shape:uniform-tables,101,0.658,0.6646,-0.0066,-0.0282,0.0141,-0.033,0.0176,2,8,0.10938,equivalent (±5pp),equivalent (±5pp),
pooled,csv,toon,extra,type:filtering,26,0.4065,0.4095,-0.003,-0.0568,0.0526,,,2,4,0.6875,no detectable difference,,
pooled,csv,toon,extra,overall-excl-structural,101,0.658,0.6646,-0.0066,-0.0283,0.0143,-0.033,0.0185,2,8,0.10938,equivalent (±5pp),equivalent (±5pp),
pooled,csv,toon,extra,type:field-retrieval,30,0.9963,0.981,0.0153,-0.0037,0.0407,,,0,0,1.0,equivalent (±5pp),,
pooled,csv,toon,extra,type:aggregation,29,0.4263,0.4615,-0.0352,-0.0834,0.0083,,,0,4,0.125,no detectable difference,,
pooled,csv,toon,extra,type:structure-awareness,16,0.8522,0.8542,-0.002,-0.0268,0.0208,,,0,0,1.0,equivalent (±5pp),,
pooled,csv,toon,extra,informative,66,0.5237,0.5322,-0.0085,-0.0421,0.0227,-0.0505,0.0308,2,8,0.10938,equivalent (±5pp),no detectable difference,
pooled,csv,edn-table,extra,overall,106,0.6647,0.6494,0.0153,-0.0205,0.0526,-0.0362,0.1139,4,5,1.0,no detectable difference,no detectable difference,
pooled,csv,edn-table,extra,track:flat,106,0.6647,0.6494,0.0153,-0.0203,0.0527,-0.0363,0.1071,4,5,1.0,no detectable difference,no detectable difference,
pooled,csv,edn-table,extra,shape:structural-validation,5,0.8,0.6,0.2,-0.4,0.8,,,2,1,1.0,no detectable difference,,
pooled,csv,edn-table,extra,type:structural-validation,5,0.8,0.6,0.2,-0.4,0.8,,,2,1,1.0,no detectable difference,,
pooled,csv,edn-table,extra,shape:uniform-tables,101,0.658,0.6518,0.0062,-0.0125,0.0245,-0.0235,0.0289,2,4,0.6875,equivalent (±5pp),equivalent (±5pp),
pooled,csv,edn-table,extra,type:filtering,26,0.4065,0.3889,0.0176,-0.0233,0.0616,,,2,3,1.0,no detectable difference,,
pooled,csv,edn-table,extra,overall-excl-structural,101,0.658,0.6518,0.0062,-0.0123,0.0246,-0.0228,0.0294,2,4,0.6875,equivalent (±5pp),equivalent (±5pp),
pooled,csv,edn-table,extra,type:field-retrieval,30,0.9963,0.9889,0.0074,-0.0074,0.0259,,,0,0,1.0,equivalent (±5pp),,
pooled,csv,edn-table,extra,type:aggregation,29,0.4263,0.4397,-0.0134,-0.0567,0.0186,,,0,1,1.0,no detectable difference,,
pooled,csv,edn-table,extra,type:structure-awareness,16,0.8522,0.8313,0.0208,-0.0139,0.0694,,,0,0,1.0,no detectable difference,,
pooled,csv,edn-table,extra,informative,66,0.5237,0.4823,0.0415,-0.0035,0.0958,-0.0108,0.1923,4,4,1.0,no detectable difference,no detectable difference,
pooled,csv,json-compact,extra,overall,106,0.6647,0.6462,0.0185,-0.0175,0.0557,-0.0304,0.1192,3,2,1.0,no detectable difference,no detectable difference,
pooled,csv,json-compact,extra,track:flat,106,0.6647,0.6462,0.0185,-0.0176,0.0582,-0.0286,0.125,3,2,1.0,no detectable difference,no detectable difference,
pooled,csv,json-compact,extra,shape:structural-validation,5,0.8,0.6,0.2,-0.4,0.8,,,2,1,1.0,no detectable difference,,
pooled,csv,json-compact,extra,type:structural-validation,5,0.8,0.6,0.2,-0.4,0.8,,,2,1,1.0,no detectable difference,,
pooled,csv,json-compact,extra,shape:uniform-tables,101,0.658,0.6485,0.0095,-0.0104,0.0297,-0.0143,0.0334,1,1,1.0,equivalent (±5pp),equivalent (±5pp),
pooled,csv,json-compact,extra,type:filtering,26,0.4065,0.404,0.0025,-0.0334,0.0415,,,1,1,1.0,equivalent (±5pp),,
pooled,csv,json-compact,extra,overall-excl-structural,101,0.658,0.6485,0.0095,-0.0103,0.0299,-0.0148,0.0337,1,1,1.0,equivalent (±5pp),equivalent (±5pp),
pooled,csv,json-compact,extra,type:field-retrieval,30,0.9963,1.0,-0.0037,-0.0111,0.0,,,0,0,1.0,equivalent (±5pp),,
pooled,csv,json-compact,extra,type:aggregation,29,0.4263,0.4275,-0.0012,-0.0469,0.0391,,,0,0,1.0,equivalent (±5pp),,
pooled,csv,json-compact,extra,type:structure-awareness,16,0.8522,0.7873,0.0649,0.001,0.138,,,0,0,1.0,A better,,
pooled,csv,json-compact,extra,informative,66,0.5237,0.4773,0.0465,0.0001,0.1017,-0.0009,0.2198,3,1,0.625,A better,no detectable difference,
pooled,edn-table-lines,edn-table,layout,overall,135,0.8408,0.8429,-0.002,-0.0139,0.0107,-0.0157,0.0116,5,2,0.45312,equivalent (±5pp),equivalent (±5pp),
pooled,edn-table-lines,edn-table,layout,type:filtering,21,0.594,0.6125,-0.0185,-0.0663,0.0304,,,1,2,1.0,no detectable difference,,
pooled,edn-table-lines,edn-table,layout,overall-excl-structural,135,0.8408,0.8429,-0.002,-0.0141,0.0106,-0.0155,0.0116,5,2,0.45312,equivalent (±5pp),equivalent (±5pp),
pooled,edn-table-lines,edn-table,layout,type:field-retrieval,60,0.9958,0.9979,-0.0021,-0.0063,0.0,,,0,0,1.0,equivalent (±5pp),,
pooled,edn-table-lines,edn-table,layout,type:aggregation,34,0.6769,0.676,0.0009,-0.0229,0.0242,,,3,0,0.25,equivalent (±5pp),,
pooled,edn-table-lines,edn-table,layout,track:mixed,135,0.8408,0.8429,-0.002,-0.014,0.0108,-0.0152,0.0118,5,2,0.45312,equivalent (±5pp),equivalent (±5pp),
pooled,edn-table-lines,edn-table,layout,shape:mixed,106,0.8067,0.8062,0.0005,-0.0137,0.0158,-0.015,0.0159,5,2,0.45312,equivalent (±5pp),equivalent (±5pp),
pooled,edn-table-lines,edn-table,layout,type:structure-awareness,20,0.9136,0.9033,0.0103,-0.0333,0.0643,,,1,0,1.0,no detectable difference,,
pooled,edn-table-lines,edn-table,layout,shape:nested-config,29,0.9655,0.977,-0.0115,-0.0345,0.0077,,,0,0,1.0,equivalent (±5pp),,
pooled,edn-table-lines,edn-table,layout,informative,52,0.5868,0.5921,-0.0053,-0.0358,0.0273,-0.0595,0.028,5,2,0.45312,equivalent (±5pp),no detectable difference,
pooled,edn-table-lines,toon,layout,overall,135,0.8408,0.855,-0.0141,-0.0309,0.0011,-0.0409,0.0033,3,2,1.0,equivalent (±5pp),equivalent (±5pp),
pooled,edn-table-lines,toon,layout,type:filtering,21,0.594,0.5902,0.0038,-0.0219,0.0278,,,0,0,1.0,equivalent (±5pp),,
pooled,edn-table-lines,toon,layout,overall-excl-structural,135,0.8408,0.855,-0.0141,-0.031,0.0011,-0.0404,0.0037,3,2,1.0,equivalent (±5pp),equivalent (±5pp),
pooled,edn-table-lines,toon,layout,type:field-retrieval,60,0.9958,0.9958,0.0,-0.0063,0.0063,,,0,0,1.0,equivalent (±5pp),,
pooled,edn-table-lines,toon,layout,type:aggregation,34,0.6769,0.6919,-0.0149,-0.0616,0.0233,,,3,1,0.625,no detectable difference,,
pooled,edn-table-lines,toon,layout,track:mixed,135,0.8408,0.855,-0.0141,-0.0312,0.0005,-0.0412,0.0034,3,2,1.0,equivalent (±5pp),equivalent (±5pp),
pooled,edn-table-lines,toon,layout,shape:mixed,106,0.8067,0.8237,-0.0169,-0.0375,0.0011,-0.0499,0.0035,3,2,1.0,equivalent (±5pp),equivalent (±5pp),
pooled,edn-table-lines,toon,layout,type:structure-awareness,20,0.9136,0.9875,-0.0739,-0.147,-0.0146,,,0,1,1.0,B better,,
pooled,edn-table-lines,toon,layout,shape:nested-config,29,0.9655,0.9693,-0.0038,-0.0268,0.0192,,,0,0,1.0,equivalent (±5pp),,
pooled,edn-table-lines,toon,layout,informative,52,0.5868,0.6234,-0.0367,-0.0791,0.0023,-0.1181,0.0078,3,2,1.0,no detectable difference,no detectable difference,
pooled,edn-table-lines,json-compact,layout,overall,135,0.8408,0.8387,0.0021,-0.009,0.0137,-0.0102,0.0144,5,2,0.45312,equivalent (±5pp),equivalent (±5pp),
pooled,edn-table-lines,json-compact,layout,type:filtering,21,0.594,0.5947,-0.0007,-0.0569,0.0589,,,3,2,1.0,no detectable difference,,
pooled,edn-table-lines,json-compact,layout,overall-excl-structural,135,0.8408,0.8387,0.0021,-0.0088,0.0137,-0.0102,0.014,5,2,0.45312,equivalent (±5pp),equivalent (±5pp),
pooled,edn-table-lines,json-compact,layout,type:field-retrieval,60,0.9958,0.9958,0.0,0.0,0.0,,,0,0,1.0,equivalent (±5pp),,
pooled,edn-table-lines,json-compact,layout,type:aggregation,34,0.6769,0.6667,0.0102,-0.0069,0.0278,,,2,0,0.5,equivalent (±5pp),,
pooled,edn-table-lines,json-compact,layout,track:mixed,135,0.8408,0.8387,0.0021,-0.0092,0.0137,-0.0104,0.0142,5,2,0.45312,equivalent (±5pp),equivalent (±5pp),
pooled,edn-table-lines,json-compact,layout,shape:mixed,106,0.8067,0.8051,0.0016,-0.0119,0.0161,-0.0133,0.0163,5,2,0.45312,equivalent (±5pp),equivalent (±5pp),
pooled,edn-table-lines,json-compact,layout,type:structure-awareness,20,0.9136,0.916,-0.0024,-0.0389,0.0373,,,0,0,1.0,equivalent (±5pp),,
pooled,edn-table-lines,json-compact,layout,shape:nested-config,29,0.9655,0.9617,0.0038,0.0,0.0115,,,0,0,1.0,equivalent (±5pp),,
pooled,edn-table-lines,json-compact,layout,informative,52,0.5868,0.5813,0.0055,-0.0235,0.0356,-0.0353,0.0343,5,2,0.45312,equivalent (±5pp),equivalent (±5pp),
pooled-nr,edn-maps,json-compact,primary,overall,241,0.6254,0.6257,-0.0003,-0.0173,0.0154,-0.0278,0.0216,2,3,1.0,equivalent (±5pp),equivalent (±5pp),
pooled-nr,edn-maps,json-compact,primary,track:flat,106,0.4766,0.4748,0.0017,-0.0314,0.0305,-0.1014,0.0378,1,3,0.625,equivalent (±5pp),no detectable difference,
pooled-nr,edn-maps,json-compact,primary,shape:structural-validation,5,0.4,0.6,-0.2,-0.6,0.0,,,0,1,1.0,no detectable difference,,
pooled-nr,edn-maps,json-compact,primary,type:structural-validation,5,0.4,0.6,-0.2,-0.6,0.0,,,0,1,1.0,no detectable difference,,
pooled-nr,edn-maps,json-compact,primary,shape:uniform-tables,101,0.4804,0.4686,0.0117,-0.015,0.0365,-0.0349,0.0447,1,2,1.0,equivalent (±5pp),equivalent (±5pp),
pooled-nr,edn-maps,json-compact,primary,type:filtering,47,0.2145,0.1908,0.0238,-0.0156,0.0621,,,0,0,1.0,no detectable difference,,
pooled-nr,edn-maps,json-compact,primary,overall-excl-structural,236,0.6302,0.6262,0.004,-0.0105,0.018,-0.0194,0.025,2,2,1.0,equivalent (±5pp),equivalent (±5pp),
pooled-nr,edn-maps,json-compact,primary,type:field-retrieval,90,0.9978,0.9956,0.0022,-0.0067,0.0133,,,0,0,1.0,equivalent (±5pp),,
pooled-nr,edn-maps,json-compact,primary,type:aggregation,63,0.3206,0.3201,0.0005,-0.0323,0.0317,,,0,1,1.0,equivalent (±5pp),,
pooled-nr,edn-maps,json-compact,primary,track:mixed,135,0.7422,0.7441,-0.0019,-0.0185,0.0143,-0.0242,0.0187,1,0,1.0,equivalent (±5pp),equivalent (±5pp),
pooled-nr,edn-maps,json-compact,primary,shape:mixed,106,0.6811,0.6898,-0.0086,-0.0281,0.011,-0.0318,0.012,1,0,1.0,equivalent (±5pp),equivalent (±5pp),
pooled-nr,edn-maps,json-compact,primary,type:structure-awareness,36,0.7954,0.8069,-0.0116,-0.0657,0.0343,,,2,1,1.0,no detectable difference,,
pooled-nr,edn-maps,json-compact,primary,shape:nested-config,29,0.9655,0.9425,0.023,0.0057,0.046,,,0,0,1.0,A better (within ±5pp),,
pooled-nr,edn-maps,json-compact,primary,informative,88,0.3491,0.3498,-0.0008,-0.0477,0.0417,-0.0775,0.0598,2,3,1.0,equivalent (±5pp),no detectable difference,
pooled-nr,edn-table,toon,primary,overall,241,0.6337,0.6591,-0.0254,-0.05,-0.0026,-0.0657,0.0049,1,9,0.02148,B better (within ±5pp),no detectable difference,
pooled-nr,edn-table,toon,primary,track:flat,106,0.4836,0.5165,-0.0329,-0.0717,0.0009,-0.1562,0.0197,0,4,0.125,no detectable difference,no detectable difference,
pooled-nr,edn-table,toon,primary,shape:structural-validation,5,0.6,1.0,-0.4,-0.8,0.0,,,0,2,0.5,no detectable difference,,
pooled-nr,edn-table,toon,primary,type:structural-validation,5,0.6,1.0,-0.4,-0.8,0.0,,,0,2,0.5,no detectable difference,,
pooled-nr,edn-table,toon,primary,shape:uniform-tables,101,0.4779,0.4926,-0.0147,-0.0419,0.0112,-0.0551,0.0412,0,2,0.5,equivalent (±5pp),no detectable difference,
pooled-nr,edn-table,toon,primary,type:filtering,47,0.2039,0.1979,0.006,-0.044,0.0546,,,1,1,1.0,no detectable difference,,
pooled-nr,edn-table,toon,primary,overall-excl-structural,236,0.6344,0.6518,-0.0174,-0.0388,0.003,-0.0517,0.0126,1,7,0.07031,equivalent (±5pp),no detectable difference,
pooled-nr,edn-table,toon,primary,type:field-retrieval,90,0.9922,0.9859,0.0063,-0.0019,0.0174,,,0,0,1.0,equivalent (±5pp),,
pooled-nr,edn-table,toon,primary,type:aggregation,63,0.3352,0.3603,-0.0251,-0.0759,0.0188,,,0,2,0.5,no detectable difference,,
pooled-nr,edn-table,toon,primary,track:mixed,135,0.7515,0.771,-0.0195,-0.0533,0.0101,-0.0705,0.0126,1,5,0.21875,no detectable difference,no detectable difference,
pooled-nr,edn-table,toon,primary,shape:mixed,106,0.6929,0.7209,-0.028,-0.07,0.0079,-0.0925,0.0099,1,5,0.21875,no detectable difference,no detectable difference,
pooled-nr,edn-table,toon,primary,type:structure-awareness,36,0.8255,0.9194,-0.094,-0.1829,-0.0213,,,0,4,0.125,B better,,
pooled-nr,edn-table,toon,primary,shape:nested-config,29,0.9655,0.954,0.0115,-0.0115,0.0402,,,0,0,1.0,equivalent (±5pp),,
pooled-nr,edn-table,toon,primary,informative,88,0.3718,0.4413,-0.0695,-0.1364,-0.0074,-0.1742,0.0117,1,9,0.02148,B better,no detectable difference,
pooled-nr,edn-table-primer,edn-table,primary,overall,241,0.6315,0.6337,-0.0022,-0.0159,0.012,-0.0197,0.0156,3,1,0.625,equivalent (±5pp),equivalent (±5pp),
pooled-nr,edn-table-primer,edn-table,primary,track:flat,106,0.4796,0.4836,-0.0041,-0.0242,0.0157,-0.0314,0.0257,1,1,1.0,equivalent (±5pp),equivalent (±5pp),
pooled-nr,edn-table-primer,edn-table,primary,shape:structural-validation,5,0.6,0.6,0.0,0.0,0.0,,,0,0,1.0,equivalent (±5pp),,
pooled-nr,edn-table-primer,edn-table,primary,type:structural-validation,5,0.6,0.6,0.0,0.0,0.0,,,0,0,1.0,equivalent (±5pp),,
pooled-nr,edn-table-primer,edn-table,primary,shape:uniform-tables,101,0.4736,0.4779,-0.0043,-0.0252,0.0175,-0.0324,0.0243,1,1,1.0,equivalent (±5pp),equivalent (±5pp),
pooled-nr,edn-table-primer,edn-table,primary,type:filtering,47,0.1894,0.2039,-0.0145,-0.0528,0.022,,,0,0,1.0,no detectable difference,,
pooled-nr,edn-table-primer,edn-table,primary,overall-excl-structural,236,0.6321,0.6344,-0.0023,-0.0163,0.0119,-0.0196,0.0149,3,1,0.625,equivalent (±5pp),equivalent (±5pp),
pooled-nr,edn-table-primer,edn-table,primary,type:field-retrieval,90,0.99,0.9922,-0.0022,-0.0067,0.0,,,0,0,1.0,equivalent (±5pp),,
pooled-nr,edn-table-primer,edn-table,primary,type:aggregation,63,0.3222,0.3352,-0.013,-0.0429,0.0143,,,0,0,1.0,equivalent (±5pp),,
pooled-nr,edn-table-primer,edn-table,primary,track:mixed,135,0.7507,0.7515,-0.0007,-0.0194,0.0188,-0.0227,0.0219,2,0,0.5,equivalent (±5pp),equivalent (±5pp),
pooled-nr,edn-table-primer,edn-table,primary,shape:mixed,106,0.6967,0.6929,0.0038,-0.0175,0.0272,-0.0198,0.0296,2,0,0.5,equivalent (±5pp),equivalent (±5pp),
pooled-nr,edn-table-primer,edn-table,primary,type:structure-awareness,36,0.8579,0.8255,0.0324,-0.0185,0.0949,,,3,1,0.625,no detectable difference,,
pooled-nr,edn-table-primer,edn-table,primary,shape:nested-config,29,0.9483,0.9655,-0.0172,-0.0575,0.0115,,,0,0,1.0,no detectable difference,,
pooled-nr,edn-table-primer,edn-table,primary,informative,88,0.3657,0.3718,-0.0061,-0.0434,0.0322,-0.0592,0.0391,3,1,0.625,equivalent (±5pp),no detectable difference,
pooled-nr,edn-table-primer,toon,primary,overall,241,0.6315,0.6591,-0.0276,-0.0517,-0.0056,-0.068,0.0004,1,7,0.07031,B better,no detectable difference,
pooled-nr,edn-table-primer,toon,primary,track:flat,106,0.4796,0.5165,-0.0369,-0.0783,-0.0006,-0.2042,0.01,0,4,0.125,B better,no detectable difference,
pooled-nr,edn-table-primer,toon,primary,shape:structural-validation,5,0.6,1.0,-0.4,-0.8,0.0,,,0,2,0.5,no detectable difference,,
pooled-nr,edn-table-primer,toon,primary,type:structural-validation,5,0.6,1.0,-0.4,-0.8,0.0,,,0,2,0.5,no detectable difference,,
pooled-nr,edn-table-primer,toon,primary,shape:uniform-tables,101,0.4736,0.4926,-0.019,-0.0521,0.0099,-0.0735,0.0305,0,2,0.5,no detectable difference,no detectable difference,
pooled-nr,edn-table-primer,toon,primary,type:filtering,47,0.1894,0.1979,-0.0085,-0.0606,0.0394,,,1,1,1.0,no detectable difference,,
pooled-nr,edn-table-primer,toon,primary,overall-excl-structural,236,0.6321,0.6518,-0.0197,-0.0413,-0.0004,-0.053,0.0069,1,5,0.21875,B better (within ±5pp),no detectable difference,
pooled-nr,edn-table-primer,toon,primary,type:field-retrieval,90,0.99,0.9859,0.0041,-0.0037,0.0141,,,0,0,1.0,equivalent (±5pp),,
pooled-nr,edn-table-primer,toon,primary,type:aggregation,63,0.3222,0.3603,-0.0381,-0.0947,0.0108,,,0,2,0.5,no detectable difference,,
pooled-nr,edn-table-primer,toon,primary,track:mixed,135,0.7507,0.771,-0.0202,-0.049,0.0051,-0.0665,0.009,1,3,0.625,equivalent (±5pp),no detectable difference,
pooled-nr,edn-table-primer,toon,primary,shape:mixed,106,0.6967,0.7209,-0.0242,-0.0599,0.0069,-0.0783,0.01,1,3,0.625,no detectable difference,no detectable difference,
pooled-nr,edn-table-primer,toon,primary,type:structure-awareness,36,0.8579,0.9194,-0.0616,-0.1356,-0.0028,,,0,2,0.5,B better,,
pooled-nr,edn-table-primer,toon,primary,shape:nested-config,29,0.9483,0.954,-0.0057,-0.046,0.0345,,,0,0,1.0,equivalent (±5pp),,
pooled-nr,edn-table-primer,toon,primary,informative,88,0.3657,0.4413,-0.0756,-0.139,-0.0167,-0.1843,-0.0013,1,7,0.07031,B better,B better,
pooled-nr,edn-table-primer,json-compact,primary,overall,241,0.6315,0.6257,0.0058,-0.0115,0.0225,-0.0196,0.0282,6,2,0.28906,equivalent (±5pp),equivalent (±5pp),
pooled-nr,edn-table-primer,json-compact,primary,track:flat,106,0.4796,0.4748,0.0047,-0.0288,0.0379,-0.0492,0.055,3,2,1.0,equivalent (±5pp),no detectable difference,
pooled-nr,edn-table-primer,json-compact,primary,shape:structural-validation,5,0.6,0.6,0.0,0.0,0.0,,,0,0,1.0,equivalent (±5pp),,
pooled-nr,edn-table-primer,json-compact,primary,type:structural-validation,5,0.6,0.6,0.0,0.0,0.0,,,0,0,1.0,equivalent (±5pp),,
pooled-nr,edn-table-primer,json-compact,primary,shape:uniform-tables,101,0.4736,0.4686,0.005,-0.03,0.0389,-0.0476,0.054,3,2,1.0,equivalent (±5pp),no detectable difference,
pooled-nr,edn-table-primer,json-compact,primary,type:filtering,47,0.1894,0.1908,-0.0014,-0.0443,0.0408,,,1,0,1.0,equivalent (±5pp),,
pooled-nr,edn-table-primer,json-compact,primary,overall-excl-structural,236,0.6321,0.6262,0.0059,-0.0118,0.0232,-0.0191,0.0282,6,2,0.28906,equivalent (±5pp),equivalent (±5pp),
pooled-nr,edn-table-primer,json-compact,primary,type:field-retrieval,90,0.99,0.9956,-0.0056,-0.0167,0.003,,,0,0,1.0,equivalent (±5pp),,
pooled-nr,edn-table-primer,json-compact,primary,type:aggregation,63,0.3222,0.3201,0.0021,-0.0421,0.0355,,,0,1,1.0,equivalent (±5pp),,
pooled-nr,edn-table-primer,json-compact,primary,track:mixed,135,0.7507,0.7441,0.0067,-0.0095,0.0233,-0.0107,0.0247,3,0,0.25,equivalent (±5pp),equivalent (±5pp),
pooled-nr,edn-table-primer,json-compact,primary,shape:mixed,106,0.6967,0.6898,0.0069,-0.0129,0.0272,-0.0148,0.0292,3,0,0.25,equivalent (±5pp),equivalent (±5pp),
pooled-nr,edn-table-primer,json-compact,primary,type:structure-awareness,36,0.8579,0.8069,0.0509,-0.0139,0.1194,,,5,1,0.21875,no detectable difference,,
pooled-nr,edn-table-primer,json-compact,primary,shape:nested-config,29,0.9483,0.9425,0.0057,-0.0115,0.0231,,,0,0,1.0,equivalent (±5pp),,
pooled-nr,edn-table-primer,json-compact,primary,informative,88,0.3657,0.3498,0.0159,-0.0318,0.0623,-0.0552,0.0756,6,2,0.28906,no detectable difference,no detectable difference,
pooled-nr,edn-maps,toon,primary,overall,241,0.6254,0.6591,-0.0337,-0.0607,-0.0092,-0.0825,-0.003,0,11,0.00098,B better,B better,
pooled-nr,edn-maps,toon,primary,track:flat,106,0.4766,0.5165,-0.0399,-0.0854,0.0031,-0.2083,0.004,0,7,0.01562,no detectable difference,no detectable difference,
pooled-nr,edn-maps,toon,primary,shape:structural-validation,5,0.4,1.0,-0.6,-1.0,-0.2,,,0,3,0.25,B better,,
pooled-nr,edn-maps,toon,primary,type:structural-validation,5,0.4,1.0,-0.6,-1.0,-0.2,,,0,3,0.25,B better,,
pooled-nr,edn-maps,toon,primary,shape:uniform-tables,101,0.4804,0.4926,-0.0122,-0.0469,0.0195,-0.0681,0.0254,0,4,0.125,equivalent (±5pp),no detectable difference,
pooled-nr,edn-maps,toon,primary,type:filtering,47,0.2145,0.1979,0.0167,-0.0319,0.0628,,,0,1,1.0,no detectable difference,,
pooled-nr,edn-maps,toon,primary,overall-excl-structural,236,0.6302,0.6518,-0.0217,-0.0446,-0.0011,-0.0611,0.0073,0,8,0.00781,B better (within ±5pp),no detectable difference,
pooled-nr,edn-maps,toon,primary,type:field-retrieval,90,0.9978,0.9859,0.0119,0.0022,0.0244,,,0,0,1.0,A better (within ±5pp),,
pooled-nr,edn-maps,toon,primary,type:aggregation,63,0.3206,0.3603,-0.0397,-0.0894,0.0029,,,0,2,0.5,no detectable difference,,
pooled-nr,edn-maps,toon,primary,track:mixed,135,0.7422,0.771,-0.0288,-0.0594,-0.002,-0.0841,0.0068,0,4,0.125,B better,no detectable difference,
pooled-nr,edn-maps,toon,primary,shape:mixed,106,0.6811,0.7209,-0.0398,-0.0778,-0.0066,-0.1037,-0.0014,0,4,0.125,B better,B better,
pooled-nr,edn-maps,toon,primary,type:structure-awareness,36,0.7954,0.9194,-0.1241,-0.2208,-0.044,,,0,5,0.0625,B better,,
pooled-nr,edn-maps,toon,primary,shape:nested-config,29,0.9655,0.954,0.0115,-0.0115,0.0402,,,0,0,1.0,equivalent (±5pp),,
pooled-nr,edn-maps,toon,primary,informative,88,0.3491,0.4413,-0.0922,-0.1602,-0.0254,-0.2167,-0.0118,0,11,0.00098,B better,B better,
pooled-nr,toon,json-compact,extra,overall,241,0.6591,0.6257,0.0334,0.0105,0.0573,0.0101,0.0709,10,0,0.00195,A better,A better,
pooled-nr,toon,json-compact,extra,track:flat,106,0.5165,0.4748,0.0417,0.0075,0.0797,0.0093,0.212,5,0,0.0625,A better,A better,
pooled-nr,toon,json-compact,extra,shape:structural-validation,5,1.0,0.6,0.4,0.0,0.8,,,2,0,0.5,no detectable difference,,
pooled-nr,toon,json-compact,extra,type:structural-validation,5,1.0,0.6,0.4,0.0,0.8,,,2,0,0.5,no detectable difference,,
pooled-nr,toon,json-compact,extra,shape:uniform-tables,101,0.4926,0.4686,0.0239,-0.004,0.0525,-0.0027,0.0528,3,0,0.25,no detectable difference,no detectable difference,
pooled-nr,toon,json-compact,extra,type:filtering,47,0.1979,0.1908,0.0071,-0.0457,0.0603,,,1,0,1.0,no detectable difference,,
pooled-nr,toon,json-compact,extra,overall-excl-structural,236,0.6518,0.6262,0.0256,0.0051,0.047,0.0037,0.056,8,0,0.00781,A better (within ±5pp),A better,
pooled-nr,toon,json-compact,extra,type:field-retrieval,90,0.9859,0.9956,-0.0096,-0.023,0.0022,,,0,0,1.0,equivalent (±5pp),,
pooled-nr,toon,json-compact,extra,type:aggregation,63,0.3603,0.3201,0.0402,0.0032,0.0849,,,1,0,1.0,A better,,
pooled-nr,toon,json-compact,extra,track:mixed,135,0.771,0.7441,0.0269,-0.0019,0.0596,-0.0024,0.0756,5,0,0.0625,no detectable difference,no detectable difference,
pooled-nr,toon,json-compact,extra,shape:mixed,106,0.7209,0.6898,0.0311,-0.0039,0.0708,-0.0048,0.0891,5,0,0.0625,no detectable difference,no detectable difference,
pooled-nr,toon,json-compact,extra,type:structure-awareness,36,0.9194,0.8069,0.1125,0.0361,0.2042,,,6,0,0.03125,A better,,
pooled-nr,toon,json-compact,extra,shape:nested-config,29,0.954,0.9425,0.0115,-0.0287,0.046,,,0,0,1.0,equivalent (±5pp),,
pooled-nr,toon,json-compact,extra,informative,88,0.4413,0.3498,0.0915,0.0322,0.1562,0.0304,0.1827,10,0,0.00195,A better,A better,
pooled-nr,edn-table,json-compact,extra,overall,241,0.6337,0.6257,0.008,-0.0082,0.0247,-0.0139,0.0321,5,3,0.72656,equivalent (±5pp),equivalent (±5pp),
pooled-nr,edn-table,json-compact,extra,track:flat,106,0.4836,0.4748,0.0088,-0.0203,0.039,-0.0339,0.0677,3,2,1.0,equivalent (±5pp),no detectable difference,
pooled-nr,edn-table,json-compact,extra,shape:structural-validation,5,0.6,0.6,0.0,0.0,0.0,,,0,0,1.0,equivalent (±5pp),,
pooled-nr,edn-table,json-compact,extra,type:structural-validation,5,0.6,0.6,0.0,0.0,0.0,,,0,0,1.0,equivalent (±5pp),,
pooled-nr,edn-table,json-compact,extra,shape:uniform-tables,101,0.4779,0.4686,0.0092,-0.0211,0.0406,-0.0317,0.0658,3,2,1.0,equivalent (±5pp),no detectable difference,
pooled-nr,edn-table,json-compact,extra,type:filtering,47,0.2039,0.1908,0.0131,-0.0312,0.0592,,,1,0,1.0,no detectable difference,,
pooled-nr,edn-table,json-compact,extra,overall-excl-structural,236,0.6344,0.6262,0.0082,-0.0085,0.0254,-0.014,0.0328,5,3,0.72656,equivalent (±5pp),equivalent (±5pp),
pooled-nr,edn-table,json-compact,extra,type:field-retrieval,90,0.9922,0.9956,-0.0033,-0.013,0.0044,,,0,0,1.0,equivalent (±5pp),,
pooled-nr,edn-table,json-compact,extra,type:aggregation,63,0.3352,0.3201,0.0151,-0.0159,0.046,,,0,1,1.0,equivalent (±5pp),,
pooled-nr,edn-table,json-compact,extra,track:mixed,135,0.7515,0.7441,0.0074,-0.011,0.026,-0.014,0.0269,2,1,1.0,equivalent (±5pp),equivalent (±5pp),
pooled-nr,edn-table,json-compact,extra,shape:mixed,106,0.6929,0.6898,0.0031,-0.0192,0.0256,-0.0211,0.0257,2,1,1.0,equivalent (±5pp),equivalent (±5pp),
pooled-nr,edn-table,json-compact,extra,type:structure-awareness,36,0.8255,0.8069,0.0185,-0.0532,0.0944,,,4,2,0.6875,no detectable difference,,
pooled-nr,edn-table,json-compact,extra,shape:nested-config,29,0.9655,0.9425,0.023,-0.0057,0.0575,,,0,0,1.0,no detectable difference,,
pooled-nr,edn-table,json-compact,extra,informative,88,0.3718,0.3498,0.022,-0.0233,0.068,-0.0385,0.0936,5,3,0.72656,no detectable difference,no detectable difference,
pooled-nr,edn-table,edn-maps,extra,overall,241,0.6337,0.6254,0.0083,-0.0089,0.0268,-0.0168,0.0364,5,2,0.45312,equivalent (±5pp),equivalent (±5pp),
pooled-nr,edn-table,edn-maps,extra,track:flat,106,0.4836,0.4766,0.0071,-0.0258,0.044,-0.0378,0.1206,4,1,0.375,equivalent (±5pp),no detectable difference,
pooled-nr,edn-table,edn-maps,extra,shape:structural-validation,5,0.6,0.4,0.2,0.0,0.6,,,1,0,1.0,no detectable difference,,
pooled-nr,edn-table,edn-maps,extra,type:structural-validation,5,0.6,0.4,0.2,0.0,0.6,,,1,0,1.0,no detectable difference,,
pooled-nr,edn-table,edn-maps,extra,shape:uniform-tables,101,0.4779,0.4804,-0.0025,-0.0323,0.0294,-0.0452,0.0506,3,1,0.625,equivalent (±5pp),no detectable difference,
pooled-nr,edn-table,edn-maps,extra,type:filtering,47,0.2039,0.2145,-0.0106,-0.0493,0.0277,,,1,0,1.0,equivalent (±5pp),,
pooled-nr,edn-table,edn-maps,extra,overall-excl-structural,236,0.6344,0.6302,0.0042,-0.0114,0.0207,-0.0201,0.0285,4,2,0.6875,equivalent (±5pp),equivalent (±5pp),
pooled-nr,edn-table,edn-maps,extra,type:field-retrieval,90,0.9922,0.9978,-0.0056,-0.017,0.0033,,,0,0,1.0,equivalent (±5pp),,
pooled-nr,edn-table,edn-maps,extra,type:aggregation,63,0.3352,0.3206,0.0146,-0.0143,0.0431,,,0,0,1.0,equivalent (±5pp),,
pooled-nr,edn-table,edn-maps,extra,track:mixed,135,0.7515,0.7422,0.0093,-0.0074,0.0253,-0.0123,0.0299,1,1,1.0,equivalent (±5pp),equivalent (±5pp),
pooled-nr,edn-table,edn-maps,extra,shape:mixed,106,0.6929,0.6811,0.0118,-0.0083,0.0308,-0.0156,0.035,1,1,1.0,equivalent (±5pp),equivalent (±5pp),
pooled-nr,edn-table,edn-maps,extra,type:structure-awareness,36,0.8255,0.7954,0.0301,-0.044,0.1088,,,3,2,1.0,no detectable difference,,
pooled-nr,edn-table,edn-maps,extra,shape:nested-config,29,0.9655,0.9655,0.0,-0.023,0.0287,,,0,0,1.0,equivalent (±5pp),,
pooled-nr,edn-table,edn-maps,extra,informative,88,0.3718,0.3491,0.0227,-0.0256,0.0731,-0.0445,0.1023,5,2,0.45312,no detectable difference,no detectable difference,
pooled-nr,csv,toon,extra,overall,106,0.5006,0.5165,-0.0159,-0.0509,0.0171,-0.1217,0.0227,1,2,1.0,no detectable difference,no detectable difference,
pooled-nr,csv,toon,extra,track:flat,106,0.5006,0.5165,-0.0159,-0.0506,0.0164,-0.1196,0.0233,1,2,1.0,no detectable difference,no detectable difference,
pooled-nr,csv,toon,extra,shape:structural-validation,5,0.8,1.0,-0.2,-0.6,0.0,,,0,1,1.0,no detectable difference,,
pooled-nr,csv,toon,extra,type:structural-validation,5,0.8,1.0,-0.2,-0.6,0.0,,,0,1,1.0,no detectable difference,,
pooled-nr,csv,toon,extra,shape:uniform-tables,101,0.4858,0.4926,-0.0068,-0.0371,0.0239,-0.05,0.0316,1,1,1.0,equivalent (±5pp),equivalent (±5pp),
pooled-nr,csv,toon,extra,type:filtering,26,0.0782,0.0776,0.0006,-0.0712,0.0801,,,1,0,1.0,no detectable difference,,
pooled-nr,csv,toon,extra,overall-excl-structural,101,0.4858,0.4926,-0.0068,-0.0376,0.0236,-0.0494,0.0302,1,1,1.0,equivalent (±5pp),equivalent (±5pp),
pooled-nr,csv,toon,extra,type:field-retrieval,30,0.9944,0.9711,0.0233,-0.0056,0.0622,,,0,0,1.0,no detectable difference,,
pooled-nr,csv,toon,extra,type:aggregation,29,0.1305,0.1759,-0.0454,-0.1184,0.0161,,,0,1,1.0,no detectable difference,,
pooled-nr,csv,toon,extra,type:structure-awareness,16,0.8385,0.8438,-0.0052,-0.0469,0.0312,,,0,0,1.0,equivalent (±5pp),,
pooled-nr,csv,toon,extra,informative,43,0.3969,0.4128,-0.0159,-0.0857,0.0535,-0.1323,0.0739,1,1,1.0,no detectable difference,no detectable difference,
pooled-nr,csv,edn-table,extra,overall,106,0.5006,0.4836,0.017,-0.0217,0.0564,-0.0375,0.1181,4,1,0.375,no detectable difference,no detectable difference,
pooled-nr,csv,edn-table,extra,track:flat,106,0.5006,0.4836,0.017,-0.0212,0.0571,-0.0397,0.125,4,1,0.375,no detectable difference,no detectable difference,
pooled-nr,csv,edn-table,extra,shape:structural-validation,5,0.8,0.6,0.2,-0.4,0.8,,,2,1,1.0,no detectable difference,,
pooled-nr,csv,edn-table,extra,type:structural-validation,5,0.8,0.6,0.2,-0.4,0.8,,,2,1,1.0,no detectable difference,,
pooled-nr,csv,edn-table,extra,shape:uniform-tables,101,0.4858,0.4779,0.0079,-0.0155,0.0327,-0.028,0.042,2,0,0.5,equivalent (±5pp),equivalent (±5pp),
pooled-nr,csv,edn-table,extra,type:filtering,26,0.0782,0.0609,0.0173,-0.0449,0.0846,,,1,0,1.0,no detectable difference,,
pooled-nr,csv,edn-table,extra,overall-excl-structural,101,0.4858,0.4779,0.0079,-0.0153,0.0323,-0.0283,0.0428,2,0,0.5,equivalent (±5pp),equivalent (±5pp),
pooled-nr,csv,edn-table,extra,type:field-retrieval,30,0.9944,0.9833,0.0111,-0.0111,0.0389,,,0,0,1.0,equivalent (±5pp),,
pooled-nr,csv,edn-table,extra,type:aggregation,29,0.1305,0.1471,-0.0167,-0.058,0.0184,,,0,0,1.0,no detectable difference,,
pooled-nr,csv,edn-table,extra,type:structure-awareness,16,0.8385,0.8073,0.0312,-0.0208,0.1042,,,1,0,1.0,no detectable difference,,
pooled-nr,csv,edn-table,extra,informative,43,0.3969,0.3318,0.0651,-0.0132,0.1523,-0.0259,0.2778,4,0,0.125,no detectable difference,no detectable difference,
pooled-nr,csv,json-compact,extra,overall,106,0.5006,0.4748,0.0258,-0.0159,0.07,-0.0316,0.125,6,2,0.28906,no detectable difference,no detectable difference,
pooled-nr,csv,json-compact,extra,track:flat,106,0.5006,0.4748,0.0258,-0.0165,0.0686,-0.0293,0.125,6,2,0.28906,no detectable difference,no detectable difference,
pooled-nr,csv,json-compact,extra,shape:structural-validation,5,0.8,0.6,0.2,-0.4,0.8,,,2,1,1.0,no detectable difference,,
pooled-nr,csv,json-compact,extra,type:structural-validation,5,0.8,0.6,0.2,-0.4,0.8,,,2,1,1.0,no detectable difference,,
pooled-nr,csv,json-compact,extra,shape:uniform-tables,101,0.4858,0.4686,0.0172,-0.0125,0.0469,-0.0226,0.0544,4,1,0.375,equivalent (±5pp),no detectable difference,
pooled-nr,csv,json-compact,extra,type:filtering,26,0.0782,0.0603,0.0179,-0.0333,0.0718,,,1,0,1.0,no detectable difference,,
pooled-nr,csv,json-compact,extra,overall-excl-structural,101,0.4858,0.4686,0.0172,-0.0119,0.046,-0.0222,0.0544,4,1,0.375,equivalent (±5pp),no detectable difference,
pooled-nr,csv,json-compact,extra,type:field-retrieval,30,0.9944,1.0,-0.0056,-0.0167,0.0,,,0,0,1.0,equivalent (±5pp),,
pooled-nr,csv,json-compact,extra,type:aggregation,29,0.1305,0.1356,-0.0052,-0.0718,0.0483,,,0,1,1.0,no detectable difference,,
pooled-nr,csv,json-compact,extra,type:structure-awareness,16,0.8385,0.7396,0.099,-0.0032,0.2156,,,3,0,0.25,no detectable difference,,
pooled-nr,csv,json-compact,extra,informative,43,0.3969,0.3101,0.0868,0.0008,0.1779,-0.013,0.3334,6,1,0.125,A better,no detectable difference,
pooled-nr,edn-table-lines,edn-table,layout,overall,135,0.7478,0.7515,-0.0037,-0.023,0.0169,-0.0248,0.0188,4,2,0.6875,equivalent (±5pp),equivalent (±5pp),
pooled-nr,edn-table-lines,edn-table,layout,type:filtering,21,0.3508,0.381,-0.0302,-0.1079,0.0484,,,2,1,1.0,no detectable difference,,
pooled-nr,edn-table-lines,edn-table,layout,overall-excl-structural,135,0.7478,0.7515,-0.0037,-0.023,0.0165,-0.0239,0.0189,4,2,0.6875,equivalent (±5pp),equivalent (±5pp),
pooled-nr,edn-table-lines,edn-table,layout,type:field-retrieval,60,0.9933,0.9967,-0.0033,-0.01,0.0,,,0,0,1.0,equivalent (±5pp),,
pooled-nr,edn-table-lines,edn-table,layout,type:aggregation,34,0.4931,0.4956,-0.0025,-0.0387,0.0324,,,0,0,1.0,equivalent (±5pp),,
pooled-nr,edn-table-lines,edn-table,layout,track:mixed,135,0.7478,0.7515,-0.0037,-0.0233,0.0165,-0.0244,0.0184,4,2,0.6875,equivalent (±5pp),equivalent (±5pp),
pooled-nr,edn-table-lines,edn-table,layout,shape:mixed,106,0.6929,0.6929,-0.0,-0.0228,0.0248,-0.0242,0.026,4,2,0.6875,equivalent (±5pp),equivalent (±5pp),
pooled-nr,edn-table-lines,edn-table,layout,type:structure-awareness,20,0.8608,0.84,0.0208,-0.05,0.1125,,,2,1,1.0,no detectable difference,,
pooled-nr,edn-table-lines,edn-table,layout,shape:nested-config,29,0.9483,0.9655,-0.0172,-0.0517,0.0057,,,0,0,1.0,no detectable difference,,
pooled-nr,edn-table-lines,edn-table,layout,informative,45,0.3989,0.41,-0.0111,-0.0678,0.0496,-0.0985,0.0504,4,2,0.6875,no detectable difference,no detectable difference,
pooled-nr,edn-table-lines,toon,layout,overall,135,0.7478,0.771,-0.0232,-0.0507,0.0011,-0.0695,0.0052,1,3,0.625,no detectable difference,no detectable difference,
pooled-nr,edn-table-lines,toon,layout,type:filtering,21,0.3508,0.3468,0.004,-0.0389,0.0429,,,1,0,1.0,equivalent (±5pp),,
pooled-nr,edn-table-lines,toon,layout,overall-excl-structural,135,0.7478,0.771,-0.0232,-0.0515,0.0016,-0.0694,0.0049,1,3,0.625,no detectable difference,no detectable difference,
pooled-nr,edn-table-lines,toon,layout,type:field-retrieval,60,0.9933,0.9933,-0.0,-0.01,0.01,,,0,0,1.0,equivalent (±5pp),,
pooled-nr,edn-table-lines,toon,layout,type:aggregation,34,0.4931,0.5176,-0.0245,-0.1029,0.0392,,,0,1,1.0,no detectable difference,,
pooled-nr,edn-table-lines,toon,layout,track:mixed,135,0.7478,0.771,-0.0232,-0.0511,0.0009,-0.0683,0.0051,1,3,0.625,no detectable difference,no detectable difference,
pooled-nr,edn-table-lines,toon,layout,shape:mixed,106,0.6929,0.7209,-0.028,-0.0623,0.0013,-0.0844,0.0057,1,3,0.625,no detectable difference,no detectable difference,
pooled-nr,edn-table-lines,toon,layout,type:structure-awareness,20,0.8608,0.98,-0.1192,-0.2467,-0.0208,,,0,2,0.5,B better,,
pooled-nr,edn-table-lines,toon,layout,shape:nested-config,29,0.9483,0.954,-0.0057,-0.0402,0.0287,,,0,0,1.0,equivalent (±5pp),,
pooled-nr,edn-table-lines,toon,layout,informative,45,0.3989,0.4685,-0.0696,-0.1533,0.0022,-0.2064,0.0138,1,3,0.625,no detectable difference,no detectable difference,
pooled-nr,edn-table-lines,json-compact,layout,overall,135,0.7478,0.7441,0.0037,-0.0136,0.0225,-0.0151,0.0227,3,0,0.25,equivalent (±5pp),equivalent (±5pp),
pooled-nr,edn-table-lines,json-compact,layout,type:filtering,21,0.3508,0.3524,-0.0016,-0.0858,0.0889,,,2,0,0.5,no detectable difference,,
pooled-nr,edn-table-lines,json-compact,layout,overall-excl-structural,135,0.7478,0.7441,0.0037,-0.0138,0.0215,-0.0153,0.0234,3,0,0.25,equivalent (±5pp),equivalent (±5pp),
pooled-nr,edn-table-lines,json-compact,layout,type:field-retrieval,60,0.9933,0.9933,0.0,0.0,0.0,,,0,0,1.0,equivalent (±5pp),,
pooled-nr,edn-table-lines,json-compact,layout,type:aggregation,34,0.4931,0.4775,0.0157,-0.0118,0.0431,,,0,0,1.0,equivalent (±5pp),,
pooled-nr,edn-table-lines,json-compact,layout,track:mixed,135,0.7478,0.7441,0.0037,-0.0136,0.022,-0.0152,0.0227,3,0,0.25,equivalent (±5pp),equivalent (±5pp),
pooled-nr,edn-table-lines,json-compact,layout,shape:mixed,106,0.6929,0.6898,0.0031,-0.0186,0.0264,-0.0213,0.0258,3,0,0.25,equivalent (±5pp),equivalent (±5pp),
pooled-nr,edn-table-lines,json-compact,layout,type:structure-awareness,20,0.8608,0.8608,0.0,-0.0583,0.0667,,,1,0,1.0,no detectable difference,,
pooled-nr,edn-table-lines,json-compact,layout,shape:nested-config,29,0.9483,0.9425,0.0057,0.0,0.0172,,,0,0,1.0,equivalent (±5pp),,
pooled-nr,edn-table-lines,json-compact,layout,informative,45,0.3989,0.3878,0.0111,-0.0407,0.0644,-0.0617,0.064,3,0,0.25,no detectable difference,no detectable difference,
