model,A,B,family,subset,n_questions,acc_A,acc_B,diff,ci_lo,ci_hi,ds_ci_lo,ds_ci_hi,mcnemar_A_only,mcnemar_B_only,mcnemar_p,verdict,verdict_ds,holm_p_primary_overall
haiku,edn-maps,json-compact,primary,overall,244,0.6079,0.6107,-0.0027,-0.0246,0.0205,-0.0349,0.0246,2,3,1.0,equivalent (±5pp),equivalent (±5pp),1.0
haiku,edn-maps,json-compact,primary,track:flat,109,0.4679,0.474,-0.0061,-0.0489,0.0367,-0.1083,0.0446,2,2,1.0,equivalent (±5pp),no detectable difference,
haiku,edn-maps,json-compact,primary,shape:structural-validation,5,0.4,0.6,-0.2,-0.6,0.0,,,0,1,1.0,no detectable difference,,
haiku,edn-maps,json-compact,primary,type:structural-validation,5,0.4,0.6,-0.2,-0.6,0.0,,,0,1,1.0,no detectable difference,,
haiku,edn-maps,json-compact,primary,shape:uniform-tables,104,0.4712,0.4679,0.0032,-0.0353,0.0449,-0.0451,0.0528,2,1,1.0,equivalent (±5pp),no detectable difference,
haiku,edn-maps,json-compact,primary,type:filtering,48,0.1667,0.1528,0.0139,-0.0347,0.0625,,,0,0,1.0,no detectable difference,,
haiku,edn-maps,json-compact,primary,overall-excl-structural,239,0.6123,0.6109,0.0014,-0.0195,0.0223,-0.026,0.027,2,2,1.0,equivalent (±5pp),equivalent (±5pp),
haiku,edn-maps,json-compact,primary,type:field-retrieval,92,1.0,0.9964,0.0036,0.0,0.0109,,,0,0,1.0,equivalent (±5pp),,
haiku,edn-maps,json-compact,primary,track:mixed,135,0.721,0.721,0.0,-0.0247,0.0222,-0.0343,0.0275,0,1,1.0,equivalent (±5pp),equivalent (±5pp),
haiku,edn-maps,json-compact,primary,shape:mixed,106,0.6635,0.673,-0.0094,-0.0377,0.0157,-0.0458,0.0142,0,1,1.0,equivalent (±5pp),equivalent (±5pp),
haiku,edn-maps,json-compact,primary,type:structure-awareness,36,0.787,0.8056,-0.0185,-0.1296,0.1019,,,2,2,1.0,no detectable difference,,
haiku,edn-maps,json-compact,primary,type:aggregation,63,0.2857,0.2857,0.0,-0.0317,0.0317,,,0,0,1.0,equivalent (±5pp),,
haiku,edn-maps,json-compact,primary,shape:nested-config,29,0.931,0.8966,0.0345,0.0,0.069,,,0,0,1.0,no detectable difference,,
haiku,edn-maps,json-compact,primary,informative,64,0.3021,0.3125,-0.0104,-0.0938,0.0781,-0.125,0.0938,2,3,1.0,no detectable difference,no detectable difference,
haiku,edn-table,toon,primary,overall,244,0.623,0.6462,-0.0232,-0.0478,0.0,-0.0768,0.011,3,10,0.09229,equivalent (±5pp),no detectable difference,1.0
haiku,edn-table,toon,primary,track:flat,109,0.4924,0.5107,-0.0183,-0.0581,0.0183,-0.1417,0.0245,2,3,1.0,no detectable difference,no detectable difference,
haiku,edn-table,toon,primary,shape:structural-validation,5,0.6,1.0,-0.4,-0.8,0.0,,,0,2,0.5,no detectable difference,,
haiku,edn-table,toon,primary,type:structural-validation,5,0.6,1.0,-0.4,-0.8,0.0,,,0,2,0.5,no detectable difference,,
haiku,edn-table,toon,primary,shape:uniform-tables,104,0.4872,0.4872,-0.0,-0.0288,0.0288,-0.037,0.0429,2,1,1.0,equivalent (±5pp),equivalent (±5pp),
haiku,edn-table,toon,primary,type:filtering,48,0.1806,0.1806,-0.0,-0.0625,0.0625,,,0,3,0.25,no detectable difference,,
haiku,edn-table,toon,primary,overall-excl-structural,239,0.6234,0.6388,-0.0153,-0.0377,0.007,-0.0624,0.0185,3,8,0.22656,equivalent (±5pp),no detectable difference,
haiku,edn-table,toon,primary,type:field-retrieval,92,0.9891,0.9964,-0.0072,-0.0181,0.0,,,0,1,1.0,equivalent (±5pp),,
haiku,edn-table,toon,primary,track:mixed,135,0.7284,0.7556,-0.0272,-0.0617,0.0049,-0.1003,0.0196,1,7,0.07031,no detectable difference,no detectable difference,
haiku,edn-table,toon,primary,shape:mixed,106,0.673,0.7107,-0.0377,-0.0786,-0.0031,-0.1265,0.0165,0,7,0.01562,B better,no detectable difference,
haiku,edn-table,toon,primary,type:structure-awareness,36,0.8426,0.9074,-0.0648,-0.1389,-0.0,,,1,2,1.0,B better,,
haiku,edn-table,toon,primary,type:aggregation,63,0.3016,0.3122,-0.0106,-0.0688,0.0423,,,2,2,1.0,no detectable difference,,
haiku,edn-table,toon,primary,shape:nested-config,29,0.931,0.9195,0.0115,-0.046,0.069,,,1,0,1.0,no detectable difference,,
haiku,edn-table,toon,primary,informative,64,0.3594,0.4479,-0.0885,-0.1823,-0.0,-0.24,0.0468,3,10,0.09229,B better,no detectable difference,
haiku,edn-table-primer,edn-table,primary,overall,244,0.6189,0.623,-0.0041,-0.0178,0.0096,-0.0198,0.0128,1,4,0.375,equivalent (±5pp),equivalent (±5pp),1.0
haiku,edn-table-primer,edn-table,primary,track:flat,109,0.4924,0.4924,0.0,-0.0214,0.0214,-0.0242,0.0306,1,2,1.0,equivalent (±5pp),equivalent (±5pp),
haiku,edn-table-primer,edn-table,primary,shape:structural-validation,5,0.6,0.6,0.0,0.0,0.0,,,0,0,1.0,equivalent (±5pp),,
haiku,edn-table-primer,edn-table,primary,type:structural-validation,5,0.6,0.6,0.0,0.0,0.0,,,0,0,1.0,equivalent (±5pp),,
haiku,edn-table-primer,edn-table,primary,shape:uniform-tables,104,0.4872,0.4872,0.0,-0.0224,0.0224,-0.0232,0.0296,1,2,1.0,equivalent (±5pp),equivalent (±5pp),
haiku,edn-table-primer,edn-table,primary,type:filtering,48,0.1736,0.1806,-0.0069,-0.0556,0.0486,,,1,0,1.0,no detectable difference,,
haiku,edn-table-primer,edn-table,primary,overall-excl-structural,239,0.6192,0.6234,-0.0042,-0.0181,0.0112,-0.0205,0.0127,1,4,0.375,equivalent (±5pp),equivalent (±5pp),
haiku,edn-table-primer,edn-table,primary,type:field-retrieval,92,0.9891,0.9891,0.0,0.0,0.0,,,0,0,1.0,equivalent (±5pp),,
haiku,edn-table-primer,edn-table,primary,track:mixed,135,0.721,0.7284,-0.0074,-0.0272,0.0123,-0.0276,0.0133,0,2,0.5,equivalent (±5pp),equivalent (±5pp),
haiku,edn-table-primer,edn-table,primary,shape:mixed,106,0.6667,0.673,-0.0063,-0.0283,0.0157,-0.0282,0.0161,0,1,1.0,equivalent (±5pp),equivalent (±5pp),
haiku,edn-table-primer,edn-table,primary,type:structure-awareness,36,0.8426,0.8426,0.0,-0.037,0.037,,,0,1,1.0,equivalent (±5pp),,
haiku,edn-table-primer,edn-table,primary,type:aggregation,63,0.291,0.3016,-0.0106,-0.0476,0.0212,,,0,3,0.25,equivalent (±5pp),,
haiku,edn-table-primer,edn-table,primary,shape:nested-config,29,0.9195,0.931,-0.0115,-0.069,0.0345,,,0,1,1.0,no detectable difference,,
haiku,edn-table-primer,edn-table,primary,informative,64,0.3438,0.3594,-0.0156,-0.0729,0.0365,-0.0816,0.0469,1,4,0.375,no detectable difference,no detectable difference,
haiku,edn-table-primer,toon,primary,overall,244,0.6189,0.6462,-0.0273,-0.0533,-0.0027,-0.0792,0.0073,3,13,0.02127,B better,no detectable difference,0.48921
haiku,edn-table-primer,toon,primary,track:flat,109,0.4924,0.5107,-0.0183,-0.0581,0.0153,-0.1417,0.0282,2,4,0.6875,no detectable difference,no detectable difference,
haiku,edn-table-primer,toon,primary,shape:structural-validation,5,0.6,1.0,-0.4,-0.8,0.0,,,0,2,0.5,no detectable difference,,
haiku,edn-table-primer,toon,primary,type:structural-validation,5,0.6,1.0,-0.4,-0.8,0.0,,,0,2,0.5,no detectable difference,,
haiku,edn-table-primer,toon,primary,shape:uniform-tables,104,0.4872,0.4872,-0.0,-0.0288,0.0288,-0.0374,0.0481,2,2,1.0,equivalent (±5pp),equivalent (±5pp),
haiku,edn-table-primer,toon,primary,type:filtering,48,0.1736,0.1806,-0.0069,-0.0694,0.0556,,,1,3,0.625,no detectable difference,,
haiku,edn-table-primer,toon,primary,overall-excl-structural,239,0.6192,0.6388,-0.0195,-0.0432,0.0028,-0.0658,0.0154,3,11,0.05737,equivalent (±5pp),no detectable difference,
haiku,edn-table-primer,toon,primary,type:field-retrieval,92,0.9891,0.9964,-0.0072,-0.0181,0.0,,,0,1,1.0,equivalent (±5pp),,
haiku,edn-table-primer,toon,primary,track:mixed,135,0.721,0.7556,-0.0346,-0.0691,-0.0025,-0.1071,0.0114,1,9,0.02148,B better,no detectable difference,
haiku,edn-table-primer,toon,primary,shape:mixed,106,0.6667,0.7107,-0.044,-0.0849,-0.0094,-0.1296,0.0085,0,8,0.00781,B better,no detectable difference,
haiku,edn-table-primer,toon,primary,type:structure-awareness,36,0.8426,0.9074,-0.0648,-0.1481,0.0093,,,1,3,0.625,no detectable difference,,
haiku,edn-table-primer,toon,primary,type:aggregation,63,0.291,0.3122,-0.0212,-0.0741,0.0265,,,1,4,0.375,no detectable difference,,
haiku,edn-table-primer,toon,primary,shape:nested-config,29,0.9195,0.9195,0.0,-0.0575,0.069,,,1,1,1.0,no detectable difference,,
haiku,edn-table-primer,toon,primary,informative,64,0.3438,0.4479,-0.1042,-0.1979,-0.0156,-0.2624,0.0299,3,13,0.02127,B better,no detectable difference,
haiku,edn-table-primer,json-compact,primary,overall,244,0.6189,0.6107,0.0082,-0.0123,0.0287,-0.0191,0.043,4,3,1.0,equivalent (±5pp),equivalent (±5pp),1.0
haiku,edn-table-primer,json-compact,primary,track:flat,109,0.4924,0.474,0.0183,-0.0153,0.055,-0.0347,0.0941,4,1,0.375,no detectable difference,no detectable difference,
haiku,edn-table-primer,json-compact,primary,shape:structural-validation,5,0.6,0.6,0.0,0.0,0.0,,,0,0,1.0,equivalent (±5pp),,
haiku,edn-table-primer,json-compact,primary,type:structural-validation,5,0.6,0.6,0.0,0.0,0.0,,,0,0,1.0,equivalent (±5pp),,
haiku,edn-table-primer,json-compact,primary,shape:uniform-tables,104,0.4872,0.4679,0.0192,-0.0161,0.0609,-0.0319,0.0926,4,1,0.375,no detectable difference,no detectable difference,
haiku,edn-table-primer,json-compact,primary,type:filtering,48,0.1736,0.1528,0.0208,-0.0347,0.0833,,,1,0,1.0,no detectable difference,,
haiku,edn-table-primer,json-compact,primary,overall-excl-structural,239,0.6192,0.6109,0.0084,-0.0112,0.0293,-0.0198,0.0421,4,3,1.0,equivalent (±5pp),equivalent (±5pp),
haiku,edn-table-primer,json-compact,primary,type:field-retrieval,92,0.9891,0.9964,-0.0072,-0.0181,0.0,,,0,1,1.0,equivalent (±5pp),,
haiku,edn-table-primer,json-compact,primary,track:mixed,135,0.721,0.721,0.0,-0.0222,0.0198,-0.0273,0.0217,0,2,0.5,equivalent (±5pp),equivalent (±5pp),
haiku,edn-table-primer,json-compact,primary,shape:mixed,106,0.6667,0.673,-0.0063,-0.0314,0.0189,-0.037,0.0163,0,2,0.5,equivalent (±5pp),equivalent (±5pp),
haiku,edn-table-primer,json-compact,primary,type:structure-awareness,36,0.8426,0.8056,0.037,-0.0463,0.1296,,,3,1,0.625,no detectable difference,,
haiku,edn-table-primer,json-compact,primary,type:aggregation,63,0.291,0.2857,0.0053,-0.0317,0.0423,,,0,1,1.0,equivalent (±5pp),,
haiku,edn-table-primer,json-compact,primary,shape:nested-config,29,0.9195,0.8966,0.023,0.0,0.0575,,,0,0,1.0,no detectable difference,,
haiku,edn-table-primer,json-compact,primary,informative,64,0.3438,0.3125,0.0312,-0.0417,0.1094,-0.0736,0.1552,4,3,1.0,no detectable difference,no detectable difference,
haiku,edn-maps,toon,primary,overall,244,0.6079,0.6462,-0.0383,-0.0656,-0.0123,-0.1,-0.003,1,13,0.00183,B better,B better,0.04392
haiku,edn-maps,toon,primary,track:flat,109,0.4679,0.5107,-0.0428,-0.0887,-0.0031,-0.2083,-0.0,0,5,0.0625,B better,no detectable difference,
haiku,edn-maps,toon,primary,shape:structural-validation,5,0.4,1.0,-0.6,-1.0,-0.2,,,0,3,0.25,B better,,
haiku,edn-maps,toon,primary,type:structural-validation,5,0.4,1.0,-0.6,-1.0,-0.2,,,0,3,0.25,B better,,
haiku,edn-maps,toon,primary,shape:uniform-tables,104,0.4712,0.4872,-0.016,-0.0481,0.0128,-0.064,0.019,0,2,0.5,equivalent (±5pp),no detectable difference,
haiku,edn-maps,toon,primary,type:filtering,48,0.1667,0.1806,-0.0139,-0.0764,0.0417,,,0,3,0.25,no detectable difference,,
haiku,edn-maps,toon,primary,overall-excl-structural,239,0.6123,0.6388,-0.0265,-0.0516,-0.0042,-0.0768,0.0075,1,10,0.01172,B better,no detectable difference,
haiku,edn-maps,toon,primary,type:field-retrieval,92,1.0,0.9964,0.0036,0.0,0.0109,,,0,0,1.0,equivalent (±5pp),,
haiku,edn-maps,toon,primary,track:mixed,135,0.721,0.7556,-0.0346,-0.0691,-0.0025,-0.1144,0.0148,1,8,0.03906,B better,no detectable difference,
haiku,edn-maps,toon,primary,shape:mixed,106,0.6635,0.7107,-0.0472,-0.0912,-0.0094,-0.1389,0.0085,0,7,0.01562,B better,no detectable difference,
haiku,edn-maps,toon,primary,type:structure-awareness,36,0.787,0.9074,-0.1204,-0.2315,-0.0278,,,0,4,0.125,B better,,
haiku,edn-maps,toon,primary,type:aggregation,63,0.2857,0.3122,-0.0265,-0.0794,0.0212,,,1,3,0.625,no detectable difference,,
haiku,edn-maps,toon,primary,shape:nested-config,29,0.931,0.9195,0.0115,-0.046,0.0693,,,1,1,1.0,no detectable difference,,
haiku,edn-maps,toon,primary,informative,64,0.3021,0.4479,-0.1458,-0.2448,-0.0521,-0.3111,-0.0159,1,13,0.00183,B better,B better,
haiku,toon,json-compact,extra,overall,244,0.6462,0.6107,0.0355,0.0109,0.0628,0.0051,0.083,12,1,0.00342,A better,A better,
haiku,toon,json-compact,extra,track:flat,109,0.5107,0.474,0.0367,0.0,0.0795,-0.0028,0.1712,5,0,0.0625,no detectable difference,no detectable difference,
haiku,toon,json-compact,extra,shape:structural-validation,5,1.0,0.6,0.4,0.0,0.8,,,2,0,0.5,no detectable difference,,
haiku,toon,json-compact,extra,type:structural-validation,5,1.0,0.6,0.4,0.0,0.8,,,2,0,0.5,no detectable difference,,
haiku,toon,json-compact,extra,shape:uniform-tables,104,0.4872,0.4679,0.0192,-0.0128,0.0545,-0.0163,0.0609,3,0,0.25,no detectable difference,no detectable difference,
haiku,toon,json-compact,extra,type:filtering,48,0.1806,0.1528,0.0278,-0.0347,0.0903,,,3,0,0.25,no detectable difference,,
haiku,toon,json-compact,extra,overall-excl-structural,239,0.6388,0.6109,0.0279,0.0056,0.0516,-0.0014,0.0681,10,1,0.01172,A better,no detectable difference,
haiku,toon,json-compact,extra,type:field-retrieval,92,0.9964,0.9964,0.0,0.0,0.0,,,0,0,1.0,equivalent (±5pp),,
haiku,toon,json-compact,extra,track:mixed,135,0.7556,0.721,0.0346,0.0025,0.0691,-0.0061,0.096,7,1,0.07031,A better,no detectable difference,
haiku,toon,json-compact,extra,shape:mixed,106,0.7107,0.673,0.0377,0.0031,0.0786,-0.0086,0.1158,6,0,0.03125,A better,no detectable difference,
haiku,toon,json-compact,extra,type:structure-awareness,36,0.9074,0.8056,0.1019,0.0093,0.213,,,4,0,0.125,A better,,
haiku,toon,json-compact,extra,type:aggregation,63,0.3122,0.2857,0.0265,-0.0212,0.0794,,,3,1,0.625,no detectable difference,,
haiku,toon,json-compact,extra,shape:nested-config,29,0.9195,0.8966,0.023,-0.0575,0.092,,,1,1,1.0,no detectable difference,,
haiku,toon,json-compact,extra,informative,64,0.4479,0.3125,0.1354,0.0417,0.2344,0.026,0.2701,12,1,0.00342,A better,A better,
haiku,edn-table,json-compact,extra,overall,244,0.623,0.6107,0.0123,-0.0082,0.0342,-0.0147,0.0448,6,2,0.28906,equivalent (±5pp),equivalent (±5pp),
haiku,edn-table,json-compact,extra,track:flat,109,0.4924,0.474,0.0183,-0.0153,0.0581,-0.0265,0.0859,4,0,0.125,no detectable difference,no detectable difference,
haiku,edn-table,json-compact,extra,shape:structural-validation,5,0.6,0.6,0.0,0.0,0.0,,,0,0,1.0,equivalent (±5pp),,
haiku,edn-table,json-compact,extra,type:structural-validation,5,0.6,0.6,0.0,0.0,0.0,,,0,0,1.0,equivalent (±5pp),,
haiku,edn-table,json-compact,extra,shape:uniform-tables,104,0.4872,0.4679,0.0192,-0.016,0.0577,-0.0261,0.0825,4,0,0.125,no detectable difference,no detectable difference,
haiku,edn-table,json-compact,extra,type:filtering,48,0.1806,0.1528,0.0278,-0.0278,0.0833,,,0,0,1.0,no detectable difference,,
haiku,edn-table,json-compact,extra,overall-excl-structural,239,0.6234,0.6109,0.0126,-0.007,0.0349,-0.0141,0.0436,6,2,0.28906,equivalent (±5pp),equivalent (±5pp),
haiku,edn-table,json-compact,extra,type:field-retrieval,92,0.9891,0.9964,-0.0072,-0.0181,0.0,,,0,1,1.0,equivalent (±5pp),,
haiku,edn-table,json-compact,extra,track:mixed,135,0.7284,0.721,0.0074,-0.0148,0.0296,-0.0221,0.0365,2,2,1.0,equivalent (±5pp),equivalent (±5pp),
haiku,edn-table,json-compact,extra,shape:mixed,106,0.673,0.673,-0.0,-0.0252,0.0252,-0.0316,0.0252,1,2,1.0,equivalent (±5pp),equivalent (±5pp),
haiku,edn-table,json-compact,extra,type:structure-awareness,36,0.8426,0.8056,0.037,-0.0463,0.1296,,,4,1,0.375,no detectable difference,,
haiku,edn-table,json-compact,extra,type:aggregation,63,0.3016,0.2857,0.0159,-0.0265,0.0582,,,2,0,0.5,no detectable difference,,
haiku,edn-table,json-compact,extra,shape:nested-config,29,0.931,0.8966,0.0345,-0.023,0.1034,,,1,0,1.0,no detectable difference,,
haiku,edn-table,json-compact,extra,informative,64,0.3594,0.3125,0.0469,-0.0312,0.125,-0.0494,0.1667,6,2,0.28906,no detectable difference,no detectable difference,
haiku,edn-table,edn-maps,extra,overall,244,0.623,0.6079,0.015,-0.0055,0.0369,-0.0066,0.0429,7,2,0.17969,equivalent (±5pp),equivalent (±5pp),
haiku,edn-table,edn-maps,extra,track:flat,109,0.4924,0.4679,0.0245,-0.0092,0.0612,-0.013,0.125,4,0,0.125,no detectable difference,no detectable difference,
haiku,edn-table,edn-maps,extra,shape:structural-validation,5,0.6,0.4,0.2,0.0,0.6,,,1,0,1.0,no detectable difference,,
haiku,edn-table,edn-maps,extra,type:structural-validation,5,0.6,0.4,0.2,0.0,0.6,,,1,0,1.0,no detectable difference,,
haiku,edn-table,edn-maps,extra,shape:uniform-tables,104,0.4872,0.4712,0.016,-0.016,0.0513,-0.0179,0.0627,3,0,0.25,no detectable difference,no detectable difference,
haiku,edn-table,edn-maps,extra,type:filtering,48,0.1806,0.1667,0.0139,-0.0417,0.0694,,,0,0,1.0,no detectable difference,,
haiku,edn-table,edn-maps,extra,overall-excl-structural,239,0.6234,0.6123,0.0112,-0.007,0.0307,-0.01,0.0352,6,2,0.28906,equivalent (±5pp),equivalent (±5pp),
haiku,edn-table,edn-maps,extra,type:field-retrieval,92,0.9891,1.0,-0.0109,-0.029,0.0,,,0,1,1.0,equivalent (±5pp),,
haiku,edn-table,edn-maps,extra,track:mixed,135,0.7284,0.721,0.0074,-0.0173,0.0321,-0.0158,0.0331,3,2,1.0,equivalent (±5pp),equivalent (±5pp),
haiku,edn-table,edn-maps,extra,shape:mixed,106,0.673,0.6635,0.0094,-0.0157,0.0346,-0.0179,0.0377,2,2,1.0,equivalent (±5pp),equivalent (±5pp),
haiku,edn-table,edn-maps,extra,type:structure-awareness,36,0.8426,0.787,0.0556,-0.0185,0.1389,,,4,1,0.375,no detectable difference,,
haiku,edn-table,edn-maps,extra,type:aggregation,63,0.3016,0.2857,0.0159,-0.0159,0.0529,,,2,0,0.5,no detectable difference,,
haiku,edn-table,edn-maps,extra,shape:nested-config,29,0.931,0.931,0.0,-0.046,0.0575,,,1,0,1.0,no detectable difference,,
haiku,edn-table,edn-maps,extra,informative,64,0.3594,0.3021,0.0573,-0.0208,0.1354,-0.0249,0.1631,7,2,0.17969,no detectable difference,no detectable difference,
haiku,csv,toon,extra,overall,109,0.5138,0.5107,0.0031,-0.0275,0.0306,-0.1081,0.0427,0,2,0.5,equivalent (±5pp),no detectable difference,
haiku,csv,toon,extra,track:flat,109,0.5138,0.5107,0.0031,-0.0275,0.0306,-0.1,0.043,0,2,0.5,equivalent (±5pp),no detectable difference,
haiku,csv,toon,extra,shape:structural-validation,5,0.8,1.0,-0.2,-0.6,0.0,,,0,1,1.0,no detectable difference,,
haiku,csv,toon,extra,type:structural-validation,5,0.8,1.0,-0.2,-0.6,0.0,,,0,1,1.0,no detectable difference,,
haiku,csv,toon,extra,shape:uniform-tables,104,0.5,0.4872,0.0128,-0.0096,0.0353,-0.0303,0.0515,0,1,1.0,equivalent (±5pp),no detectable difference,
haiku,csv,toon,extra,type:filtering,27,0.1111,0.0617,0.0494,-0.0123,0.1111,,,0,1,1.0,no detectable difference,,
haiku,csv,toon,extra,overall-excl-structural,104,0.5,0.4872,0.0128,-0.0096,0.0353,-0.028,0.0513,0,1,1.0,equivalent (±5pp),no detectable difference,
haiku,csv,toon,extra,type:field-retrieval,32,0.9896,1.0,-0.0104,-0.0312,0.0,,,0,0,1.0,equivalent (±5pp),,
haiku,csv,toon,extra,type:structure-awareness,16,0.8333,0.8125,0.0208,0.0,0.0625,,,0,0,1.0,no detectable difference,,
haiku,csv,toon,extra,type:aggregation,29,0.1379,0.1379,-0.0,-0.046,0.046,,,0,0,1.0,equivalent (±5pp),,
haiku,csv,toon,extra,informative,31,0.4194,0.4086,0.0108,-0.0538,0.0753,-0.1167,0.1111,0,1,1.0,no detectable difference,no detectable difference,
haiku,csv,edn-table,extra,overall,109,0.5138,0.4924,0.0214,-0.0183,0.0642,-0.0354,0.1111,2,3,1.0,no detectable difference,no detectable difference,
haiku,csv,edn-table,extra,track:flat,109,0.5138,0.4924,0.0214,-0.0183,0.0642,-0.036,0.125,2,3,1.0,no detectable difference,no detectable difference,
haiku,csv,edn-table,extra,shape:structural-validation,5,0.8,0.6,0.2,-0.4,0.8,,,2,1,1.0,no detectable difference,,
haiku,csv,edn-table,extra,type:structural-validation,5,0.8,0.6,0.2,-0.4,0.8,,,2,1,1.0,no detectable difference,,
haiku,csv,edn-table,extra,shape:uniform-tables,104,0.5,0.4872,0.0128,-0.016,0.0417,-0.0278,0.0493,0,2,0.5,equivalent (±5pp),equivalent (±5pp),
haiku,csv,edn-table,extra,type:filtering,27,0.1111,0.0494,0.0617,-0.0123,0.1358,,,0,0,1.0,no detectable difference,,
haiku,csv,edn-table,extra,overall-excl-structural,104,0.5,0.4872,0.0128,-0.016,0.0417,-0.0287,0.0493,0,2,0.5,equivalent (±5pp),equivalent (±5pp),
haiku,csv,edn-table,extra,type:field-retrieval,32,0.9896,0.9896,0.0,-0.0312,0.0312,,,0,0,1.0,equivalent (±5pp),,
haiku,csv,edn-table,extra,type:structure-awareness,16,0.8333,0.8333,0.0,-0.0625,0.0625,,,0,1,1.0,no detectable difference,,
haiku,csv,edn-table,extra,type:aggregation,29,0.1379,0.1494,-0.0115,-0.069,0.0345,,,0,1,1.0,no detectable difference,,
haiku,csv,edn-table,extra,informative,31,0.4194,0.3441,0.0753,-0.0323,0.2043,-0.0505,0.3556,2,2,1.0,no detectable difference,no detectable difference,
haiku,csv,json-compact,extra,overall,109,0.5138,0.474,0.0398,-0.0031,0.0887,-0.0208,0.1389,4,1,0.375,no detectable difference,no detectable difference,
haiku,csv,json-compact,extra,track:flat,109,0.5138,0.474,0.0398,-0.0031,0.0856,-0.0208,0.1441,4,1,0.375,no detectable difference,no detectable difference,
haiku,csv,json-compact,extra,shape:structural-validation,5,0.8,0.6,0.2,-0.4,0.8,,,2,1,1.0,no detectable difference,,
haiku,csv,json-compact,extra,type:structural-validation,5,0.8,0.6,0.2,-0.4,0.8,,,2,1,1.0,no detectable difference,,
haiku,csv,json-compact,extra,shape:uniform-tables,104,0.5,0.4679,0.0321,-0.0,0.0673,-0.0101,0.0852,2,0,0.5,no detectable difference,no detectable difference,
haiku,csv,json-compact,extra,type:filtering,27,0.1111,0.0494,0.0617,-0.0123,0.1235,,,0,0,1.0,no detectable difference,,
haiku,csv,json-compact,extra,overall-excl-structural,104,0.5,0.4679,0.0321,0.0031,0.0673,-0.0101,0.0825,2,0,0.5,A better,no detectable difference,
haiku,csv,json-compact,extra,type:field-retrieval,32,0.9896,1.0,-0.0104,-0.0312,0.0,,,0,0,1.0,equivalent (±5pp),,
haiku,csv,json-compact,extra,type:structure-awareness,16,0.8333,0.7083,0.125,0.0,0.3125,,,2,0,0.5,no detectable difference,,
haiku,csv,json-compact,extra,type:aggregation,29,0.1379,0.1379,-0.0,-0.0345,0.0345,,,0,0,1.0,equivalent (±5pp),,
haiku,csv,json-compact,extra,informative,31,0.4194,0.2796,0.1398,0.0215,0.2796,0.0093,0.4,4,0,0.125,A better,A better,
haiku,edn-table-lines,edn-table,layout,overall,135,0.7309,0.7284,0.0025,-0.0198,0.0247,-0.0269,0.0321,4,2,0.6875,equivalent (±5pp),equivalent (±5pp),
haiku,edn-table-lines,edn-table,layout,type:filtering,21,0.381,0.3492,0.0317,-0.0476,0.1111,,,3,0,0.25,no detectable difference,,
haiku,edn-table-lines,edn-table,layout,overall-excl-structural,135,0.7309,0.7284,0.0025,-0.0198,0.0247,-0.027,0.0317,4,2,0.6875,equivalent (±5pp),equivalent (±5pp),
haiku,edn-table-lines,edn-table,layout,type:field-retrieval,60,0.9944,0.9889,0.0056,0.0,0.0167,,,1,0,1.0,equivalent (±5pp),,
haiku,edn-table-lines,edn-table,layout,track:mixed,135,0.7309,0.7284,0.0025,-0.0198,0.0247,-0.0269,0.0319,4,2,0.6875,equivalent (±5pp),equivalent (±5pp),
haiku,edn-table-lines,edn-table,layout,shape:mixed,106,0.6824,0.673,0.0094,-0.0157,0.0346,-0.0185,0.0413,4,1,0.375,equivalent (±5pp),equivalent (±5pp),
haiku,edn-table-lines,edn-table,layout,type:structure-awareness,20,0.8167,0.85,-0.0333,-0.0833,0.0,,,0,1,1.0,no detectable difference,,
haiku,edn-table-lines,edn-table,layout,type:aggregation,34,0.4314,0.4314,-0.0,-0.0686,0.0588,,,0,1,1.0,no detectable difference,,
haiku,edn-table-lines,edn-table,layout,shape:nested-config,29,0.908,0.931,-0.023,-0.0805,0.023,,,0,1,1.0,no detectable difference,,
haiku,edn-table-lines,edn-table,layout,informative,33,0.3737,0.3737,-0.0,-0.0909,0.0909,-0.141,0.0922,4,2,0.6875,no detectable difference,no detectable difference,
haiku,edn-table-lines,toon,layout,overall,135,0.7309,0.7556,-0.0247,-0.0617,0.0099,-0.0887,0.0199,3,7,0.34375,no detectable difference,no detectable difference,
haiku,edn-table-lines,toon,layout,type:filtering,21,0.381,0.3333,0.0476,-0.0635,0.1587,,,2,1,1.0,no detectable difference,,
haiku,edn-table-lines,toon,layout,overall-excl-structural,135,0.7309,0.7556,-0.0247,-0.0617,0.0099,-0.0895,0.0198,3,7,0.34375,no detectable difference,no detectable difference,
haiku,edn-table-lines,toon,layout,type:field-retrieval,60,0.9944,0.9944,0.0,0.0,0.0,,,0,0,1.0,equivalent (±5pp),,
haiku,edn-table-lines,toon,layout,track:mixed,135,0.7309,0.7556,-0.0247,-0.0617,0.0099,-0.09,0.0207,3,7,0.34375,no detectable difference,no detectable difference,
haiku,edn-table-lines,toon,layout,shape:mixed,106,0.6824,0.7107,-0.0283,-0.0723,0.0126,-0.108,0.0238,2,6,0.28906,no detectable difference,no detectable difference,
haiku,edn-table-lines,toon,layout,type:structure-awareness,20,0.8167,0.9833,-0.1667,-0.3,-0.05,,,0,3,0.25,B better,,
haiku,edn-table-lines,toon,layout,type:aggregation,34,0.4314,0.4608,-0.0294,-0.1176,0.049,,,1,3,0.625,no detectable difference,,
haiku,edn-table-lines,toon,layout,shape:nested-config,29,0.908,0.9195,-0.0115,-0.0805,0.0575,,,1,1,1.0,no detectable difference,,
haiku,edn-table-lines,toon,layout,informative,33,0.3737,0.4848,-0.1111,-0.2525,0.0303,-0.3175,0.1081,3,7,0.34375,no detectable difference,no detectable difference,
haiku,edn-table-lines,json-compact,layout,overall,135,0.7309,0.721,0.0099,-0.0148,0.0346,-0.0134,0.0343,3,1,0.625,equivalent (±5pp),equivalent (±5pp),
haiku,edn-table-lines,json-compact,layout,type:filtering,21,0.381,0.2857,0.0952,-0.0,0.2063,,,3,0,0.25,no detectable difference,,
haiku,edn-table-lines,json-compact,layout,overall-excl-structural,135,0.7309,0.721,0.0099,-0.0148,0.0346,-0.0133,0.0342,3,1,0.625,equivalent (±5pp),equivalent (±5pp),
haiku,edn-table-lines,json-compact,layout,type:field-retrieval,60,0.9944,0.9944,0.0,0.0,0.0,,,0,0,1.0,equivalent (±5pp),,
haiku,edn-table-lines,json-compact,layout,track:mixed,135,0.7309,0.721,0.0099,-0.0123,0.0346,-0.0147,0.034,3,1,0.625,equivalent (±5pp),equivalent (±5pp),
haiku,edn-table-lines,json-compact,layout,shape:mixed,106,0.6824,0.673,0.0094,-0.0189,0.0409,-0.0201,0.0388,3,1,0.625,equivalent (±5pp),equivalent (±5pp),
haiku,edn-table-lines,json-compact,layout,type:structure-awareness,20,0.8167,0.8833,-0.0667,-0.15,0.0,,,0,1,1.0,no detectable difference,,
haiku,edn-table-lines,json-compact,layout,type:aggregation,34,0.4314,0.4118,0.0196,-0.0196,0.0588,,,0,0,1.0,no detectable difference,,
haiku,edn-table-lines,json-compact,layout,shape:nested-config,29,0.908,0.8966,0.0115,0.0,0.0345,,,0,0,1.0,equivalent (±5pp),,
haiku,edn-table-lines,json-compact,layout,informative,33,0.3737,0.3434,0.0303,-0.0606,0.1212,-0.0667,0.1594,3,1,0.625,no detectable difference,no detectable difference,
sonnet,edn-maps,json-compact,primary,overall,244,0.6489,0.6434,0.0055,-0.0164,0.0273,-0.0276,0.0354,9,5,0.42395,equivalent (±5pp),equivalent (±5pp),1.0
sonnet,edn-maps,json-compact,primary,track:flat,109,0.4985,0.4862,0.0122,-0.0306,0.052,-0.1081,0.0625,6,4,0.75391,no detectable difference,no detectable difference,
sonnet,edn-maps,json-compact,primary,shape:structural-validation,5,0.4,0.6,-0.2,-0.6,0.0,,,0,1,1.0,no detectable difference,,
sonnet,edn-maps,json-compact,primary,type:structural-validation,5,0.4,0.6,-0.2,-0.6,0.0,,,0,1,1.0,no detectable difference,,
sonnet,edn-maps,json-compact,primary,shape:uniform-tables,104,0.5032,0.4808,0.0224,-0.016,0.0609,-0.0347,0.0714,6,3,0.50781,no detectable difference,no detectable difference,
sonnet,edn-maps,json-compact,primary,type:filtering,48,0.2708,0.2222,0.0486,-0.0139,0.1111,,,6,0,0.03125,no detectable difference,,
sonnet,edn-maps,json-compact,primary,overall-excl-structural,239,0.6541,0.6444,0.0098,-0.0126,0.0307,-0.0187,0.0389,9,4,0.26685,equivalent (±5pp),equivalent (±5pp),
sonnet,edn-maps,json-compact,primary,type:field-retrieval,92,0.9964,0.9964,0.0,-0.0109,0.0109,,,0,0,1.0,equivalent (±5pp),,
sonnet,edn-maps,json-compact,primary,track:mixed,135,0.7704,0.7704,0.0,-0.0247,0.0222,-0.0272,0.0268,3,1,0.625,equivalent (±5pp),equivalent (±5pp),
sonnet,edn-maps,json-compact,primary,shape:mixed,106,0.7075,0.7107,-0.0031,-0.0346,0.0252,-0.0346,0.029,3,1,0.625,equivalent (±5pp),equivalent (±5pp),
sonnet,edn-maps,json-compact,primary,type:structure-awareness,36,0.8241,0.8148,0.0093,-0.0741,0.0833,,,1,2,1.0,no detectable difference,,
sonnet,edn-maps,json-compact,primary,type:aggregation,63,0.3492,0.3545,-0.0053,-0.0529,0.037,,,2,2,1.0,no detectable difference,,
sonnet,edn-maps,json-compact,primary,shape:nested-config,29,1.0,0.9885,0.0115,0.0,0.0345,,,0,0,1.0,equivalent (±5pp),,
sonnet,edn-maps,json-compact,primary,informative,67,0.3781,0.3582,0.0199,-0.0647,0.0995,-0.1012,0.1236,9,5,0.42395,no detectable difference,no detectable difference,
sonnet,edn-table,toon,primary,overall,244,0.6489,0.6735,-0.0246,-0.0546,0.0041,-0.0661,0.0068,6,14,0.11532,no detectable difference,no detectable difference,1.0
sonnet,edn-table,toon,primary,track:flat,109,0.4954,0.5352,-0.0398,-0.0856,0.0031,-0.175,0.0085,2,6,0.28906,no detectable difference,no detectable difference,
sonnet,edn-table,toon,primary,shape:structural-validation,5,0.6,1.0,-0.4,-0.8,0.0,,,0,2,0.5,no detectable difference,,
sonnet,edn-table,toon,primary,type:structural-validation,5,0.6,1.0,-0.4,-0.8,0.0,,,0,2,0.5,no detectable difference,,
sonnet,edn-table,toon,primary,shape:uniform-tables,104,0.4904,0.5128,-0.0224,-0.0609,0.0128,-0.0696,0.0259,2,4,0.6875,no detectable difference,no detectable difference,
sonnet,edn-table,toon,primary,type:filtering,48,0.2292,0.2083,0.0208,-0.0556,0.0972,,,3,3,1.0,no detectable difference,,
sonnet,edn-table,toon,primary,overall-excl-structural,239,0.6499,0.6667,-0.0167,-0.046,0.0098,-0.0525,0.0147,6,12,0.23788,equivalent (±5pp),no detectable difference,
sonnet,edn-table,toon,primary,type:field-retrieval,92,0.9928,0.9783,0.0145,0.0,0.0326,,,1,0,1.0,equivalent (±5pp),,
sonnet,edn-table,toon,primary,track:mixed,135,0.7728,0.7852,-0.0123,-0.0568,0.0272,-0.0643,0.0272,4,8,0.3877,no detectable difference,no detectable difference,
sonnet,edn-table,toon,primary,shape:mixed,106,0.7107,0.7296,-0.0189,-0.0723,0.0314,-0.081,0.031,4,8,0.3877,no detectable difference,no detectable difference,
sonnet,edn-table,toon,primary,type:structure-awareness,36,0.8426,0.9259,-0.0833,-0.1944,0.0093,,,1,3,0.625,no detectable difference,,
sonnet,edn-table,toon,primary,type:aggregation,63,0.3598,0.4127,-0.0529,-0.1164,0.0053,,,1,6,0.125,no detectable difference,,
sonnet,edn-table,toon,primary,shape:nested-config,29,1.0,0.9885,0.0115,0.0,0.0345,,,0,0,1.0,equivalent (±5pp),,
sonnet,edn-table,toon,primary,informative,67,0.3781,0.4677,-0.0896,-0.199,0.0149,-0.2319,0.0278,6,14,0.11532,no detectable difference,no detectable difference,
sonnet,edn-table-primer,edn-table,primary,overall,244,0.6475,0.6489,-0.0014,-0.0191,0.0178,-0.0259,0.025,7,3,0.34375,equivalent (±5pp),equivalent (±5pp),1.0
sonnet,edn-table-primer,edn-table,primary,track:flat,109,0.4893,0.4954,-0.0061,-0.0306,0.0183,-0.0396,0.0347,2,1,1.0,equivalent (±5pp),equivalent (±5pp),
sonnet,edn-table-primer,edn-table,primary,shape:structural-validation,5,0.6,0.6,0.0,0.0,0.0,,,0,0,1.0,equivalent (±5pp),,
sonnet,edn-table-primer,edn-table,primary,type:structural-validation,5,0.6,0.6,0.0,0.0,0.0,,,0,0,1.0,equivalent (±5pp),,
sonnet,edn-table-primer,edn-table,primary,shape:uniform-tables,104,0.484,0.4904,-0.0064,-0.0321,0.0192,-0.0404,0.0327,2,1,1.0,equivalent (±5pp),equivalent (±5pp),
sonnet,edn-table-primer,edn-table,primary,type:filtering,48,0.2153,0.2292,-0.0139,-0.0694,0.0417,,,3,1,0.625,no detectable difference,,
sonnet,edn-table-primer,edn-table,primary,overall-excl-structural,239,0.6485,0.6499,-0.0014,-0.0195,0.0181,-0.0264,0.0242,7,3,0.34375,equivalent (±5pp),equivalent (±5pp),
sonnet,edn-table-primer,edn-table,primary,type:field-retrieval,92,0.9891,0.9928,-0.0036,-0.0109,0.0,,,0,0,1.0,equivalent (±5pp),,
sonnet,edn-table-primer,edn-table,primary,track:mixed,135,0.7753,0.7728,0.0025,-0.0247,0.0296,-0.0318,0.0368,5,2,0.45312,equivalent (±5pp),equivalent (±5pp),
sonnet,edn-table-primer,edn-table,primary,shape:mixed,106,0.7201,0.7107,0.0094,-0.022,0.044,-0.0288,0.0486,5,1,0.21875,equivalent (±5pp),equivalent (±5pp),
sonnet,edn-table-primer,edn-table,primary,type:structure-awareness,36,0.8704,0.8426,0.0278,-0.037,0.1111,,,2,1,1.0,no detectable difference,,
sonnet,edn-table-primer,edn-table,primary,type:aggregation,63,0.3545,0.3598,-0.0053,-0.0423,0.0265,,,2,1,1.0,equivalent (±5pp),,
sonnet,edn-table-primer,edn-table,primary,shape:nested-config,29,0.977,1.0,-0.023,-0.069,0.0,,,0,1,1.0,no detectable difference,,
sonnet,edn-table-primer,edn-table,primary,informative,67,0.3731,0.3781,-0.005,-0.0697,0.0647,-0.1061,0.076,7,3,0.34375,no detectable difference,no detectable difference,
sonnet,edn-table-primer,toon,primary,overall,244,0.6475,0.6735,-0.026,-0.0533,0.0,-0.0663,0.0024,7,11,0.48068,no detectable difference,no detectable difference,1.0
sonnet,edn-table-primer,toon,primary,track:flat,109,0.4893,0.5352,-0.0459,-0.0917,-0.0031,-0.1833,0.0,4,7,0.54883,B better,no detectable difference,
sonnet,edn-table-primer,toon,primary,shape:structural-validation,5,0.6,1.0,-0.4,-0.8,0.0,,,0,2,0.5,no detectable difference,,
sonnet,edn-table-primer,toon,primary,type:structural-validation,5,0.6,1.0,-0.4,-0.8,0.0,,,0,2,0.5,no detectable difference,,
sonnet,edn-table-primer,toon,primary,shape:uniform-tables,104,0.484,0.5128,-0.0288,-0.0673,0.0096,-0.0842,0.0145,4,5,1.0,no detectable difference,no detectable difference,
sonnet,edn-table-primer,toon,primary,type:filtering,48,0.2153,0.2083,0.0069,-0.0556,0.0694,,,4,2,0.6875,no detectable difference,,
sonnet,edn-table-primer,toon,primary,overall-excl-structural,239,0.6485,0.6667,-0.0181,-0.0446,0.0056,-0.0516,0.0092,7,9,0.80362,equivalent (±5pp),no detectable difference,
sonnet,edn-table-primer,toon,primary,type:field-retrieval,92,0.9891,0.9783,0.0109,0.0,0.029,,,1,0,1.0,equivalent (±5pp),,
sonnet,edn-table-primer,toon,primary,track:mixed,135,0.7753,0.7852,-0.0099,-0.042,0.0222,-0.048,0.0219,3,4,1.0,equivalent (±5pp),equivalent (±5pp),
sonnet,edn-table-primer,toon,primary,shape:mixed,106,0.7201,0.7296,-0.0094,-0.0503,0.0314,-0.0569,0.0311,3,3,1.0,no detectable difference,no detectable difference,
sonnet,edn-table-primer,toon,primary,type:structure-awareness,36,0.8704,0.9259,-0.0556,-0.1389,0.0185,,,1,2,1.0,no detectable difference,,
sonnet,edn-table-primer,toon,primary,type:aggregation,63,0.3545,0.4127,-0.0582,-0.1217,0.0,,,1,5,0.21875,no detectable difference,,
sonnet,edn-table-primer,toon,primary,shape:nested-config,29,0.977,0.9885,-0.0115,-0.0345,0.0,,,0,1,1.0,equivalent (±5pp),,
sonnet,edn-table-primer,toon,primary,informative,67,0.3731,0.4677,-0.0945,-0.1891,0.0,-0.2564,0.0061,7,11,0.48068,no detectable difference,no detectable difference,
sonnet,edn-table-primer,json-compact,primary,overall,244,0.6475,0.6434,0.0041,-0.0191,0.0287,-0.0298,0.0336,11,6,0.33231,equivalent (±5pp),equivalent (±5pp),1.0
sonnet,edn-table-primer,json-compact,primary,track:flat,109,0.4893,0.4862,0.0031,-0.0398,0.0459,-0.0693,0.0568,6,4,0.75391,equivalent (±5pp),no detectable difference,
sonnet,edn-table-primer,json-compact,primary,shape:structural-validation,5,0.6,0.6,0.0,0.0,0.0,,,0,0,1.0,equivalent (±5pp),,
sonnet,edn-table-primer,json-compact,primary,type:structural-validation,5,0.6,0.6,0.0,0.0,0.0,,,0,0,1.0,equivalent (±5pp),,
sonnet,edn-table-primer,json-compact,primary,shape:uniform-tables,104,0.484,0.4808,0.0032,-0.0417,0.0481,-0.064,0.0561,6,4,0.75391,equivalent (±5pp),no detectable difference,
sonnet,edn-table-primer,json-compact,primary,type:filtering,48,0.2153,0.2222,-0.0069,-0.0694,0.0556,,,5,2,0.45312,no detectable difference,,
sonnet,edn-table-primer,json-compact,primary,overall-excl-structural,239,0.6485,0.6444,0.0042,-0.0195,0.0293,-0.0289,0.0332,11,6,0.33231,equivalent (±5pp),equivalent (±5pp),
sonnet,edn-table-primer,json-compact,primary,type:field-retrieval,92,0.9891,0.9964,-0.0072,-0.0254,0.0072,,,0,1,1.0,equivalent (±5pp),,
sonnet,edn-table-primer,json-compact,primary,track:mixed,135,0.7753,0.7704,0.0049,-0.0198,0.0297,-0.0236,0.0359,5,2,0.45312,equivalent (±5pp),equivalent (±5pp),
sonnet,edn-table-primer,json-compact,primary,shape:mixed,106,0.7201,0.7107,0.0094,-0.022,0.044,-0.0281,0.0463,5,1,0.21875,equivalent (±5pp),equivalent (±5pp),
sonnet,edn-table-primer,json-compact,primary,type:structure-awareness,36,0.8704,0.8148,0.0556,-0.037,0.1574,,,3,1,0.625,no detectable difference,,
sonnet,edn-table-primer,json-compact,primary,type:aggregation,63,0.3545,0.3545,0.0,-0.0476,0.0423,,,3,2,1.0,equivalent (±5pp),,
sonnet,edn-table-primer,json-compact,primary,shape:nested-config,29,0.977,0.9885,-0.0115,-0.0345,0.0,,,0,1,1.0,equivalent (±5pp),,
sonnet,edn-table-primer,json-compact,primary,informative,67,0.3731,0.3582,0.0149,-0.0697,0.1045,-0.1148,0.1111,11,6,0.33231,no detectable difference,no detectable difference,
sonnet,edn-maps,toon,primary,overall,244,0.6489,0.6735,-0.0246,-0.0574,0.0068,-0.0701,0.0068,11,16,0.44207,no detectable difference,no detectable difference,1.0
sonnet,edn-maps,toon,primary,track:flat,109,0.4985,0.5352,-0.0367,-0.0948,0.0183,-0.25,0.0167,7,10,0.62906,no detectable difference,no detectable difference,
sonnet,edn-maps,toon,primary,shape:structural-validation,5,0.4,1.0,-0.6,-1.0,-0.2,,,0,3,0.25,B better,,
sonnet,edn-maps,toon,primary,type:structural-validation,5,0.4,1.0,-0.6,-1.0,-0.2,,,0,3,0.25,B better,,
sonnet,edn-maps,toon,primary,shape:uniform-tables,104,0.5032,0.5128,-0.0096,-0.0577,0.0385,-0.0685,0.0406,7,7,1.0,no detectable difference,no detectable difference,
sonnet,edn-maps,toon,primary,type:filtering,48,0.2708,0.2083,0.0625,-0.0139,0.1389,,,6,1,0.125,no detectable difference,,
sonnet,edn-maps,toon,primary,overall-excl-structural,239,0.6541,0.6667,-0.0126,-0.0432,0.0167,-0.0472,0.0177,11,13,0.83882,equivalent (±5pp),equivalent (±5pp),
sonnet,edn-maps,toon,primary,type:field-retrieval,92,0.9964,0.9783,0.0181,0.0,0.0435,,,2,0,0.5,equivalent (±5pp),,
sonnet,edn-maps,toon,primary,track:mixed,135,0.7704,0.7852,-0.0148,-0.0519,0.0198,-0.0593,0.0195,4,6,0.75391,no detectable difference,no detectable difference,
sonnet,edn-maps,toon,primary,shape:mixed,106,0.7075,0.7296,-0.022,-0.0692,0.022,-0.0744,0.0208,4,6,0.75391,no detectable difference,no detectable difference,
sonnet,edn-maps,toon,primary,type:structure-awareness,36,0.8241,0.9259,-0.1019,-0.2037,-0.0093,,,1,5,0.21875,B better,,
sonnet,edn-maps,toon,primary,type:aggregation,63,0.3492,0.4127,-0.0635,-0.127,-0.0053,,,2,7,0.17969,B better,,
sonnet,edn-maps,toon,primary,shape:nested-config,29,1.0,0.9885,0.0115,0.0,0.0345,,,0,0,1.0,equivalent (±5pp),,
sonnet,edn-maps,toon,primary,informative,67,0.3781,0.4677,-0.0896,-0.209,0.0249,-0.25,0.0253,11,16,0.44207,no detectable difference,no detectable difference,
sonnet,toon,json-compact,extra,overall,244,0.6735,0.6434,0.0301,0.0027,0.0601,0.0012,0.0681,15,6,0.07835,A better,A better,
sonnet,toon,json-compact,extra,track:flat,109,0.5352,0.4862,0.0489,0.0031,0.1009,0.0,0.1622,8,3,0.22656,A better,no detectable difference,
sonnet,toon,json-compact,extra,shape:structural-validation,5,1.0,0.6,0.4,0.0,0.8,,,2,0,0.5,no detectable difference,,
sonnet,toon,json-compact,extra,type:structural-validation,5,1.0,0.6,0.4,0.0,0.8,,,2,0,0.5,no detectable difference,,
sonnet,toon,json-compact,extra,shape:uniform-tables,104,0.5128,0.4808,0.0321,-0.0128,0.0769,-0.0143,0.0774,6,3,0.50781,no detectable difference,no detectable difference,
sonnet,toon,json-compact,extra,type:filtering,48,0.2083,0.2222,-0.0139,-0.0903,0.0625,,,3,2,1.0,no detectable difference,,
sonnet,toon,json-compact,extra,overall-excl-structural,239,0.6667,0.6444,0.0223,-0.0042,0.0502,-0.0058,0.0548,13,6,0.16707,no detectable difference,no detectable difference,
sonnet,toon,json-compact,extra,type:field-retrieval,92,0.9783,0.9964,-0.0181,-0.0435,0.0036,,,0,2,0.5,equivalent (±5pp),,
sonnet,toon,json-compact,extra,track:mixed,135,0.7852,0.7704,0.0148,-0.0198,0.0519,-0.0173,0.0565,7,3,0.34375,no detectable difference,no detectable difference,
sonnet,toon,json-compact,extra,shape:mixed,106,0.7296,0.7107,0.0189,-0.0252,0.066,-0.0218,0.0714,7,3,0.34375,no detectable difference,no detectable difference,
sonnet,toon,json-compact,extra,type:structure-awareness,36,0.9259,0.8148,0.1111,0.0185,0.2222,,,4,1,0.375,A better,,
sonnet,toon,json-compact,extra,type:aggregation,63,0.4127,0.3545,0.0582,0.0106,0.1111,,,6,1,0.125,A better,,
sonnet,toon,json-compact,extra,shape:nested-config,29,0.9885,0.9885,0.0,0.0,0.0,,,0,0,1.0,equivalent (±5pp),,
sonnet,toon,json-compact,extra,informative,67,0.4677,0.3582,0.1095,0.005,0.2139,0.0076,0.2424,15,6,0.07835,A better,A better,
sonnet,edn-table,json-compact,extra,overall,244,0.6489,0.6434,0.0055,-0.0178,0.0287,-0.0227,0.0324,7,6,1.0,equivalent (±5pp),equivalent (±5pp),
sonnet,edn-table,json-compact,extra,track:flat,109,0.4954,0.4862,0.0092,-0.0306,0.0489,-0.0417,0.0617,4,3,1.0,equivalent (±5pp),no detectable difference,
sonnet,edn-table,json-compact,extra,shape:structural-validation,5,0.6,0.6,0.0,0.0,0.0,,,0,0,1.0,equivalent (±5pp),,
sonnet,edn-table,json-compact,extra,type:structural-validation,5,0.6,0.6,0.0,0.0,0.0,,,0,0,1.0,equivalent (±5pp),,
sonnet,edn-table,json-compact,extra,shape:uniform-tables,104,0.4904,0.4808,0.0096,-0.0321,0.0513,-0.0417,0.0594,4,3,1.0,no detectable difference,no detectable difference,
sonnet,edn-table,json-compact,extra,type:filtering,48,0.2292,0.2222,0.0069,-0.0625,0.0764,,,3,2,1.0,no detectable difference,,
sonnet,edn-table,json-compact,extra,overall-excl-structural,239,0.6499,0.6444,0.0056,-0.0181,0.0293,-0.0228,0.0327,7,6,1.0,equivalent (±5pp),equivalent (±5pp),
sonnet,edn-table,json-compact,extra,type:field-retrieval,92,0.9928,0.9964,-0.0036,-0.0217,0.0109,,,0,1,1.0,equivalent (±5pp),,
sonnet,edn-table,json-compact,extra,track:mixed,135,0.7728,0.7704,0.0025,-0.0247,0.0272,-0.0325,0.0275,3,3,1.0,equivalent (±5pp),equivalent (±5pp),
sonnet,edn-table,json-compact,extra,shape:mixed,106,0.7107,0.7107,0.0,-0.0346,0.0314,-0.0424,0.0326,3,3,1.0,equivalent (±5pp),equivalent (±5pp),
sonnet,edn-table,json-compact,extra,type:structure-awareness,36,0.8426,0.8148,0.0278,-0.0648,0.1204,,,2,1,1.0,no detectable difference,,
sonnet,edn-table,json-compact,extra,type:aggregation,63,0.3598,0.3545,0.0053,-0.037,0.0476,,,2,2,1.0,equivalent (±5pp),,
sonnet,edn-table,json-compact,extra,shape:nested-config,29,1.0,0.9885,0.0115,0.0,0.0345,,,0,0,1.0,equivalent (±5pp),,
sonnet,edn-table,json-compact,extra,informative,67,0.3781,0.3582,0.0199,-0.0647,0.1045,-0.0805,0.1233,7,6,1.0,no detectable difference,no detectable difference,
sonnet,edn-table,edn-maps,extra,overall,244,0.6489,0.6489,0.0,-0.0232,0.0219,-0.032,0.0311,6,9,0.60724,equivalent (±5pp),equivalent (±5pp),
sonnet,edn-table,edn-maps,extra,track:flat,109,0.4954,0.4985,-0.0031,-0.0459,0.0398,-0.0541,0.1083,4,5,1.0,equivalent (±5pp),no detectable difference,
sonnet,edn-table,edn-maps,extra,shape:structural-validation,5,0.6,0.4,0.2,0.0,0.6,,,1,0,1.0,no detectable difference,,
sonnet,edn-table,edn-maps,extra,type:structural-validation,5,0.6,0.4,0.2,0.0,0.6,,,1,0,1.0,no detectable difference,,
sonnet,edn-table,edn-maps,extra,shape:uniform-tables,104,0.4904,0.5032,-0.0128,-0.0545,0.0256,-0.0638,0.0404,3,5,0.72656,no detectable difference,no detectable difference,
sonnet,edn-table,edn-maps,extra,type:filtering,48,0.2292,0.2708,-0.0417,-0.1042,0.0208,,,1,6,0.125,no detectable difference,,
sonnet,edn-table,edn-maps,extra,overall-excl-structural,239,0.6499,0.6541,-0.0042,-0.0265,0.0167,-0.0354,0.0231,5,9,0.42395,equivalent (±5pp),equivalent (±5pp),
sonnet,edn-table,edn-maps,extra,type:field-retrieval,92,0.9928,0.9964,-0.0036,-0.0217,0.0109,,,0,1,1.0,equivalent (±5pp),,
sonnet,edn-table,edn-maps,extra,track:mixed,135,0.7728,0.7704,0.0025,-0.0222,0.0247,-0.0352,0.0295,2,4,0.6875,equivalent (±5pp),equivalent (±5pp),
sonnet,edn-table,edn-maps,extra,shape:mixed,106,0.7107,0.7075,0.0031,-0.0283,0.0314,-0.0461,0.0346,2,4,0.6875,equivalent (±5pp),equivalent (±5pp),
sonnet,edn-table,edn-maps,extra,type:structure-awareness,36,0.8426,0.8241,0.0185,-0.0741,0.1111,,,3,1,0.625,no detectable difference,,
sonnet,edn-table,edn-maps,extra,type:aggregation,63,0.3598,0.3492,0.0106,-0.0265,0.0476,,,1,1,1.0,equivalent (±5pp),,
sonnet,edn-table,edn-maps,extra,shape:nested-config,29,1.0,1.0,0.0,0.0,0.0,,,0,0,1.0,equivalent (±5pp),,
sonnet,edn-table,edn-maps,extra,informative,67,0.3781,0.3781,0.0,-0.0846,0.0846,-0.1138,0.1143,6,9,0.60724,no detectable difference,no detectable difference,
sonnet,csv,toon,extra,overall,109,0.5046,0.5352,-0.0306,-0.0795,0.0153,-0.125,0.018,3,5,0.72656,no detectable difference,no detectable difference,
sonnet,csv,toon,extra,track:flat,109,0.5046,0.5352,-0.0306,-0.0795,0.0153,-0.125,0.018,3,5,0.72656,no detectable difference,no detectable difference,
sonnet,csv,toon,extra,shape:structural-validation,5,0.8,1.0,-0.2,-0.6,0.0,,,0,1,1.0,no detectable difference,,
sonnet,csv,toon,extra,type:structural-validation,5,0.8,1.0,-0.2,-0.6,0.0,,,0,1,1.0,no detectable difference,,
sonnet,csv,toon,extra,shape:uniform-tables,104,0.4904,0.5128,-0.0224,-0.0673,0.0224,-0.0737,0.0259,3,4,1.0,no detectable difference,no detectable difference,
sonnet,csv,toon,extra,type:filtering,27,0.0741,0.0988,-0.0247,-0.1235,0.0864,,,1,1,1.0,no detectable difference,,
sonnet,csv,toon,extra,overall-excl-structural,104,0.4904,0.5128,-0.0224,-0.0673,0.0224,-0.0741,0.0256,3,4,1.0,no detectable difference,no detectable difference,
sonnet,csv,toon,extra,type:field-retrieval,32,1.0,0.9479,0.0521,0.0,0.1146,,,2,0,0.5,no detectable difference,,
sonnet,csv,toon,extra,type:structure-awareness,16,0.8542,0.875,-0.0208,-0.0625,0.0,,,0,0,1.0,no detectable difference,,
sonnet,csv,toon,extra,type:aggregation,29,0.1149,0.2184,-0.1034,-0.2069,-0.0115,,,0,3,0.25,B better,,
sonnet,csv,toon,extra,informative,37,0.3784,0.4414,-0.0631,-0.1892,0.0631,-0.2,0.0864,3,4,1.0,no detectable difference,no detectable difference,
sonnet,csv,edn-table,extra,overall,109,0.5046,0.4954,0.0092,-0.0336,0.052,-0.0417,0.1111,4,2,0.6875,no detectable difference,no detectable difference,
sonnet,csv,edn-table,extra,track:flat,109,0.5046,0.4954,0.0092,-0.0336,0.052,-0.0417,0.1081,4,2,0.6875,no detectable difference,no detectable difference,
sonnet,csv,edn-table,extra,shape:structural-validation,5,0.8,0.6,0.2,-0.4,0.8,,,2,1,1.0,no detectable difference,,
sonnet,csv,edn-table,extra,type:structural-validation,5,0.8,0.6,0.2,-0.4,0.8,,,2,1,1.0,no detectable difference,,
sonnet,csv,edn-table,extra,shape:uniform-tables,104,0.4904,0.4904,0.0,-0.0321,0.0321,-0.0312,0.0321,2,1,1.0,equivalent (±5pp),equivalent (±5pp),
sonnet,csv,edn-table,extra,type:filtering,27,0.0741,0.0864,-0.0123,-0.1111,0.0864,,,1,1,1.0,no detectable difference,,
sonnet,csv,edn-table,extra,overall-excl-structural,104,0.4904,0.4904,0.0,-0.0321,0.0321,-0.0298,0.0321,2,1,1.0,equivalent (±5pp),equivalent (±5pp),
sonnet,csv,edn-table,extra,type:field-retrieval,32,1.0,0.9792,0.0208,0.0,0.0625,,,1,0,1.0,no detectable difference,,
sonnet,csv,edn-table,extra,type:structure-awareness,16,0.8542,0.8333,0.0208,0.0,0.0625,,,0,0,1.0,no detectable difference,,
sonnet,csv,edn-table,extra,type:aggregation,29,0.1149,0.1379,-0.023,-0.069,0.023,,,0,0,1.0,no detectable difference,,
sonnet,csv,edn-table,extra,informative,37,0.3784,0.3243,0.0541,-0.0541,0.1712,-0.0486,0.3333,4,1,0.375,no detectable difference,no detectable difference,
sonnet,csv,json-compact,extra,overall,109,0.5046,0.4862,0.0183,-0.0306,0.0673,-0.044,0.125,6,3,0.50781,no detectable difference,no detectable difference,
sonnet,csv,json-compact,extra,track:flat,109,0.5046,0.4862,0.0183,-0.0306,0.0673,-0.0435,0.125,6,3,0.50781,no detectable difference,no detectable difference,
sonnet,csv,json-compact,extra,shape:structural-validation,5,0.8,0.6,0.2,-0.4,0.8,,,2,1,1.0,no detectable difference,,
sonnet,csv,json-compact,extra,type:structural-validation,5,0.8,0.6,0.2,-0.4,0.8,,,2,1,1.0,no detectable difference,,
sonnet,csv,json-compact,extra,shape:uniform-tables,104,0.4904,0.4808,0.0096,-0.0288,0.0513,-0.0347,0.0551,4,2,0.6875,no detectable difference,no detectable difference,
sonnet,csv,json-compact,extra,type:filtering,27,0.0741,0.0741,0.0,-0.0741,0.0741,,,1,1,1.0,no detectable difference,,
sonnet,csv,json-compact,extra,overall-excl-structural,104,0.4904,0.4808,0.0096,-0.0288,0.0481,-0.0347,0.0538,4,2,0.6875,equivalent (±5pp),no detectable difference,
sonnet,csv,json-compact,extra,type:field-retrieval,32,1.0,1.0,0.0,0.0,0.0,,,0,0,1.0,equivalent (±5pp),,
sonnet,csv,json-compact,extra,type:structure-awareness,16,0.8542,0.7708,0.0833,-0.0417,0.25,,,2,0,0.5,no detectable difference,,
sonnet,csv,json-compact,extra,type:aggregation,29,0.1149,0.1264,-0.0115,-0.1149,0.069,,,1,1,1.0,no detectable difference,,
sonnet,csv,json-compact,extra,informative,37,0.3784,0.2973,0.0811,-0.045,0.2162,-0.0513,0.3833,6,2,0.28906,no detectable difference,no detectable difference,
sonnet,edn-table-lines,edn-table,layout,overall,135,0.7679,0.7728,-0.0049,-0.0296,0.0198,-0.0295,0.0231,5,1,0.21875,equivalent (±5pp),equivalent (±5pp),
sonnet,edn-table-lines,edn-table,layout,type:filtering,21,0.3333,0.4127,-0.0794,-0.1746,0.0159,,,2,1,1.0,no detectable difference,,
sonnet,edn-table-lines,edn-table,layout,overall-excl-structural,135,0.7679,0.7728,-0.0049,-0.0296,0.0222,-0.0295,0.0236,5,1,0.21875,equivalent (±5pp),equivalent (±5pp),
sonnet,edn-table-lines,edn-table,layout,type:field-retrieval,60,0.9944,1.0,-0.0056,-0.0167,0.0,,,0,0,1.0,equivalent (±5pp),,
sonnet,edn-table-lines,edn-table,layout,track:mixed,135,0.7679,0.7728,-0.0049,-0.0296,0.0198,-0.0296,0.0219,5,1,0.21875,equivalent (±5pp),equivalent (±5pp),
sonnet,edn-table-lines,edn-table,layout,shape:mixed,106,0.7075,0.7107,-0.0031,-0.0346,0.0283,-0.0336,0.0314,5,1,0.21875,equivalent (±5pp),equivalent (±5pp),
sonnet,edn-table-lines,edn-table,layout,type:structure-awareness,20,0.9,0.85,0.05,-0.0333,0.1667,,,1,0,1.0,no detectable difference,,
sonnet,edn-table-lines,edn-table,layout,type:aggregation,34,0.5588,0.549,0.0098,-0.0294,0.049,,,2,0,0.5,equivalent (±5pp),,
sonnet,edn-table-lines,edn-table,layout,shape:nested-config,29,0.9885,1.0,-0.0115,-0.0345,0.0,,,0,0,1.0,equivalent (±5pp),,
sonnet,edn-table-lines,edn-table,layout,informative,30,0.4222,0.4444,-0.0222,-0.1333,0.1,-0.1667,0.0968,5,1,0.21875,no detectable difference,no detectable difference,
sonnet,edn-table-lines,toon,layout,overall,135,0.7679,0.7852,-0.0173,-0.0494,0.0123,-0.059,0.0136,3,3,1.0,equivalent (±5pp),no detectable difference,
sonnet,edn-table-lines,toon,layout,type:filtering,21,0.3333,0.3492,-0.0159,-0.0952,0.0794,,,1,0,1.0,no detectable difference,,
sonnet,edn-table-lines,toon,layout,overall-excl-structural,135,0.7679,0.7852,-0.0173,-0.0494,0.0148,-0.0593,0.0124,3,3,1.0,equivalent (±5pp),no detectable difference,
sonnet,edn-table-lines,toon,layout,type:field-retrieval,60,0.9944,0.9944,0.0,-0.0167,0.0167,,,0,0,1.0,equivalent (±5pp),,
sonnet,edn-table-lines,toon,layout,track:mixed,135,0.7679,0.7852,-0.0173,-0.0494,0.0123,-0.059,0.0128,3,3,1.0,equivalent (±5pp),no detectable difference,
sonnet,edn-table-lines,toon,layout,shape:mixed,106,0.7075,0.7296,-0.022,-0.0629,0.0189,-0.0728,0.0179,3,3,1.0,no detectable difference,no detectable difference,
sonnet,edn-table-lines,toon,layout,type:structure-awareness,20,0.9,0.9667,-0.0667,-0.2167,0.0667,,,1,2,1.0,no detectable difference,,
sonnet,edn-table-lines,toon,layout,type:aggregation,34,0.5588,0.5784,-0.0196,-0.098,0.049,,,1,1,1.0,no detectable difference,,
sonnet,edn-table-lines,toon,layout,shape:nested-config,29,0.9885,0.9885,0.0,0.0,0.0,,,0,0,1.0,equivalent (±5pp),,
sonnet,edn-table-lines,toon,layout,informative,30,0.4222,0.5,-0.0778,-0.2222,0.0667,-0.2917,0.0556,3,3,1.0,no detectable difference,no detectable difference,
sonnet,edn-table-lines,json-compact,layout,overall,135,0.7679,0.7704,-0.0025,-0.0296,0.0247,-0.0335,0.0273,6,2,0.28906,equivalent (±5pp),equivalent (±5pp),
sonnet,edn-table-lines,json-compact,layout,type:filtering,21,0.3333,0.4127,-0.0794,-0.1905,0.0317,,,3,1,0.625,no detectable difference,,
sonnet,edn-table-lines,json-compact,layout,overall-excl-structural,135,0.7679,0.7704,-0.0025,-0.0296,0.0272,-0.0341,0.0273,6,2,0.28906,equivalent (±5pp),equivalent (±5pp),
sonnet,edn-table-lines,json-compact,layout,type:field-retrieval,60,0.9944,0.9944,0.0,0.0,0.0,,,0,0,1.0,equivalent (±5pp),,
sonnet,edn-table-lines,json-compact,layout,track:mixed,135,0.7679,0.7704,-0.0025,-0.0296,0.0272,-0.0338,0.0274,6,2,0.28906,equivalent (±5pp),equivalent (±5pp),
sonnet,edn-table-lines,json-compact,layout,shape:mixed,106,0.7075,0.7107,-0.0031,-0.0377,0.0314,-0.0423,0.0346,6,2,0.28906,equivalent (±5pp),equivalent (±5pp),
sonnet,edn-table-lines,json-compact,layout,type:structure-awareness,20,0.9,0.85,0.05,-0.0667,0.1833,,,1,1,1.0,no detectable difference,,
sonnet,edn-table-lines,json-compact,layout,type:aggregation,34,0.5588,0.549,0.0098,-0.0294,0.049,,,2,0,0.5,equivalent (±5pp),,
sonnet,edn-table-lines,json-compact,layout,shape:nested-config,29,0.9885,0.9885,0.0,0.0,0.0,,,0,0,1.0,equivalent (±5pp),,
sonnet,edn-table-lines,json-compact,layout,informative,30,0.4222,0.4333,-0.0111,-0.1333,0.1111,-0.1852,0.125,6,2,0.28906,no detectable difference,no detectable difference,
opus,edn-maps,json-compact,primary,overall,244,0.9754,0.974,0.0014,-0.0041,0.0082,-0.0065,0.0092,0,0,1.0,equivalent (±5pp),equivalent (±5pp),1.0
opus,edn-maps,json-compact,primary,track:flat,109,0.945,0.9419,0.0031,-0.0092,0.0183,-0.0152,0.0202,0,0,1.0,equivalent (±5pp),equivalent (±5pp),
opus,edn-maps,json-compact,primary,shape:structural-validation,5,0.6,0.6,0.0,0.0,0.0,,,0,0,1.0,equivalent (±5pp),,
opus,edn-maps,json-compact,primary,type:structural-validation,5,0.6,0.6,0.0,0.0,0.0,,,0,0,1.0,equivalent (±5pp),,
opus,edn-maps,json-compact,primary,shape:uniform-tables,104,0.9615,0.9583,0.0032,-0.0096,0.016,-0.0149,0.0208,0,0,1.0,equivalent (±5pp),equivalent (±5pp),
opus,edn-maps,json-compact,primary,type:filtering,48,0.9931,1.0,-0.0069,-0.0208,0.0,,,0,0,1.0,equivalent (±5pp),,
opus,edn-maps,json-compact,primary,overall-excl-structural,239,0.9833,0.9819,0.0014,-0.0042,0.007,-0.0067,0.0091,0,0,1.0,equivalent (±5pp),equivalent (±5pp),
opus,edn-maps,json-compact,primary,type:field-retrieval,92,1.0,1.0,0.0,0.0,0.0,,,0,0,1.0,equivalent (±5pp),,
opus,edn-maps,json-compact,primary,track:mixed,135,1.0,1.0,0.0,0.0,0.0,0.0,0.0,0,0,1.0,equivalent (±5pp),equivalent (±5pp),
opus,edn-maps,json-compact,primary,shape:mixed,106,1.0,1.0,0.0,0.0,0.0,0.0,0.0,0,0,1.0,equivalent (±5pp),equivalent (±5pp),
opus,edn-maps,json-compact,primary,type:structure-awareness,36,0.9444,0.9444,0.0,0.0,0.0,,,0,0,1.0,equivalent (±5pp),,
opus,edn-maps,json-compact,primary,type:aggregation,63,0.9735,0.963,0.0106,-0.0106,0.0317,,,0,0,1.0,equivalent (±5pp),,
opus,edn-maps,json-compact,primary,shape:nested-config,29,1.0,1.0,0.0,0.0,0.0,,,0,0,1.0,equivalent (±5pp),,
opus,edn-maps,json-compact,primary,informative,16,0.8125,0.7917,0.0208,-0.0625,0.1042,-0.0889,0.127,0,0,1.0,no detectable difference,no detectable difference,
opus,edn-table,toon,primary,overall,244,0.9699,0.9836,-0.0137,-0.0287,-0.0014,-0.0367,0.0,0,2,0.5,B better (within ±5pp),equivalent (±5pp),1.0
opus,edn-table,toon,primary,track:flat,109,0.9358,0.9633,-0.0275,-0.0612,0.0,-0.1417,0.0,0,2,0.5,no detectable difference,no detectable difference,
opus,edn-table,toon,primary,shape:structural-validation,5,0.6,1.0,-0.4,-0.8,0.0,,,0,2,0.5,no detectable difference,,
opus,edn-table,toon,primary,type:structural-validation,5,0.6,1.0,-0.4,-0.8,0.0,,,0,2,0.5,no detectable difference,,
opus,edn-table,toon,primary,shape:uniform-tables,104,0.9519,0.9615,-0.0096,-0.0288,0.0096,-0.0312,0.0099,0,0,1.0,equivalent (±5pp),equivalent (±5pp),
opus,edn-table,toon,primary,type:filtering,48,0.9792,0.9931,-0.0139,-0.0417,0.0139,,,0,0,1.0,equivalent (±5pp),,
opus,edn-table,toon,primary,overall-excl-structural,239,0.9777,0.9833,-0.0056,-0.0139,0.0028,-0.016,0.0032,0,0,1.0,equivalent (±5pp),equivalent (±5pp),
opus,edn-table,toon,primary,type:field-retrieval,92,1.0,1.0,0.0,0.0,0.0,,,0,0,1.0,equivalent (±5pp),,
opus,edn-table,toon,primary,track:mixed,135,0.9975,1.0,-0.0025,-0.0074,0.0,-0.0098,0.0,0,0,1.0,equivalent (±5pp),equivalent (±5pp),
opus,edn-table,toon,primary,shape:mixed,106,0.9969,1.0,-0.0031,-0.0094,0.0,-0.0117,0.0,0,0,1.0,equivalent (±5pp),equivalent (±5pp),
opus,edn-table,toon,primary,type:structure-awareness,36,0.9444,0.9444,0.0,0.0,0.0,,,0,0,1.0,equivalent (±5pp),,
opus,edn-table,toon,primary,type:aggregation,63,0.963,0.9735,-0.0106,-0.037,0.0159,,,0,0,1.0,equivalent (±5pp),,
opus,edn-table,toon,primary,shape:nested-config,29,1.0,1.0,0.0,0.0,0.0,,,0,0,1.0,equivalent (±5pp),,
opus,edn-table,toon,primary,informative,16,0.7292,0.9375,-0.2083,-0.3958,-0.0208,-0.5417,-0.0317,0,2,0.5,B better,B better,
opus,edn-table-primer,edn-table,primary,overall,244,0.9699,0.9699,0.0,-0.0068,0.0068,-0.0081,0.0092,0,1,1.0,equivalent (±5pp),equivalent (±5pp),1.0
opus,edn-table-primer,edn-table,primary,track:flat,109,0.9419,0.9358,0.0061,-0.0061,0.0183,-0.006,0.0242,0,0,1.0,equivalent (±5pp),equivalent (±5pp),
opus,edn-table-primer,edn-table,primary,shape:structural-validation,5,0.6,0.6,0.0,0.0,0.0,,,0,0,1.0,equivalent (±5pp),,
opus,edn-table-primer,edn-table,primary,type:structural-validation,5,0.6,0.6,0.0,0.0,0.0,,,0,0,1.0,equivalent (±5pp),,
opus,edn-table-primer,edn-table,primary,shape:uniform-tables,104,0.9583,0.9519,0.0064,-0.0064,0.0192,-0.0058,0.0243,0,0,1.0,equivalent (±5pp),equivalent (±5pp),
opus,edn-table-primer,edn-table,primary,type:filtering,48,0.9792,0.9792,0.0,-0.0208,0.0208,,,0,0,1.0,equivalent (±5pp),,
opus,edn-table-primer,edn-table,primary,overall-excl-structural,239,0.9777,0.9777,0.0,-0.007,0.007,-0.0083,0.0093,0,1,1.0,equivalent (±5pp),equivalent (±5pp),
opus,edn-table-primer,edn-table,primary,type:field-retrieval,92,1.0,1.0,0.0,0.0,0.0,,,0,0,1.0,equivalent (±5pp),,
opus,edn-table-primer,edn-table,primary,track:mixed,135,0.9926,0.9975,-0.0049,-0.0123,0.0,-0.0136,0.0,0,1,1.0,equivalent (±5pp),equivalent (±5pp),
opus,edn-table-primer,edn-table,primary,shape:mixed,106,0.9906,0.9969,-0.0063,-0.0157,0.0,-0.0169,0.0,0,1,1.0,equivalent (±5pp),equivalent (±5pp),
opus,edn-table-primer,edn-table,primary,type:structure-awareness,36,0.9444,0.9444,0.0,0.0,0.0,,,0,0,1.0,equivalent (±5pp),,
opus,edn-table-primer,edn-table,primary,type:aggregation,63,0.963,0.963,0.0,-0.0212,0.0212,,,0,1,1.0,equivalent (±5pp),,
opus,edn-table-primer,edn-table,primary,shape:nested-config,29,1.0,1.0,0.0,0.0,0.0,,,0,0,1.0,equivalent (±5pp),,
opus,edn-table-primer,edn-table,primary,informative,16,0.7292,0.7292,0.0,-0.1042,0.1042,-0.1429,0.1042,0,1,1.0,no detectable difference,no detectable difference,
opus,edn-table-primer,toon,primary,overall,244,0.9699,0.9836,-0.0137,-0.0287,0.0,-0.0375,0.0,0,3,0.25,equivalent (±5pp),equivalent (±5pp),1.0
opus,edn-table-primer,toon,primary,track:flat,109,0.9419,0.9633,-0.0214,-0.055,0.0061,-0.1261,0.0048,0,2,0.5,no detectable difference,no detectable difference,
opus,edn-table-primer,toon,primary,shape:structural-validation,5,0.6,1.0,-0.4,-0.8,0.0,,,0,2,0.5,no detectable difference,,
opus,edn-table-primer,toon,primary,type:structural-validation,5,0.6,1.0,-0.4,-0.8,0.0,,,0,2,0.5,no detectable difference,,
opus,edn-table-primer,toon,primary,shape:uniform-tables,104,0.9583,0.9615,-0.0032,-0.0192,0.0128,-0.0218,0.016,0,0,1.0,equivalent (±5pp),equivalent (±5pp),
opus,edn-table-primer,toon,primary,type:filtering,48,0.9792,0.9931,-0.0139,-0.0417,0.0139,,,0,0,1.0,equivalent (±5pp),,
opus,edn-table-primer,toon,primary,overall-excl-structural,239,0.9777,0.9833,-0.0056,-0.0153,0.0028,-0.0173,0.0047,0,1,1.0,equivalent (±5pp),equivalent (±5pp),
opus,edn-table-primer,toon,primary,type:field-retrieval,92,1.0,1.0,0.0,0.0,0.0,,,0,0,1.0,equivalent (±5pp),,
opus,edn-table-primer,toon,primary,track:mixed,135,0.9926,1.0,-0.0074,-0.0198,0.0,-0.0217,0.0,0,1,1.0,equivalent (±5pp),equivalent (±5pp),
opus,edn-table-primer,toon,primary,shape:mixed,106,0.9906,1.0,-0.0094,-0.0252,0.0,-0.0258,0.0,0,1,1.0,equivalent (±5pp),equivalent (±5pp),
opus,edn-table-primer,toon,primary,type:structure-awareness,36,0.9444,0.9444,0.0,0.0,0.0,,,0,0,1.0,equivalent (±5pp),,
opus,edn-table-primer,toon,primary,type:aggregation,63,0.963,0.9735,-0.0106,-0.0423,0.0159,,,0,1,1.0,equivalent (±5pp),,
opus,edn-table-primer,toon,primary,shape:nested-config,29,1.0,1.0,0.0,0.0,0.0,,,0,0,1.0,equivalent (±5pp),,
opus,edn-table-primer,toon,primary,informative,16,0.7292,0.9375,-0.2083,-0.4167,-0.0208,-0.619,-0.0238,0,3,0.25,B better,B better,
opus,edn-table-primer,json-compact,primary,overall,244,0.9699,0.974,-0.0041,-0.0137,0.0055,-0.0158,0.0069,0,1,1.0,equivalent (±5pp),equivalent (±5pp),1.0
opus,edn-table-primer,json-compact,primary,track:flat,109,0.9419,0.9419,0.0,-0.0153,0.0183,-0.0208,0.0198,0,0,1.0,equivalent (±5pp),equivalent (±5pp),
opus,edn-table-primer,json-compact,primary,shape:structural-validation,5,0.6,0.6,0.0,0.0,0.0,,,0,0,1.0,equivalent (±5pp),,
opus,edn-table-primer,json-compact,primary,type:structural-validation,5,0.6,0.6,0.0,0.0,0.0,,,0,0,1.0,equivalent (±5pp),,
opus,edn-table-primer,json-compact,primary,shape:uniform-tables,104,0.9583,0.9583,0.0,-0.0161,0.0192,-0.0192,0.0202,0,0,1.0,equivalent (±5pp),equivalent (±5pp),
opus,edn-table-primer,json-compact,primary,type:filtering,48,0.9792,1.0,-0.0208,-0.0486,0.0,,,0,0,1.0,equivalent (±5pp),,
opus,edn-table-primer,json-compact,primary,overall-excl-structural,239,0.9777,0.9819,-0.0042,-0.0139,0.0056,-0.0162,0.007,0,1,1.0,equivalent (±5pp),equivalent (±5pp),
opus,edn-table-primer,json-compact,primary,type:field-retrieval,92,1.0,1.0,0.0,0.0,0.0,,,0,0,1.0,equivalent (±5pp),,
opus,edn-table-primer,json-compact,primary,track:mixed,135,0.9926,1.0,-0.0074,-0.0198,0.0,-0.0217,0.0,0,1,1.0,equivalent (±5pp),equivalent (±5pp),
opus,edn-table-primer,json-compact,primary,shape:mixed,106,0.9906,1.0,-0.0094,-0.0252,0.0,-0.0254,0.0,0,1,1.0,equivalent (±5pp),equivalent (±5pp),
opus,edn-table-primer,json-compact,primary,type:structure-awareness,36,0.9444,0.9444,0.0,0.0,0.0,,,0,0,1.0,equivalent (±5pp),,
opus,edn-table-primer,json-compact,primary,type:aggregation,63,0.963,0.963,0.0,-0.037,0.0317,,,0,1,1.0,equivalent (±5pp),,
opus,edn-table-primer,json-compact,primary,shape:nested-config,29,1.0,1.0,0.0,0.0,0.0,,,0,0,1.0,equivalent (±5pp),,
opus,edn-table-primer,json-compact,primary,informative,16,0.7292,0.7917,-0.0625,-0.2083,0.0833,-0.25,0.0833,0,1,1.0,no detectable difference,no detectable difference,
opus,edn-maps,toon,primary,overall,244,0.9754,0.9836,-0.0082,-0.0232,0.0041,-0.0307,0.0034,0,2,0.5,equivalent (±5pp),equivalent (±5pp),1.0
opus,edn-maps,toon,primary,track:flat,109,0.945,0.9633,-0.0183,-0.0489,0.0061,-0.132,0.0072,0,2,0.5,equivalent (±5pp),no detectable difference,
opus,edn-maps,toon,primary,shape:structural-validation,5,0.6,1.0,-0.4,-0.8,0.0,,,0,2,0.5,no detectable difference,,
opus,edn-maps,toon,primary,type:structural-validation,5,0.6,1.0,-0.4,-0.8,0.0,,,0,2,0.5,no detectable difference,,
opus,edn-maps,toon,primary,shape:uniform-tables,104,0.9615,0.9615,0.0,-0.016,0.016,-0.0179,0.0179,0,0,1.0,equivalent (±5pp),equivalent (±5pp),
opus,edn-maps,toon,primary,type:filtering,48,0.9931,0.9931,0.0,-0.0208,0.0208,,,0,0,1.0,equivalent (±5pp),,
opus,edn-maps,toon,primary,overall-excl-structural,239,0.9833,0.9833,0.0,-0.007,0.007,-0.0082,0.0078,0,0,1.0,equivalent (±5pp),equivalent (±5pp),
opus,edn-maps,toon,primary,type:field-retrieval,92,1.0,1.0,0.0,0.0,0.0,,,0,0,1.0,equivalent (±5pp),,
opus,edn-maps,toon,primary,track:mixed,135,1.0,1.0,0.0,0.0,0.0,0.0,0.0,0,0,1.0,equivalent (±5pp),equivalent (±5pp),
opus,edn-maps,toon,primary,shape:mixed,106,1.0,1.0,0.0,0.0,0.0,0.0,0.0,0,0,1.0,equivalent (±5pp),equivalent (±5pp),
opus,edn-maps,toon,primary,type:structure-awareness,36,0.9444,0.9444,0.0,0.0,0.0,,,0,0,1.0,equivalent (±5pp),,
opus,edn-maps,toon,primary,type:aggregation,63,0.9735,0.9735,0.0,-0.0212,0.0212,,,0,0,1.0,equivalent (±5pp),,
opus,edn-maps,toon,primary,shape:nested-config,29,1.0,1.0,0.0,0.0,0.0,,,0,0,1.0,equivalent (±5pp),,
opus,edn-maps,toon,primary,informative,16,0.8125,0.9375,-0.125,-0.3333,0.0417,-0.4583,0.0526,0,2,0.5,no detectable difference,no detectable difference,
opus,toon,json-compact,extra,overall,244,0.9836,0.974,0.0096,-0.0,0.0232,-0.0,0.0315,2,0,0.5,equivalent (±5pp),equivalent (±5pp),
opus,toon,json-compact,extra,track:flat,109,0.9633,0.9419,0.0214,-0.0031,0.052,-0.0,0.1334,2,0,0.5,no detectable difference,no detectable difference,
opus,toon,json-compact,extra,shape:structural-validation,5,1.0,0.6,0.4,0.0,0.8,,,2,0,0.5,no detectable difference,,
opus,toon,json-compact,extra,type:structural-validation,5,1.0,0.6,0.4,0.0,0.8,,,2,0,0.5,no detectable difference,,
opus,toon,json-compact,extra,shape:uniform-tables,104,0.9615,0.9583,0.0032,-0.0064,0.016,-0.0096,0.0174,0,0,1.0,equivalent (±5pp),equivalent (±5pp),
opus,toon,json-compact,extra,type:filtering,48,0.9931,1.0,-0.0069,-0.0208,0.0,,,0,0,1.0,equivalent (±5pp),,
opus,toon,json-compact,extra,overall-excl-structural,239,0.9833,0.9819,0.0014,-0.0028,0.007,-0.004,0.0075,0,0,1.0,equivalent (±5pp),equivalent (±5pp),
opus,toon,json-compact,extra,type:field-retrieval,92,1.0,1.0,0.0,0.0,0.0,,,0,0,1.0,equivalent (±5pp),,
opus,toon,json-compact,extra,track:mixed,135,1.0,1.0,0.0,0.0,0.0,0.0,0.0,0,0,1.0,equivalent (±5pp),equivalent (±5pp),
opus,toon,json-compact,extra,shape:mixed,106,1.0,1.0,0.0,0.0,0.0,0.0,0.0,0,0,1.0,equivalent (±5pp),equivalent (±5pp),
opus,toon,json-compact,extra,type:structure-awareness,36,0.9444,0.9444,0.0,0.0,0.0,,,0,0,1.0,equivalent (±5pp),,
opus,toon,json-compact,extra,type:aggregation,63,0.9735,0.963,0.0106,0.0,0.0265,,,0,0,1.0,equivalent (±5pp),,
opus,toon,json-compact,extra,shape:nested-config,29,1.0,1.0,0.0,0.0,0.0,,,0,0,1.0,equivalent (±5pp),,
opus,toon,json-compact,extra,informative,16,0.9375,0.7917,0.1458,0.0,0.3333,0.0,0.4848,2,0,0.5,no detectable difference,no detectable difference,
opus,edn-table,json-compact,extra,overall,244,0.9699,0.974,-0.0041,-0.0109,0.0027,-0.0126,0.0031,0,0,1.0,equivalent (±5pp),equivalent (±5pp),
opus,edn-table,json-compact,extra,track:flat,109,0.9358,0.9419,-0.0061,-0.0214,0.0092,-0.0238,0.0083,0,0,1.0,equivalent (±5pp),equivalent (±5pp),
opus,edn-table,json-compact,extra,shape:structural-validation,5,0.6,0.6,0.0,0.0,0.0,,,0,0,1.0,equivalent (±5pp),,
opus,edn-table,json-compact,extra,type:structural-validation,5,0.6,0.6,0.0,0.0,0.0,,,0,0,1.0,equivalent (±5pp),,
opus,edn-table,json-compact,extra,shape:uniform-tables,104,0.9519,0.9583,-0.0064,-0.0224,0.0096,-0.0238,0.0087,0,0,1.0,equivalent (±5pp),equivalent (±5pp),
opus,edn-table,json-compact,extra,type:filtering,48,0.9792,1.0,-0.0208,-0.0486,0.0,,,0,0,1.0,equivalent (±5pp),,
opus,edn-table,json-compact,extra,overall-excl-structural,239,0.9777,0.9819,-0.0042,-0.0112,0.0028,-0.0127,0.0028,0,0,1.0,equivalent (±5pp),equivalent (±5pp),
opus,edn-table,json-compact,extra,type:field-retrieval,92,1.0,1.0,0.0,0.0,0.0,,,0,0,1.0,equivalent (±5pp),,
opus,edn-table,json-compact,extra,track:mixed,135,0.9975,1.0,-0.0025,-0.0074,0.0,-0.0098,0.0,0,0,1.0,equivalent (±5pp),equivalent (±5pp),
opus,edn-table,json-compact,extra,shape:mixed,106,0.9969,1.0,-0.0031,-0.0094,0.0,-0.0115,0.0,0,0,1.0,equivalent (±5pp),equivalent (±5pp),
opus,edn-table,json-compact,extra,type:structure-awareness,36,0.9444,0.9444,0.0,0.0,0.0,,,0,0,1.0,equivalent (±5pp),,
opus,edn-table,json-compact,extra,type:aggregation,63,0.963,0.963,0.0,-0.0212,0.0212,,,0,0,1.0,equivalent (±5pp),,
opus,edn-table,json-compact,extra,shape:nested-config,29,1.0,1.0,0.0,0.0,0.0,,,0,0,1.0,equivalent (±5pp),,
opus,edn-table,json-compact,extra,informative,16,0.7292,0.7917,-0.0625,-0.1667,0.0417,-0.1667,0.0351,0,0,1.0,no detectable difference,no detectable difference,
opus,edn-table,edn-maps,extra,overall,244,0.9699,0.9754,-0.0055,-0.0137,0.0014,-0.0152,0.0032,0,0,1.0,equivalent (±5pp),equivalent (±5pp),
opus,edn-table,edn-maps,extra,track:flat,109,0.9358,0.945,-0.0092,-0.0245,0.0061,-0.0278,0.0104,0,0,1.0,equivalent (±5pp),equivalent (±5pp),
opus,edn-table,edn-maps,extra,shape:structural-validation,5,0.6,0.6,0.0,0.0,0.0,,,0,0,1.0,equivalent (±5pp),,
opus,edn-table,edn-maps,extra,type:structural-validation,5,0.6,0.6,0.0,0.0,0.0,,,0,0,1.0,equivalent (±5pp),,
opus,edn-table,edn-maps,extra,shape:uniform-tables,104,0.9519,0.9615,-0.0096,-0.0256,0.0064,-0.0288,0.0096,0,0,1.0,equivalent (±5pp),equivalent (±5pp),
opus,edn-table,edn-maps,extra,type:filtering,48,0.9792,0.9931,-0.0139,-0.0417,0.0139,,,0,0,1.0,equivalent (±5pp),,
opus,edn-table,edn-maps,extra,overall-excl-structural,239,0.9777,0.9833,-0.0056,-0.0139,0.0014,-0.0153,0.003,0,0,1.0,equivalent (±5pp),equivalent (±5pp),
opus,edn-table,edn-maps,extra,type:field-retrieval,92,1.0,1.0,0.0,0.0,0.0,,,0,0,1.0,equivalent (±5pp),,
opus,edn-table,edn-maps,extra,track:mixed,135,0.9975,1.0,-0.0025,-0.0074,0.0,-0.0098,0.0,0,0,1.0,equivalent (±5pp),equivalent (±5pp),
opus,edn-table,edn-maps,extra,shape:mixed,106,0.9969,1.0,-0.0031,-0.0094,0.0,-0.0115,0.0,0,0,1.0,equivalent (±5pp),equivalent (±5pp),
opus,edn-table,edn-maps,extra,type:structure-awareness,36,0.9444,0.9444,0.0,0.0,0.0,,,0,0,1.0,equivalent (±5pp),,
opus,edn-table,edn-maps,extra,type:aggregation,63,0.963,0.9735,-0.0106,-0.0317,0.0106,,,0,0,1.0,equivalent (±5pp),,
opus,edn-table,edn-maps,extra,shape:nested-config,29,1.0,1.0,0.0,0.0,0.0,,,0,0,1.0,equivalent (±5pp),,
opus,edn-table,edn-maps,extra,informative,16,0.7292,0.8125,-0.0833,-0.1875,0.0208,-0.1961,0.0371,0,0,1.0,no detectable difference,no detectable difference,
opus,csv,toon,extra,overall,109,0.945,0.9633,-0.0183,-0.0459,0.0061,-0.0991,0.0051,0,2,0.5,equivalent (±5pp),no detectable difference,
opus,csv,toon,extra,track:flat,109,0.945,0.9633,-0.0183,-0.0459,0.0061,-0.0917,0.0051,0,2,0.5,equivalent (±5pp),no detectable difference,
opus,csv,toon,extra,shape:structural-validation,5,0.8,1.0,-0.2,-0.6,0.0,,,0,1,1.0,no detectable difference,,
opus,csv,toon,extra,type:structural-validation,5,0.8,1.0,-0.2,-0.6,0.0,,,0,1,1.0,no detectable difference,,
opus,csv,toon,extra,shape:uniform-tables,104,0.9519,0.9615,-0.0096,-0.0321,0.0096,-0.0327,0.0108,0,1,1.0,equivalent (±5pp),equivalent (±5pp),
opus,csv,toon,extra,type:filtering,27,0.9753,0.9877,-0.0123,-0.0494,0.0247,,,0,0,1.0,equivalent (±5pp),,
opus,csv,toon,extra,overall-excl-structural,104,0.9519,0.9615,-0.0096,-0.0321,0.0096,-0.0323,0.0099,0,1,1.0,equivalent (±5pp),equivalent (±5pp),
opus,csv,toon,extra,type:field-retrieval,32,1.0,1.0,0.0,0.0,0.0,,,0,0,1.0,equivalent (±5pp),,
opus,csv,toon,extra,type:structure-awareness,16,0.875,0.875,0.0,0.0,0.0,,,0,0,1.0,equivalent (±5pp),,
opus,csv,toon,extra,type:aggregation,29,0.9195,0.9425,-0.023,-0.092,0.0345,,,0,1,1.0,no detectable difference,,
opus,csv,toon,extra,informative,14,0.9048,0.9286,-0.0238,-0.1429,0.0952,-0.1429,0.1429,0,0,1.0,no detectable difference,no detectable difference,
opus,csv,edn-table,extra,overall,109,0.945,0.9358,0.0092,-0.0245,0.0459,-0.037,0.1042,2,2,1.0,equivalent (±5pp),no detectable difference,
opus,csv,edn-table,extra,track:flat,109,0.945,0.9358,0.0092,-0.0245,0.0459,-0.0346,0.1043,2,2,1.0,equivalent (±5pp),no detectable difference,
opus,csv,edn-table,extra,shape:structural-validation,5,0.8,0.6,0.2,-0.4,0.8,,,2,1,1.0,no detectable difference,,
opus,csv,edn-table,extra,type:structural-validation,5,0.8,0.6,0.2,-0.4,0.8,,,2,1,1.0,no detectable difference,,
opus,csv,edn-table,extra,shape:uniform-tables,104,0.9519,0.9519,0.0,-0.016,0.0128,-0.0231,0.016,0,1,1.0,equivalent (±5pp),equivalent (±5pp),
opus,csv,edn-table,extra,type:filtering,27,0.9753,0.963,0.0123,0.0,0.037,,,0,0,1.0,equivalent (±5pp),,
opus,csv,edn-table,extra,overall-excl-structural,104,0.9519,0.9519,0.0,-0.016,0.0128,-0.0222,0.016,0,1,1.0,equivalent (±5pp),equivalent (±5pp),
opus,csv,edn-table,extra,type:field-retrieval,32,1.0,1.0,0.0,0.0,0.0,,,0,0,1.0,equivalent (±5pp),,
opus,csv,edn-table,extra,type:structure-awareness,16,0.875,0.875,0.0,0.0,0.0,,,0,0,1.0,equivalent (±5pp),,
opus,csv,edn-table,extra,type:aggregation,29,0.9195,0.931,-0.0115,-0.069,0.0345,,,0,1,1.0,no detectable difference,,
opus,csv,edn-table,extra,informative,14,0.9048,0.7143,0.1905,0.0238,0.381,0.04,0.7222,2,0,0.5,A better,A better,
opus,csv,json-compact,extra,overall,109,0.945,0.9419,0.0031,-0.0336,0.0398,-0.0409,0.0991,2,2,1.0,equivalent (±5pp),no detectable difference,
opus,csv,json-compact,extra,track:flat,109,0.945,0.9419,0.0031,-0.0336,0.0398,-0.0411,0.0917,2,2,1.0,equivalent (±5pp),no detectable difference,
opus,csv,json-compact,extra,shape:structural-validation,5,0.8,0.6,0.2,-0.4,0.8,,,2,1,1.0,no detectable difference,,
opus,csv,json-compact,extra,type:structural-validation,5,0.8,0.6,0.2,-0.4,0.8,,,2,1,1.0,no detectable difference,,
opus,csv,json-compact,extra,shape:uniform-tables,104,0.9519,0.9583,-0.0064,-0.0288,0.0128,-0.0296,0.0132,0,1,1.0,equivalent (±5pp),equivalent (±5pp),
opus,csv,json-compact,extra,type:filtering,27,0.9753,1.0,-0.0247,-0.0617,0.0,,,0,0,1.0,no detectable difference,,
opus,csv,json-compact,extra,overall-excl-structural,104,0.9519,0.9583,-0.0064,-0.0288,0.0128,-0.0296,0.0132,0,1,1.0,equivalent (±5pp),equivalent (±5pp),
opus,csv,json-compact,extra,type:field-retrieval,32,1.0,1.0,0.0,0.0,0.0,,,0,0,1.0,equivalent (±5pp),,
opus,csv,json-compact,extra,type:structure-awareness,16,0.875,0.875,0.0,0.0,0.0,,,0,0,1.0,equivalent (±5pp),,
opus,csv,json-compact,extra,type:aggregation,29,0.9195,0.9195,0.0,-0.069,0.0575,,,0,1,1.0,no detectable difference,,
opus,csv,json-compact,extra,informative,14,0.9048,0.7619,0.1429,-0.0476,0.381,-0.0477,0.7222,2,0,0.5,no detectable difference,no detectable difference,
opus,edn-table-lines,edn-table,layout,overall,135,1.0,0.9975,0.0025,0.0,0.0074,0.0,0.0097,0,0,1.0,equivalent (±5pp),equivalent (±5pp),
opus,edn-table-lines,edn-table,layout,type:filtering,21,1.0,1.0,0.0,0.0,0.0,,,0,0,1.0,equivalent (±5pp),,
opus,edn-table-lines,edn-table,layout,overall-excl-structural,135,1.0,0.9975,0.0025,0.0,0.0074,0.0,0.0097,0,0,1.0,equivalent (±5pp),equivalent (±5pp),
opus,edn-table-lines,edn-table,layout,type:field-retrieval,60,1.0,1.0,0.0,0.0,0.0,,,0,0,1.0,equivalent (±5pp),,
opus,edn-table-lines,edn-table,layout,track:mixed,135,1.0,0.9975,0.0025,0.0,0.0074,0.0,0.0097,0,0,1.0,equivalent (±5pp),equivalent (±5pp),
opus,edn-table-lines,edn-table,layout,shape:mixed,106,1.0,0.9969,0.0031,0.0,0.0094,0.0,0.0117,0,0,1.0,equivalent (±5pp),equivalent (±5pp),
opus,edn-table-lines,edn-table,layout,type:structure-awareness,20,1.0,1.0,0.0,0.0,0.0,,,0,0,1.0,equivalent (±5pp),,
opus,edn-table-lines,edn-table,layout,type:aggregation,34,1.0,0.9902,0.0098,0.0,0.0294,,,0,0,1.0,equivalent (±5pp),,
opus,edn-table-lines,edn-table,layout,shape:nested-config,29,1.0,1.0,0.0,0.0,0.0,,,0,0,1.0,equivalent (±5pp),,
opus,edn-table-lines,edn-table,layout,informative,2,1.0,0.8333,0.1667,0.0,0.3333,0.0,0.3333,0,0,1.0,no detectable difference,no detectable difference,
opus,edn-table-lines,toon,layout,overall,135,1.0,1.0,0.0,0.0,0.0,0.0,0.0,0,0,1.0,equivalent (±5pp),equivalent (±5pp),
opus,edn-table-lines,toon,layout,type:filtering,21,1.0,1.0,0.0,0.0,0.0,,,0,0,1.0,equivalent (±5pp),,
opus,edn-table-lines,toon,layout,overall-excl-structural,135,1.0,1.0,0.0,0.0,0.0,0.0,0.0,0,0,1.0,equivalent (±5pp),equivalent (±5pp),
opus,edn-table-lines,toon,layout,type:field-retrieval,60,1.0,1.0,0.0,0.0,0.0,,,0,0,1.0,equivalent (±5pp),,
opus,edn-table-lines,toon,layout,track:mixed,135,1.0,1.0,0.0,0.0,0.0,0.0,0.0,0,0,1.0,equivalent (±5pp),equivalent (±5pp),
opus,edn-table-lines,toon,layout,shape:mixed,106,1.0,1.0,0.0,0.0,0.0,0.0,0.0,0,0,1.0,equivalent (±5pp),equivalent (±5pp),
opus,edn-table-lines,toon,layout,type:structure-awareness,20,1.0,1.0,0.0,0.0,0.0,,,0,0,1.0,equivalent (±5pp),,
opus,edn-table-lines,toon,layout,type:aggregation,34,1.0,1.0,0.0,0.0,0.0,,,0,0,1.0,equivalent (±5pp),,
opus,edn-table-lines,toon,layout,shape:nested-config,29,1.0,1.0,0.0,0.0,0.0,,,0,0,1.0,equivalent (±5pp),,
opus,edn-table-lines,toon,layout,informative,2,1.0,1.0,0.0,0.0,0.0,0.0,0.0,0,0,1.0,equivalent (±5pp),equivalent (±5pp),
opus,edn-table-lines,json-compact,layout,overall,135,1.0,1.0,0.0,0.0,0.0,0.0,0.0,0,0,1.0,equivalent (±5pp),equivalent (±5pp),
opus,edn-table-lines,json-compact,layout,type:filtering,21,1.0,1.0,0.0,0.0,0.0,,,0,0,1.0,equivalent (±5pp),,
opus,edn-table-lines,json-compact,layout,overall-excl-structural,135,1.0,1.0,0.0,0.0,0.0,0.0,0.0,0,0,1.0,equivalent (±5pp),equivalent (±5pp),
opus,edn-table-lines,json-compact,layout,type:field-retrieval,60,1.0,1.0,0.0,0.0,0.0,,,0,0,1.0,equivalent (±5pp),,
opus,edn-table-lines,json-compact,layout,track:mixed,135,1.0,1.0,0.0,0.0,0.0,0.0,0.0,0,0,1.0,equivalent (±5pp),equivalent (±5pp),
opus,edn-table-lines,json-compact,layout,shape:mixed,106,1.0,1.0,0.0,0.0,0.0,0.0,0.0,0,0,1.0,equivalent (±5pp),equivalent (±5pp),
opus,edn-table-lines,json-compact,layout,type:structure-awareness,20,1.0,1.0,0.0,0.0,0.0,,,0,0,1.0,equivalent (±5pp),,
opus,edn-table-lines,json-compact,layout,type:aggregation,34,1.0,1.0,0.0,0.0,0.0,,,0,0,1.0,equivalent (±5pp),,
opus,edn-table-lines,json-compact,layout,shape:nested-config,29,1.0,1.0,0.0,0.0,0.0,,,0,0,1.0,equivalent (±5pp),,
opus,edn-table-lines,json-compact,layout,informative,2,1.0,1.0,0.0,0.0,0.0,0.0,0.0,0,0,1.0,equivalent (±5pp),equivalent (±5pp),
pooled,edn-maps,json-compact,primary,overall,244,0.7441,0.7427,0.0014,-0.01,0.0118,-0.0165,0.0151,8,6,0.79053,equivalent (±5pp),equivalent (±5pp),1.0
pooled,edn-maps,json-compact,primary,track:flat,109,0.6371,0.634,0.0031,-0.0194,0.0224,-0.0583,0.0251,5,3,0.72656,equivalent (±5pp),no detectable difference,
pooled,edn-maps,json-compact,primary,shape:structural-validation,5,0.4667,0.6,-0.1333,-0.4,0.0,,,0,1,1.0,no detectable difference,,
pooled,edn-maps,json-compact,primary,type:structural-validation,5,0.4667,0.6,-0.1333,-0.4,0.0,,,0,1,1.0,no detectable difference,,
pooled,edn-maps,json-compact,primary,shape:uniform-tables,104,0.6453,0.6357,0.0096,-0.0075,0.0267,-0.0187,0.0308,5,2,0.45312,equivalent (±5pp),equivalent (±5pp),
pooled,edn-maps,json-compact,primary,type:filtering,48,0.4769,0.4583,0.0185,-0.0069,0.044,,,7,3,0.34375,equivalent (±5pp),,
pooled,edn-maps,json-compact,primary,overall-excl-structural,239,0.7499,0.7457,0.0042,-0.0056,0.0139,-0.0098,0.0177,8,5,0.58105,equivalent (±5pp),equivalent (±5pp),
pooled,edn-maps,json-compact,primary,type:field-retrieval,92,0.9988,0.9976,0.0012,-0.0036,0.0072,,,0,0,1.0,equivalent (±5pp),,
pooled,edn-maps,json-compact,primary,track:mixed,135,0.8305,0.8305,-0.0,-0.0107,0.0107,-0.0154,0.0141,3,3,1.0,equivalent (±5pp),equivalent (±5pp),
pooled,edn-maps,json-compact,primary,shape:mixed,106,0.7904,0.7945,-0.0042,-0.0178,0.0084,-0.0197,0.0104,3,3,1.0,equivalent (±5pp),equivalent (±5pp),
pooled,edn-maps,json-compact,primary,type:structure-awareness,36,0.8519,0.8549,-0.0031,-0.0401,0.0309,,,0,1,1.0,equivalent (±5pp),,
pooled,edn-maps,json-compact,primary,type:aggregation,63,0.5362,0.5344,0.0018,-0.0194,0.0229,,,1,1,1.0,equivalent (±5pp),,
pooled,edn-maps,json-compact,primary,shape:nested-config,29,0.977,0.9617,0.0153,0.0038,0.0307,,,0,0,1.0,A better (within ±5pp),,
pooled,edn-maps,json-compact,primary,informative,119,0.5005,0.4977,0.0028,-0.0205,0.0243,-0.0342,0.0327,8,6,0.79053,equivalent (±5pp),equivalent (±5pp),
pooled,edn-table,toon,primary,overall,244,0.7473,0.7678,-0.0205,-0.0387,-0.0041,-0.0522,-0.0,5,16,0.0266,B better (within ±5pp),no detectable difference,0.5852
pooled,edn-table,toon,primary,track:flat,109,0.6412,0.6697,-0.0285,-0.0622,-0.001,-0.1472,0.0041,3,9,0.146,B better,no detectable difference,
pooled,edn-table,toon,primary,shape:structural-validation,5,0.6,1.0,-0.4,-0.8,0.0,,,0,2,0.5,no detectable difference,,
pooled,edn-table,toon,primary,type:structural-validation,5,0.6,1.0,-0.4,-0.8,0.0,,,0,2,0.5,no detectable difference,,
pooled,edn-table,toon,primary,shape:uniform-tables,104,0.6432,0.6538,-0.0107,-0.0288,0.0064,-0.0374,0.0191,3,7,0.34375,equivalent (±5pp),equivalent (±5pp),
pooled,edn-table,toon,primary,type:filtering,48,0.463,0.4606,0.0023,-0.0301,0.0347,,,3,5,0.72656,equivalent (±5pp),,
pooled,edn-table,toon,primary,overall-excl-structural,239,0.7503,0.7629,-0.0126,-0.0265,0.0005,-0.0355,0.006,5,14,0.06357,equivalent (±5pp),equivalent (±5pp),
pooled,edn-table,toon,primary,type:field-retrieval,92,0.994,0.9915,0.0024,-0.0036,0.0097,,,0,0,1.0,equivalent (±5pp),,
pooled,edn-table,toon,primary,track:mixed,135,0.8329,0.8469,-0.014,-0.0346,0.0049,-0.05,0.0083,2,7,0.17969,equivalent (±5pp),equivalent (±5pp),
pooled,edn-table,toon,primary,shape:mixed,106,0.7935,0.8134,-0.0199,-0.0461,0.0031,-0.0608,0.0071,2,7,0.17969,equivalent (±5pp),no detectable difference,
pooled,edn-table,toon,primary,type:structure-awareness,36,0.8765,0.9259,-0.0494,-0.1019,-0.0062,,,0,2,0.5,B better,,
pooled,edn-table,toon,primary,type:aggregation,63,0.5414,0.5661,-0.0247,-0.06,0.0071,,,2,7,0.17969,no detectable difference,,
pooled,edn-table,toon,primary,shape:nested-config,29,0.977,0.9693,0.0077,-0.0077,0.0268,,,0,0,1.0,equivalent (±5pp),,
pooled,edn-table,toon,primary,informative,119,0.507,0.549,-0.042,-0.0794,-0.0084,-0.1069,-0.0,5,16,0.0266,B better,no detectable difference,
pooled,edn-table-primer,edn-table,primary,overall,244,0.7454,0.7473,-0.0018,-0.0096,0.0059,-0.0106,0.0068,7,6,1.0,equivalent (±5pp),equivalent (±5pp),1.0
pooled,edn-table-primer,edn-table,primary,track:flat,109,0.6412,0.6412,0.0,-0.0112,0.0112,-0.0116,0.0122,3,3,1.0,equivalent (±5pp),equivalent (±5pp),
pooled,edn-table-primer,edn-table,primary,shape:structural-validation,5,0.6,0.6,0.0,0.0,0.0,,,0,0,1.0,equivalent (±5pp),,
pooled,edn-table-primer,edn-table,primary,type:structural-validation,5,0.6,0.6,0.0,0.0,0.0,,,0,0,1.0,equivalent (±5pp),,
pooled,edn-table-primer,edn-table,primary,shape:uniform-tables,104,0.6432,0.6432,0.0,-0.0118,0.0107,-0.0118,0.0118,3,3,1.0,equivalent (±5pp),equivalent (±5pp),
pooled,edn-table-primer,edn-table,primary,type:filtering,48,0.456,0.463,-0.0069,-0.0347,0.0185,,,4,3,1.0,equivalent (±5pp),,
pooled,edn-table-primer,edn-table,primary,overall-excl-structural,239,0.7485,0.7503,-0.0019,-0.0098,0.006,-0.0105,0.0066,7,6,1.0,equivalent (±5pp),equivalent (±5pp),
pooled,edn-table-primer,edn-table,primary,type:field-retrieval,92,0.9928,0.994,-0.0012,-0.0036,0.0,,,0,0,1.0,equivalent (±5pp),,
pooled,edn-table-primer,edn-table,primary,track:mixed,135,0.8296,0.8329,-0.0033,-0.014,0.0074,-0.0155,0.0089,4,3,1.0,equivalent (±5pp),equivalent (±5pp),
pooled,edn-table-primer,edn-table,primary,shape:mixed,106,0.7925,0.7935,-0.001,-0.0136,0.0115,-0.0142,0.0121,4,2,0.6875,equivalent (±5pp),equivalent (±5pp),
pooled,edn-table-primer,edn-table,primary,type:structure-awareness,36,0.8858,0.8765,0.0093,-0.0093,0.0309,,,1,0,1.0,equivalent (±5pp),,
pooled,edn-table-primer,edn-table,primary,type:aggregation,63,0.5362,0.5414,-0.0053,-0.0229,0.0106,,,2,3,1.0,equivalent (±5pp),,
pooled,edn-table-primer,edn-table,primary,shape:nested-config,29,0.9655,0.977,-0.0115,-0.0383,0.0077,,,0,1,1.0,equivalent (±5pp),,
pooled,edn-table-primer,edn-table,primary,informative,119,0.5033,0.507,-0.0037,-0.0196,0.0121,-0.0243,0.0131,7,6,1.0,equivalent (±5pp),equivalent (±5pp),
pooled,edn-table-primer,toon,primary,overall,244,0.7454,0.7678,-0.0223,-0.0405,-0.0059,-0.0536,-0.0028,6,16,0.05248,B better (within ±5pp),B better,1.0
pooled,edn-table-primer,toon,primary,track:flat,109,0.6412,0.6697,-0.0285,-0.0622,-0.0,-0.1551,0.0046,4,10,0.17957,B better,no detectable difference,
pooled,edn-table-primer,toon,primary,shape:structural-validation,5,0.6,1.0,-0.4,-0.8,0.0,,,0,2,0.5,no detectable difference,,
pooled,edn-table-primer,toon,primary,type:structural-validation,5,0.6,1.0,-0.4,-0.8,0.0,,,0,2,0.5,no detectable difference,,
pooled,edn-table-primer,toon,primary,shape:uniform-tables,104,0.6432,0.6538,-0.0107,-0.031,0.0075,-0.0415,0.0187,4,8,0.3877,equivalent (±5pp),equivalent (±5pp),
pooled,edn-table-primer,toon,primary,type:filtering,48,0.456,0.4606,-0.0046,-0.037,0.0278,,,5,6,1.0,equivalent (±5pp),,
pooled,edn-table-primer,toon,primary,overall-excl-structural,239,0.7485,0.7629,-0.0144,-0.0279,-0.0014,-0.036,0.0029,6,14,0.11532,B better (within ±5pp),equivalent (±5pp),
pooled,edn-table-primer,toon,primary,type:field-retrieval,92,0.9928,0.9915,0.0012,-0.0048,0.0085,,,0,0,1.0,equivalent (±5pp),,
pooled,edn-table-primer,toon,primary,track:mixed,135,0.8296,0.8469,-0.0173,-0.037,-0.0,-0.0485,0.0023,2,6,0.28906,B better (within ±5pp),equivalent (±5pp),
pooled,edn-table-primer,toon,primary,shape:mixed,106,0.7925,0.8134,-0.021,-0.0451,-0.0,-0.0591,0.0027,2,5,0.45312,B better (within ±5pp),no detectable difference,
pooled,edn-table-primer,toon,primary,type:structure-awareness,36,0.8858,0.9259,-0.0401,-0.0864,-0.0031,,,0,1,1.0,B better,,
pooled,edn-table-primer,toon,primary,type:aggregation,63,0.5362,0.5661,-0.03,-0.067,0.0018,,,1,7,0.07031,no detectable difference,,
pooled,edn-table-primer,toon,primary,shape:nested-config,29,0.9655,0.9693,-0.0038,-0.0307,0.0192,,,0,1,1.0,equivalent (±5pp),,
pooled,edn-table-primer,toon,primary,informative,119,0.5033,0.549,-0.0458,-0.0822,-0.0131,-0.1127,-0.0071,6,16,0.05248,B better,B better,
pooled,edn-table-primer,json-compact,primary,overall,244,0.7454,0.7427,0.0027,-0.0077,0.0132,-0.0123,0.0192,8,6,0.79053,equivalent (±5pp),equivalent (±5pp),1.0
pooled,edn-table-primer,json-compact,primary,track:flat,109,0.6412,0.634,0.0071,-0.0133,0.0275,-0.0264,0.0444,3,2,1.0,equivalent (±5pp),equivalent (±5pp),
pooled,edn-table-primer,json-compact,primary,shape:structural-validation,5,0.6,0.6,0.0,0.0,0.0,,,0,0,1.0,equivalent (±5pp),,
pooled,edn-table-primer,json-compact,primary,type:structural-validation,5,0.6,0.6,0.0,0.0,0.0,,,0,0,1.0,equivalent (±5pp),,
pooled,edn-table-primer,json-compact,primary,shape:uniform-tables,104,0.6432,0.6357,0.0075,-0.0139,0.0288,-0.0258,0.042,3,2,1.0,equivalent (±5pp),equivalent (±5pp),
pooled,edn-table-primer,json-compact,primary,type:filtering,48,0.456,0.4583,-0.0023,-0.0301,0.0255,,,6,4,0.75391,equivalent (±5pp),,
pooled,edn-table-primer,json-compact,primary,overall-excl-structural,239,0.7485,0.7457,0.0028,-0.0079,0.0135,-0.0123,0.019,8,6,0.79053,equivalent (±5pp),equivalent (±5pp),
pooled,edn-table-primer,json-compact,primary,type:field-retrieval,92,0.9928,0.9976,-0.0048,-0.0109,0.0,,,0,0,1.0,equivalent (±5pp),,
pooled,edn-table-primer,json-compact,primary,track:mixed,135,0.8296,0.8305,-0.0008,-0.0099,0.0082,-0.0112,0.0084,5,4,1.0,equivalent (±5pp),equivalent (±5pp),
pooled,edn-table-primer,json-compact,primary,shape:mixed,106,0.7925,0.7945,-0.0021,-0.0136,0.0094,-0.0142,0.0087,5,3,0.72656,equivalent (±5pp),equivalent (±5pp),
pooled,edn-table-primer,json-compact,primary,type:structure-awareness,36,0.8858,0.8549,0.0309,-0.0062,0.071,,,0,0,1.0,no detectable difference,,
pooled,edn-table-primer,json-compact,primary,type:aggregation,63,0.5362,0.5344,0.0018,-0.0247,0.0247,,,2,2,1.0,equivalent (±5pp),,
pooled,edn-table-primer,json-compact,primary,shape:nested-config,29,0.9655,0.9617,0.0038,-0.0077,0.0153,,,0,1,1.0,equivalent (±5pp),,
pooled,edn-table-primer,json-compact,primary,informative,119,0.5033,0.4977,0.0056,-0.0159,0.0271,-0.0255,0.0395,8,6,0.79053,equivalent (±5pp),equivalent (±5pp),
pooled,edn-maps,toon,primary,overall,244,0.7441,0.7678,-0.0237,-0.0433,-0.0064,-0.0582,-0.0037,7,17,0.06391,B better (within ±5pp),B better,1.0
pooled,edn-maps,toon,primary,track:flat,109,0.6371,0.6697,-0.0326,-0.0703,-0.0,-0.2001,-0.001,5,10,0.30176,B better,B better,
pooled,edn-maps,toon,primary,shape:structural-validation,5,0.4667,1.0,-0.5333,-0.9333,-0.1333,,,0,3,0.25,B better,,
pooled,edn-maps,toon,primary,type:structural-validation,5,0.4667,1.0,-0.5333,-0.9333,-0.1333,,,0,3,0.25,B better,,
pooled,edn-maps,toon,primary,shape:uniform-tables,104,0.6453,0.6538,-0.0085,-0.0321,0.0128,-0.0415,0.0143,5,7,0.77441,equivalent (±5pp),equivalent (±5pp),
pooled,edn-maps,toon,primary,type:filtering,48,0.4769,0.4606,0.0162,-0.0116,0.044,,,5,4,1.0,equivalent (±5pp),,
pooled,edn-maps,toon,primary,overall-excl-structural,239,0.7499,0.7629,-0.013,-0.0274,0.0005,-0.0365,0.0045,7,14,0.18925,equivalent (±5pp),equivalent (±5pp),
pooled,edn-maps,toon,primary,type:field-retrieval,92,0.9988,0.9915,0.0072,0.0012,0.0157,,,0,0,1.0,A better (within ±5pp),,
pooled,edn-maps,toon,primary,track:mixed,135,0.8305,0.8469,-0.0165,-0.0346,-0.0008,-0.0507,0.0054,2,7,0.17969,B better (within ±5pp),no detectable difference,
pooled,edn-maps,toon,primary,shape:mixed,106,0.7904,0.8134,-0.0231,-0.0472,-0.0031,-0.0623,0.0012,2,7,0.17969,B better (within ±5pp),no detectable difference,
pooled,edn-maps,toon,primary,type:structure-awareness,36,0.8519,0.9259,-0.0741,-0.1327,-0.0247,,,0,2,0.5,B better,,
pooled,edn-maps,toon,primary,type:aggregation,63,0.5362,0.5661,-0.03,-0.0653,-0.0,,,2,8,0.10938,B better,,
pooled,edn-maps,toon,primary,shape:nested-config,29,0.977,0.9693,0.0077,-0.0077,0.0268,,,0,0,1.0,equivalent (±5pp),,
pooled,edn-maps,toon,primary,informative,119,0.5005,0.549,-0.0486,-0.0868,-0.0131,-0.1191,-0.0085,7,17,0.06391,B better,B better,
pooled,toon,json-compact,extra,overall,244,0.7678,0.7427,0.025,0.0087,0.0433,0.0078,0.0543,17,5,0.0169,A better (within ±5pp),A better,
pooled,toon,json-compact,extra,track:flat,109,0.6697,0.634,0.0357,0.0082,0.0693,0.0093,0.1611,9,2,0.06543,A better,A better,
pooled,toon,json-compact,extra,shape:structural-validation,5,1.0,0.6,0.4,0.0,0.8,,,2,0,0.5,no detectable difference,,
pooled,toon,json-compact,extra,type:structural-validation,5,1.0,0.6,0.4,0.0,0.8,,,2,0,0.5,no detectable difference,,
pooled,toon,json-compact,extra,shape:uniform-tables,104,0.6538,0.6357,0.0182,-0.0,0.0374,-0.001,0.0382,7,2,0.17969,equivalent (±5pp),equivalent (±5pp),
pooled,toon,json-compact,extra,type:filtering,48,0.4606,0.4583,0.0023,-0.0324,0.037,,,7,4,0.54883,equivalent (±5pp),,
pooled,toon,json-compact,extra,overall-excl-structural,239,0.7629,0.7457,0.0172,0.0037,0.0311,0.0024,0.0364,15,5,0.04139,A better (within ±5pp),A better (within ±5pp),
pooled,toon,json-compact,extra,type:field-retrieval,92,0.9915,0.9976,-0.006,-0.0145,0.0012,,,0,0,1.0,equivalent (±5pp),,
pooled,toon,json-compact,extra,track:mixed,135,0.8469,0.8305,0.0165,-0.0016,0.037,-0.0028,0.047,8,3,0.22656,equivalent (±5pp),equivalent (±5pp),
pooled,toon,json-compact,extra,shape:mixed,106,0.8134,0.7945,0.0189,-0.0021,0.044,-0.0042,0.0576,8,3,0.22656,equivalent (±5pp),no detectable difference,
pooled,toon,json-compact,extra,type:structure-awareness,36,0.9259,0.8549,0.071,0.0216,0.1265,,,1,0,1.0,A better,,
pooled,toon,json-compact,extra,type:aggregation,63,0.5661,0.5344,0.0317,0.0071,0.06,,,7,1,0.07031,A better,,
pooled,toon,json-compact,extra,shape:nested-config,29,0.9693,0.9617,0.0077,-0.0153,0.0307,,,0,0,1.0,equivalent (±5pp),,
pooled,toon,json-compact,extra,informative,119,0.549,0.4977,0.0514,0.0187,0.0878,0.0179,0.1111,17,5,0.0169,A better,A better,
pooled,edn-table,json-compact,extra,overall,244,0.7473,0.7427,0.0046,-0.0059,0.015,-0.0101,0.0211,8,7,1.0,equivalent (±5pp),equivalent (±5pp),
pooled,edn-table,json-compact,extra,track:flat,109,0.6412,0.634,0.0071,-0.0112,0.0265,-0.0223,0.0421,3,2,1.0,equivalent (±5pp),equivalent (±5pp),
pooled,edn-table,json-compact,extra,shape:structural-validation,5,0.6,0.6,0.0,0.0,0.0,,,0,0,1.0,equivalent (±5pp),,
pooled,edn-table,json-compact,extra,type:structural-validation,5,0.6,0.6,0.0,0.0,0.0,,,0,0,1.0,equivalent (±5pp),,
pooled,edn-table,json-compact,extra,shape:uniform-tables,104,0.6432,0.6357,0.0075,-0.0118,0.0278,-0.0208,0.0418,3,2,1.0,equivalent (±5pp),equivalent (±5pp),
pooled,edn-table,json-compact,extra,type:filtering,48,0.463,0.4583,0.0046,-0.0231,0.0324,,,6,5,1.0,equivalent (±5pp),,
pooled,edn-table,json-compact,extra,overall-excl-structural,239,0.7503,0.7457,0.0046,-0.006,0.0154,-0.0103,0.0209,8,7,1.0,equivalent (±5pp),equivalent (±5pp),
pooled,edn-table,json-compact,extra,type:field-retrieval,92,0.994,0.9976,-0.0036,-0.0097,0.0,,,0,0,1.0,equivalent (±5pp),,
pooled,edn-table,json-compact,extra,track:mixed,135,0.8329,0.8305,0.0025,-0.0091,0.014,-0.0118,0.0155,5,5,1.0,equivalent (±5pp),equivalent (±5pp),
pooled,edn-table,json-compact,extra,shape:mixed,106,0.7935,0.7945,-0.001,-0.0147,0.0126,-0.0168,0.0127,5,5,1.0,equivalent (±5pp),equivalent (±5pp),
pooled,edn-table,json-compact,extra,type:structure-awareness,36,0.8765,0.8549,0.0216,-0.0216,0.0679,,,0,1,1.0,no detectable difference,,
pooled,edn-table,json-compact,extra,type:aggregation,63,0.5414,0.5344,0.0071,-0.0141,0.0282,,,2,1,1.0,equivalent (±5pp),,
pooled,edn-table,json-compact,extra,shape:nested-config,29,0.977,0.9617,0.0153,-0.0038,0.0383,,,0,0,1.0,equivalent (±5pp),,
pooled,edn-table,json-compact,extra,informative,119,0.507,0.4977,0.0093,-0.0121,0.0308,-0.02,0.0469,8,7,1.0,equivalent (±5pp),equivalent (±5pp),
pooled,edn-table,edn-maps,extra,overall,244,0.7473,0.7441,0.0032,-0.0082,0.0155,-0.0106,0.02,6,7,1.0,equivalent (±5pp),equivalent (±5pp),
pooled,edn-table,edn-maps,extra,track:flat,109,0.6412,0.6371,0.0041,-0.0163,0.0275,-0.0204,0.0691,4,5,1.0,equivalent (±5pp),no detectable difference,
pooled,edn-table,edn-maps,extra,shape:structural-validation,5,0.6,0.4667,0.1333,0.0,0.4,,,1,0,1.0,no detectable difference,,
pooled,edn-table,edn-maps,extra,type:structural-validation,5,0.6,0.4667,0.1333,0.0,0.4,,,1,0,1.0,no detectable difference,,
pooled,edn-table,edn-maps,extra,shape:uniform-tables,104,0.6432,0.6453,-0.0021,-0.0203,0.0182,-0.0251,0.0272,3,5,0.72656,equivalent (±5pp),equivalent (±5pp),
pooled,edn-table,edn-maps,extra,type:filtering,48,0.463,0.4769,-0.0139,-0.0417,0.0139,,,2,5,0.45312,equivalent (±5pp),,
pooled,edn-table,edn-maps,extra,overall-excl-structural,239,0.7503,0.7499,0.0005,-0.0098,0.0116,-0.0125,0.0143,5,7,0.77441,equivalent (±5pp),equivalent (±5pp),
pooled,edn-table,edn-maps,extra,type:field-retrieval,92,0.994,0.9988,-0.0048,-0.0133,0.0012,,,0,0,1.0,equivalent (±5pp),,
pooled,edn-table,edn-maps,extra,track:mixed,135,0.8329,0.8305,0.0025,-0.0091,0.014,-0.0117,0.0146,2,2,1.0,equivalent (±5pp),equivalent (±5pp),
pooled,edn-table,edn-maps,extra,shape:mixed,106,0.7935,0.7904,0.0031,-0.0105,0.0168,-0.0146,0.017,2,2,1.0,equivalent (±5pp),equivalent (±5pp),
pooled,edn-table,edn-maps,extra,type:structure-awareness,36,0.8765,0.8519,0.0247,-0.0185,0.0741,,,1,1,1.0,no detectable difference,,
pooled,edn-table,edn-maps,extra,type:aggregation,63,0.5414,0.5362,0.0053,-0.0123,0.0229,,,2,1,1.0,equivalent (±5pp),,
pooled,edn-table,edn-maps,extra,shape:nested-config,29,0.977,0.977,-0.0,-0.0153,0.0192,,,0,0,1.0,equivalent (±5pp),,
pooled,edn-table,edn-maps,extra,informative,119,0.507,0.5005,0.0065,-0.0168,0.0308,-0.0218,0.0422,6,7,1.0,equivalent (±5pp),equivalent (±5pp),
pooled,csv,toon,extra,overall,109,0.6544,0.6697,-0.0153,-0.0438,0.0082,-0.0973,0.0106,2,8,0.10938,equivalent (±5pp),no detectable difference,
pooled,csv,toon,extra,track:flat,109,0.6544,0.6697,-0.0153,-0.0438,0.0092,-0.0973,0.0099,2,8,0.10938,equivalent (±5pp),no detectable difference,
pooled,csv,toon,extra,shape:structural-validation,5,0.8,1.0,-0.2,-0.6,0.0,,,0,1,1.0,no detectable difference,,
pooled,csv,toon,extra,type:structural-validation,5,0.8,1.0,-0.2,-0.6,0.0,,,0,1,1.0,no detectable difference,,
pooled,csv,toon,extra,shape:uniform-tables,104,0.6474,0.6538,-0.0064,-0.0267,0.0128,-0.0325,0.0159,2,7,0.17969,equivalent (±5pp),equivalent (±5pp),
pooled,csv,toon,extra,type:filtering,27,0.3868,0.3827,0.0041,-0.0453,0.0576,,,2,4,0.6875,no detectable difference,,
pooled,csv,toon,extra,overall-excl-structural,104,0.6474,0.6538,-0.0064,-0.0256,0.0128,-0.0322,0.016,2,7,0.17969,equivalent (±5pp),equivalent (±5pp),
pooled,csv,toon,extra,type:field-retrieval,32,0.9965,0.9826,0.0139,-0.0035,0.0347,,,0,0,1.0,equivalent (±5pp),,
pooled,csv,toon,extra,type:structure-awareness,16,0.8542,0.8542,0.0,-0.0208,0.0208,,,0,0,1.0,equivalent (±5pp),,
pooled,csv,toon,extra,type:aggregation,29,0.3908,0.433,-0.0421,-0.0881,-0.0,,,0,3,0.25,B better,,
pooled,csv,toon,extra,informative,67,0.4992,0.5075,-0.0083,-0.0381,0.0216,-0.0505,0.0288,2,7,0.17969,equivalent (±5pp),no detectable difference,
pooled,csv,edn-table,extra,overall,109,0.6544,0.6412,0.0133,-0.0204,0.0489,-0.032,0.1,4,4,1.0,equivalent (±5pp),no detectable difference,
pooled,csv,edn-table,extra,track:flat,109,0.6544,0.6412,0.0133,-0.0204,0.0489,-0.03,0.1081,4,4,1.0,equivalent (±5pp),no detectable difference,
pooled,csv,edn-table,extra,shape:structural-validation,5,0.8,0.6,0.2,-0.4,0.8,,,2,1,1.0,no detectable difference,,
pooled,csv,edn-table,extra,type:structural-validation,5,0.8,0.6,0.2,-0.4,0.8,,,2,1,1.0,no detectable difference,,
pooled,csv,edn-table,extra,shape:uniform-tables,104,0.6474,0.6432,0.0043,-0.0118,0.0203,-0.0179,0.0222,2,3,1.0,equivalent (±5pp),equivalent (±5pp),
pooled,csv,edn-table,extra,type:filtering,27,0.3868,0.3663,0.0206,-0.0206,0.0658,,,2,2,1.0,no detectable difference,,
pooled,csv,edn-table,extra,overall-excl-structural,104,0.6474,0.6432,0.0043,-0.0128,0.0203,-0.0179,0.0224,2,3,1.0,equivalent (±5pp),equivalent (±5pp),
pooled,csv,edn-table,extra,type:field-retrieval,32,0.9965,0.9896,0.0069,-0.0069,0.0243,,,0,0,1.0,equivalent (±5pp),,
pooled,csv,edn-table,extra,type:structure-awareness,16,0.8542,0.8472,0.0069,-0.0139,0.0278,,,0,0,1.0,equivalent (±5pp),,
pooled,csv,edn-table,extra,type:aggregation,29,0.3908,0.4061,-0.0153,-0.0536,0.0115,,,0,1,1.0,no detectable difference,,
pooled,csv,edn-table,extra,informative,67,0.4992,0.461,0.0381,-0.0033,0.0912,-0.0071,0.19,4,3,1.0,no detectable difference,no detectable difference,
pooled,csv,json-compact,extra,overall,109,0.6544,0.634,0.0204,-0.0153,0.0581,-0.0278,0.1232,3,2,1.0,no detectable difference,no detectable difference,
pooled,csv,json-compact,extra,track:flat,109,0.6544,0.634,0.0204,-0.0163,0.0571,-0.0261,0.1141,3,2,1.0,no detectable difference,no detectable difference,
pooled,csv,json-compact,extra,shape:structural-validation,5,0.8,0.6,0.2,-0.4,0.8,,,2,1,1.0,no detectable difference,,
pooled,csv,json-compact,extra,type:structural-validation,5,0.8,0.6,0.2,-0.4,0.8,,,2,1,1.0,no detectable difference,,
pooled,csv,json-compact,extra,shape:uniform-tables,104,0.6474,0.6357,0.0118,-0.0064,0.031,-0.0135,0.037,1,1,1.0,equivalent (±5pp),equivalent (±5pp),
pooled,csv,json-compact,extra,type:filtering,27,0.3868,0.3745,0.0123,-0.0247,0.0494,,,1,1,1.0,equivalent (±5pp),,
pooled,csv,json-compact,extra,overall-excl-structural,104,0.6474,0.6357,0.0118,-0.0075,0.031,-0.0125,0.037,1,1,1.0,equivalent (±5pp),equivalent (±5pp),
pooled,csv,json-compact,extra,type:field-retrieval,32,0.9965,1.0,-0.0035,-0.0104,0.0,,,0,0,1.0,equivalent (±5pp),,
pooled,csv,json-compact,extra,type:structure-awareness,16,0.8542,0.7847,0.0694,0.0069,0.1458,,,0,0,1.0,A better,,
pooled,csv,json-compact,extra,type:aggregation,29,0.3908,0.3946,-0.0038,-0.0498,0.0345,,,0,0,1.0,equivalent (±5pp),,
pooled,csv,json-compact,extra,informative,67,0.4992,0.4494,0.0498,0.005,0.1045,0.0013,0.2374,3,1,0.625,A better,A better,
pooled,edn-table-lines,edn-table,layout,overall,135,0.8329,0.8329,0.0,-0.0115,0.0107,-0.0129,0.0128,5,1,0.21875,equivalent (±5pp),equivalent (±5pp),
pooled,edn-table-lines,edn-table,layout,type:filtering,21,0.5714,0.5873,-0.0159,-0.0688,0.0317,,,2,1,1.0,no detectable difference,,
pooled,edn-table-lines,edn-table,layout,overall-excl-structural,135,0.8329,0.8329,0.0,-0.0115,0.0107,-0.0133,0.0129,5,1,0.21875,equivalent (±5pp),equivalent (±5pp),
pooled,edn-table-lines,edn-table,layout,type:field-retrieval,60,0.9963,0.9963,0.0,0.0,0.0,,,0,0,1.0,equivalent (±5pp),,
pooled,edn-table-lines,edn-table,layout,track:mixed,135,0.8329,0.8329,0.0,-0.0107,0.0107,-0.0132,0.0129,5,1,0.21875,equivalent (±5pp),equivalent (±5pp),
pooled,edn-table-lines,edn-table,layout,shape:mixed,106,0.7966,0.7935,0.0031,-0.0094,0.0157,-0.0108,0.0165,5,1,0.21875,equivalent (±5pp),equivalent (±5pp),
pooled,edn-table-lines,edn-table,layout,type:structure-awareness,20,0.9056,0.9,0.0056,-0.0278,0.0389,,,1,0,1.0,equivalent (±5pp),,
pooled,edn-table-lines,edn-table,layout,type:aggregation,34,0.6634,0.6569,0.0065,-0.0196,0.0294,,,2,0,0.5,equivalent (±5pp),,
pooled,edn-table-lines,edn-table,layout,shape:nested-config,29,0.9655,0.977,-0.0115,-0.0307,0.0038,,,0,0,1.0,equivalent (±5pp),,
pooled,edn-table-lines,edn-table,layout,informative,52,0.5662,0.5662,0.0,-0.0278,0.0278,-0.0505,0.0287,5,1,0.21875,equivalent (±5pp),no detectable difference,
pooled,edn-table-lines,toon,layout,overall,135,0.8329,0.8469,-0.014,-0.0329,0.0025,-0.0448,0.0051,2,3,1.0,equivalent (±5pp),equivalent (±5pp),
pooled,edn-table-lines,toon,layout,type:filtering,21,0.5714,0.5608,0.0106,-0.0159,0.0423,,,1,0,1.0,equivalent (±5pp),,
pooled,edn-table-lines,toon,layout,overall-excl-structural,135,0.8329,0.8469,-0.014,-0.0329,0.0025,-0.0447,0.0053,2,3,1.0,equivalent (±5pp),equivalent (±5pp),
pooled,edn-table-lines,toon,layout,type:field-retrieval,60,0.9963,0.9963,0.0,-0.0056,0.0056,,,0,0,1.0,equivalent (±5pp),,
pooled,edn-table-lines,toon,layout,track:mixed,135,0.8329,0.8469,-0.014,-0.0329,0.0025,-0.0446,0.0058,2,3,1.0,equivalent (±5pp),equivalent (±5pp),
pooled,edn-table-lines,toon,layout,shape:mixed,106,0.7966,0.8134,-0.0168,-0.0409,0.0031,-0.0542,0.006,2,3,1.0,equivalent (±5pp),no detectable difference,
pooled,edn-table-lines,toon,layout,type:structure-awareness,20,0.9056,0.9833,-0.0778,-0.1611,-0.0167,,,0,1,1.0,B better,,
pooled,edn-table-lines,toon,layout,type:aggregation,34,0.6634,0.6797,-0.0163,-0.0686,0.0261,,,1,2,1.0,no detectable difference,,
pooled,edn-table-lines,toon,layout,shape:nested-config,29,0.9655,0.9693,-0.0038,-0.023,0.0192,,,0,0,1.0,equivalent (±5pp),,
pooled,edn-table-lines,toon,layout,informative,52,0.5662,0.6026,-0.0363,-0.0833,0.0064,-0.1222,0.0139,2,3,1.0,no detectable difference,no detectable difference,
pooled,edn-table-lines,json-compact,layout,overall,135,0.8329,0.8305,0.0025,-0.0082,0.014,-0.0099,0.0145,6,2,0.28906,equivalent (±5pp),equivalent (±5pp),
pooled,edn-table-lines,json-compact,layout,type:filtering,21,0.5714,0.5661,0.0053,-0.0529,0.0688,,,4,2,0.6875,no detectable difference,,
pooled,edn-table-lines,json-compact,layout,overall-excl-structural,135,0.8329,0.8305,0.0025,-0.0082,0.014,-0.0098,0.0146,6,2,0.28906,equivalent (±5pp),equivalent (±5pp),
pooled,edn-table-lines,json-compact,layout,type:field-retrieval,60,0.9963,0.9963,0.0,0.0,0.0,,,0,0,1.0,equivalent (±5pp),,
pooled,edn-table-lines,json-compact,layout,track:mixed,135,0.8329,0.8305,0.0025,-0.0091,0.014,-0.0098,0.0146,6,2,0.28906,equivalent (±5pp),equivalent (±5pp),
pooled,edn-table-lines,json-compact,layout,shape:mixed,106,0.7966,0.7945,0.0021,-0.0115,0.0168,-0.0131,0.0169,6,2,0.28906,equivalent (±5pp),equivalent (±5pp),
pooled,edn-table-lines,json-compact,layout,type:structure-awareness,20,0.9056,0.9111,-0.0056,-0.0389,0.0222,,,0,0,1.0,equivalent (±5pp),,
pooled,edn-table-lines,json-compact,layout,type:aggregation,34,0.6634,0.6536,0.0098,-0.0098,0.0294,,,2,0,0.5,equivalent (±5pp),,
pooled,edn-table-lines,json-compact,layout,shape:nested-config,29,0.9655,0.9617,0.0038,0.0,0.0115,,,0,0,1.0,equivalent (±5pp),,
pooled,edn-table-lines,json-compact,layout,informative,52,0.5662,0.5598,0.0064,-0.0214,0.0363,-0.0301,0.0385,6,2,0.28906,equivalent (±5pp),equivalent (±5pp),
pooled-nr,edn-maps,json-compact,primary,overall,244,0.6284,0.627,0.0014,-0.015,0.0171,-0.0252,0.0221,4,4,1.0,equivalent (±5pp),equivalent (±5pp),
pooled-nr,edn-maps,json-compact,primary,track:flat,109,0.4832,0.4801,0.0031,-0.0291,0.0306,-0.0917,0.0368,3,3,1.0,equivalent (±5pp),no detectable difference,
pooled-nr,edn-maps,json-compact,primary,shape:structural-validation,5,0.4,0.6,-0.2,-0.6,0.0,,,0,1,1.0,no detectable difference,,
pooled-nr,edn-maps,json-compact,primary,type:structural-validation,5,0.4,0.6,-0.2,-0.6,0.0,,,0,1,1.0,no detectable difference,,
pooled-nr,edn-maps,json-compact,primary,shape:uniform-tables,104,0.4872,0.4744,0.0128,-0.0128,0.0369,-0.0312,0.0446,3,2,1.0,equivalent (±5pp),equivalent (±5pp),
pooled-nr,edn-maps,json-compact,primary,type:filtering,48,0.2188,0.1875,0.0312,-0.0069,0.0694,,,0,0,1.0,no detectable difference,,
pooled-nr,edn-maps,json-compact,primary,overall-excl-structural,239,0.6332,0.6276,0.0056,-0.0084,0.0195,-0.017,0.0257,4,3,1.0,equivalent (±5pp),equivalent (±5pp),
pooled-nr,edn-maps,json-compact,primary,type:field-retrieval,92,0.9982,0.9964,0.0018,-0.0054,0.0109,,,0,0,1.0,equivalent (±5pp),,
pooled-nr,edn-maps,json-compact,primary,track:mixed,135,0.7457,0.7457,0.0,-0.016,0.016,-0.0225,0.0207,1,1,1.0,equivalent (±5pp),equivalent (±5pp),
pooled-nr,edn-maps,json-compact,primary,shape:mixed,106,0.6855,0.6918,-0.0063,-0.0267,0.0142,-0.0294,0.0145,1,1,1.0,equivalent (±5pp),equivalent (±5pp),
pooled-nr,edn-maps,json-compact,primary,type:structure-awareness,36,0.8056,0.8102,-0.0046,-0.0602,0.0463,,,3,2,1.0,no detectable difference,,
pooled-nr,edn-maps,json-compact,primary,type:aggregation,63,0.3175,0.3201,-0.0026,-0.0317,0.0238,,,1,1,1.0,equivalent (±5pp),,
pooled-nr,edn-maps,json-compact,primary,shape:nested-config,29,0.9655,0.9425,0.023,0.0057,0.046,,,0,0,1.0,A better (within ±5pp),,
pooled-nr,edn-maps,json-compact,primary,informative,92,0.3406,0.337,0.0036,-0.0399,0.0453,-0.0653,0.0604,4,4,1.0,equivalent (±5pp),no detectable difference,
pooled-nr,edn-table,toon,primary,overall,244,0.6359,0.6598,-0.0239,-0.0471,-0.0027,-0.0654,0.004,0,7,0.01562,B better (within ±5pp),no detectable difference,
pooled-nr,edn-table,toon,primary,track:flat,109,0.4939,0.5229,-0.0291,-0.0657,0.0031,-0.1528,0.0113,0,3,0.25,no detectable difference,no detectable difference,
pooled-nr,edn-table,toon,primary,shape:structural-validation,5,0.6,1.0,-0.4,-0.8,0.0,,,0,2,0.5,no detectable difference,,
pooled-nr,edn-table,toon,primary,type:structural-validation,5,0.6,1.0,-0.4,-0.8,0.0,,,0,2,0.5,no detectable difference,,
pooled-nr,edn-table,toon,primary,shape:uniform-tables,104,0.4888,0.5,-0.0112,-0.0369,0.0128,-0.0452,0.0296,0,1,1.0,equivalent (±5pp),equivalent (±5pp),
pooled-nr,edn-table,toon,primary,type:filtering,48,0.2049,0.1944,0.0104,-0.0347,0.0556,,,0,0,1.0,no detectable difference,,
pooled-nr,edn-table,toon,primary,overall-excl-structural,239,0.6367,0.6527,-0.016,-0.0356,0.0028,-0.0492,0.0103,0,5,0.0625,equivalent (±5pp),equivalent (±5pp),
pooled-nr,edn-table,toon,primary,type:field-retrieval,92,0.9909,0.9873,0.0036,-0.0054,0.0145,,,0,0,1.0,equivalent (±5pp),,
pooled-nr,edn-table,toon,primary,track:mixed,135,0.7506,0.7704,-0.0198,-0.0506,0.0074,-0.0744,0.0147,0,4,0.125,no detectable difference,no detectable difference,
pooled-nr,edn-table,toon,primary,shape:mixed,106,0.6918,0.7201,-0.0283,-0.0676,0.0063,-0.0913,0.0142,0,4,0.125,no detectable difference,no detectable difference,
pooled-nr,edn-table,toon,primary,type:structure-awareness,36,0.8426,0.9167,-0.0741,-0.1529,-0.0093,,,0,3,0.25,B better,,
pooled-nr,edn-table,toon,primary,type:aggregation,63,0.3307,0.3624,-0.0317,-0.082,0.0132,,,0,2,0.5,no detectable difference,,
pooled-nr,edn-table,toon,primary,shape:nested-config,29,0.9655,0.954,0.0115,-0.0115,0.0402,,,0,0,1.0,equivalent (±5pp),,
pooled-nr,edn-table,toon,primary,informative,92,0.3605,0.4239,-0.0634,-0.1214,-0.0072,-0.1591,0.0084,0,7,0.01562,B better,no detectable difference,
pooled-nr,edn-table-primer,edn-table,primary,overall,244,0.6332,0.6359,-0.0027,-0.0137,0.0082,-0.016,0.0102,1,0,1.0,equivalent (±5pp),equivalent (±5pp),
pooled-nr,edn-table-primer,edn-table,primary,track:flat,109,0.4908,0.4939,-0.0031,-0.0183,0.0122,-0.0208,0.0149,0,0,1.0,equivalent (±5pp),equivalent (±5pp),
pooled-nr,edn-table-primer,edn-table,primary,shape:structural-validation,5,0.6,0.6,0.0,0.0,0.0,,,0,0,1.0,equivalent (±5pp),,
pooled-nr,edn-table-primer,edn-table,primary,type:structural-validation,5,0.6,0.6,0.0,0.0,0.0,,,0,0,1.0,equivalent (±5pp),,
pooled-nr,edn-table-primer,edn-table,primary,shape:uniform-tables,104,0.4856,0.4888,-0.0032,-0.0192,0.0128,-0.0208,0.0149,0,0,1.0,equivalent (±5pp),equivalent (±5pp),
pooled-nr,edn-table-primer,edn-table,primary,type:filtering,48,0.1944,0.2049,-0.0104,-0.0521,0.0278,,,0,0,1.0,no detectable difference,,
pooled-nr,edn-table-primer,edn-table,primary,overall-excl-structural,239,0.6339,0.6367,-0.0028,-0.0139,0.0084,-0.0158,0.0103,1,0,1.0,equivalent (±5pp),equivalent (±5pp),
pooled-nr,edn-table-primer,edn-table,primary,type:field-retrieval,92,0.9891,0.9909,-0.0018,-0.0054,0.0,,,0,0,1.0,equivalent (±5pp),,
pooled-nr,edn-table-primer,edn-table,primary,track:mixed,135,0.7481,0.7506,-0.0025,-0.0185,0.0136,-0.0215,0.0164,1,0,1.0,equivalent (±5pp),equivalent (±5pp),
pooled-nr,edn-table-primer,edn-table,primary,shape:mixed,106,0.6934,0.6918,0.0016,-0.0157,0.0189,-0.0185,0.0213,1,0,1.0,equivalent (±5pp),equivalent (±5pp),
pooled-nr,edn-table-primer,edn-table,primary,type:structure-awareness,36,0.8565,0.8426,0.0139,-0.0139,0.0463,,,1,0,1.0,equivalent (±5pp),,
pooled-nr,edn-table-primer,edn-table,primary,type:aggregation,63,0.3228,0.3307,-0.0079,-0.0317,0.0132,,,0,0,1.0,equivalent (±5pp),,
pooled-nr,edn-table-primer,edn-table,primary,shape:nested-config,29,0.9483,0.9655,-0.0172,-0.0519,0.0115,,,0,0,1.0,no detectable difference,,
pooled-nr,edn-table-primer,edn-table,primary,informative,92,0.3533,0.3605,-0.0072,-0.0362,0.0217,-0.0455,0.0254,1,0,1.0,equivalent (±5pp),equivalent (±5pp),
pooled-nr,edn-table-primer,toon,primary,overall,244,0.6332,0.6598,-0.0266,-0.0492,-0.0061,-0.0648,-0.0006,0,6,0.03125,B better (within ±5pp),B better,
pooled-nr,edn-table-primer,toon,primary,track:flat,109,0.4908,0.5229,-0.0321,-0.0703,0.0,-0.175,0.0085,0,3,0.25,no detectable difference,no detectable difference,
pooled-nr,edn-table-primer,toon,primary,shape:structural-validation,5,0.6,1.0,-0.4,-0.8,0.0,,,0,2,0.5,no detectable difference,,
pooled-nr,edn-table-primer,toon,primary,type:structural-validation,5,0.6,1.0,-0.4,-0.8,0.0,,,0,2,0.5,no detectable difference,,
pooled-nr,edn-table-primer,toon,primary,shape:uniform-tables,104,0.4856,0.5,-0.0144,-0.0433,0.0112,-0.0556,0.0241,0,1,1.0,equivalent (±5pp),no detectable difference,
pooled-nr,edn-table-primer,toon,primary,type:filtering,48,0.1944,0.1944,-0.0,-0.0417,0.0417,,,0,0,1.0,equivalent (±5pp),,
pooled-nr,edn-table-primer,toon,primary,overall-excl-structural,239,0.6339,0.6527,-0.0188,-0.0391,-0.0007,-0.0501,0.0061,0,4,0.125,B better (within ±5pp),no detectable difference,
pooled-nr,edn-table-primer,toon,primary,type:field-retrieval,92,0.9891,0.9873,0.0018,-0.0072,0.0127,,,0,0,1.0,equivalent (±5pp),,
pooled-nr,edn-table-primer,toon,primary,track:mixed,135,0.7481,0.7704,-0.0222,-0.0506,0.0025,-0.0686,0.0078,0,3,0.25,no detectable difference,no detectable difference,
pooled-nr,edn-table-primer,toon,primary,shape:mixed,106,0.6934,0.7201,-0.0267,-0.0613,0.0031,-0.0852,0.0091,0,3,0.25,no detectable difference,no detectable difference,
pooled-nr,edn-table-primer,toon,primary,type:structure-awareness,36,0.8565,0.9167,-0.0602,-0.1343,-0.0046,,,0,2,0.5,B better,,
pooled-nr,edn-table-primer,toon,primary,type:aggregation,63,0.3228,0.3624,-0.0397,-0.0926,0.0053,,,0,2,0.5,no detectable difference,,
pooled-nr,edn-table-primer,toon,primary,shape:nested-config,29,0.9483,0.954,-0.0057,-0.0402,0.0345,,,0,0,1.0,equivalent (±5pp),,
pooled-nr,edn-table-primer,toon,primary,informative,92,0.3533,0.4239,-0.0707,-0.1304,-0.0163,-0.1698,-0.0041,0,6,0.03125,B better,B better,
pooled-nr,edn-table-primer,json-compact,primary,overall,244,0.6332,0.627,0.0061,-0.0089,0.0212,-0.0152,0.0284,6,1,0.125,equivalent (±5pp),equivalent (±5pp),
pooled-nr,edn-table-primer,json-compact,primary,track:flat,109,0.4908,0.4801,0.0107,-0.0199,0.0398,-0.0375,0.0614,5,1,0.21875,equivalent (±5pp),no detectable difference,
pooled-nr,edn-table-primer,json-compact,primary,shape:structural-validation,5,0.6,0.6,0.0,0.0,0.0,,,0,0,1.0,equivalent (±5pp),,
pooled-nr,edn-table-primer,json-compact,primary,type:structural-validation,5,0.6,0.6,0.0,0.0,0.0,,,0,0,1.0,equivalent (±5pp),,
pooled-nr,edn-table-primer,json-compact,primary,shape:uniform-tables,104,0.4856,0.4744,0.0112,-0.0192,0.0417,-0.0358,0.0593,5,1,0.21875,equivalent (±5pp),no detectable difference,
pooled-nr,edn-table-primer,json-compact,primary,type:filtering,48,0.1944,0.1875,0.0069,-0.0347,0.0486,,,0,0,1.0,equivalent (±5pp),,
pooled-nr,edn-table-primer,json-compact,primary,overall-excl-structural,239,0.6339,0.6276,0.0063,-0.0091,0.0216,-0.0156,0.0286,6,1,0.125,equivalent (±5pp),equivalent (±5pp),
pooled-nr,edn-table-primer,json-compact,primary,type:field-retrieval,92,0.9891,0.9964,-0.0072,-0.0163,0.0,,,0,0,1.0,equivalent (±5pp),,
pooled-nr,edn-table-primer,json-compact,primary,track:mixed,135,0.7481,0.7457,0.0025,-0.0099,0.0148,-0.0119,0.015,1,0,1.0,equivalent (±5pp),equivalent (±5pp),
pooled-nr,edn-table-primer,json-compact,primary,shape:mixed,106,0.6934,0.6918,0.0016,-0.0142,0.0173,-0.0163,0.0174,1,0,1.0,equivalent (±5pp),equivalent (±5pp),
pooled-nr,edn-table-primer,json-compact,primary,type:structure-awareness,36,0.8565,0.8102,0.0463,-0.0093,0.1065,,,5,0,0.0625,no detectable difference,,
pooled-nr,edn-table-primer,json-compact,primary,type:aggregation,63,0.3228,0.3201,0.0026,-0.0344,0.0317,,,1,1,1.0,equivalent (±5pp),,
pooled-nr,edn-table-primer,json-compact,primary,shape:nested-config,29,0.9483,0.9425,0.0057,-0.0115,0.0287,,,0,0,1.0,equivalent (±5pp),,
pooled-nr,edn-table-primer,json-compact,primary,informative,92,0.3533,0.337,0.0163,-0.0254,0.0562,-0.0417,0.0748,6,1,0.125,no detectable difference,no detectable difference,
pooled-nr,edn-maps,toon,primary,overall,244,0.6284,0.6598,-0.0314,-0.0574,-0.0082,-0.0773,-0.0038,0,11,0.00098,B better,B better,
pooled-nr,edn-maps,toon,primary,track:flat,109,0.4832,0.5229,-0.0398,-0.0856,0.0,-0.2208,0.0019,0,7,0.01562,no detectable difference,no detectable difference,
pooled-nr,edn-maps,toon,primary,shape:structural-validation,5,0.4,1.0,-0.6,-1.0,-0.2,,,0,3,0.25,B better,,
pooled-nr,edn-maps,toon,primary,type:structural-validation,5,0.4,1.0,-0.6,-1.0,-0.2,,,0,3,0.25,B better,,
pooled-nr,edn-maps,toon,primary,shape:uniform-tables,104,0.4872,0.5,-0.0128,-0.0465,0.0192,-0.0625,0.0215,0,4,0.125,equivalent (±5pp),no detectable difference,
pooled-nr,edn-maps,toon,primary,type:filtering,48,0.2188,0.1944,0.0243,-0.0174,0.066,,,0,0,1.0,no detectable difference,,
pooled-nr,edn-maps,toon,primary,overall-excl-structural,239,0.6332,0.6527,-0.0195,-0.0411,-0.0007,-0.0546,0.0067,0,8,0.00781,B better (within ±5pp),no detectable difference,
pooled-nr,edn-maps,toon,primary,type:field-retrieval,92,0.9982,0.9873,0.0109,0.0018,0.0236,,,0,0,1.0,A better (within ±5pp),,
pooled-nr,edn-maps,toon,primary,track:mixed,135,0.7457,0.7704,-0.0247,-0.0531,-0.0012,-0.0772,0.0081,0,4,0.125,B better,no detectable difference,
pooled-nr,edn-maps,toon,primary,shape:mixed,106,0.6855,0.7201,-0.0346,-0.0692,-0.0047,-0.0942,0.0018,0,4,0.125,B better,no detectable difference,
pooled-nr,edn-maps,toon,primary,type:structure-awareness,36,0.8056,0.9167,-0.1111,-0.1991,-0.037,,,0,6,0.03125,B better,,
pooled-nr,edn-maps,toon,primary,type:aggregation,63,0.3175,0.3624,-0.045,-0.0926,-0.0026,,,0,2,0.5,B better,,
pooled-nr,edn-maps,toon,primary,shape:nested-config,29,0.9655,0.954,0.0115,-0.0115,0.0402,,,0,0,1.0,equivalent (±5pp),,
pooled-nr,edn-maps,toon,primary,informative,92,0.3406,0.4239,-0.0833,-0.1486,-0.0217,-0.197,-0.0117,0,11,0.00098,B better,B better,
pooled-nr,toon,json-compact,extra,overall,244,0.6598,0.627,0.0328,0.0109,0.056,0.0097,0.0684,11,0,0.00098,A better,A better,
pooled-nr,toon,json-compact,extra,track:flat,109,0.5229,0.4801,0.0428,0.0076,0.081,0.0097,0.2162,7,0,0.01562,A better,A better,
pooled-nr,toon,json-compact,extra,shape:structural-validation,5,1.0,0.6,0.4,0.0,0.8,,,2,0,0.5,no detectable difference,,
pooled-nr,toon,json-compact,extra,type:structural-validation,5,1.0,0.6,0.4,0.0,0.8,,,2,0,0.5,no detectable difference,,
pooled-nr,toon,json-compact,extra,shape:uniform-tables,104,0.5,0.4744,0.0256,-0.0016,0.0545,-0.0016,0.0538,5,0,0.0625,no detectable difference,no detectable difference,
pooled-nr,toon,json-compact,extra,type:filtering,48,0.1944,0.1875,0.0069,-0.0417,0.059,,,0,0,1.0,no detectable difference,,
pooled-nr,toon,json-compact,extra,overall-excl-structural,239,0.6527,0.6276,0.0251,0.0063,0.046,0.0037,0.0542,9,0,0.00391,A better (within ±5pp),A better,
pooled-nr,toon,json-compact,extra,type:field-retrieval,92,0.9873,0.9964,-0.0091,-0.0217,0.0018,,,0,0,1.0,equivalent (±5pp),,
pooled-nr,toon,json-compact,extra,track:mixed,135,0.7704,0.7457,0.0247,-0.0025,0.0556,-0.0046,0.0712,4,0,0.125,no detectable difference,no detectable difference,
pooled-nr,toon,json-compact,extra,shape:mixed,106,0.7201,0.6918,0.0283,-0.0047,0.066,-0.0064,0.0843,4,0,0.125,no detectable difference,no detectable difference,
pooled-nr,toon,json-compact,extra,type:structure-awareness,36,0.9167,0.8102,0.1065,0.0324,0.1944,,,7,0,0.01562,A better,,
pooled-nr,toon,json-compact,extra,type:aggregation,63,0.3624,0.3201,0.0423,0.0053,0.0847,,,2,0,0.5,A better,,
pooled-nr,toon,json-compact,extra,shape:nested-config,29,0.954,0.9425,0.0115,-0.023,0.046,,,0,0,1.0,equivalent (±5pp),,
pooled-nr,toon,json-compact,extra,informative,92,0.4239,0.337,0.087,0.0326,0.1467,0.0289,0.1753,11,0,0.00098,A better,A better,
pooled-nr,edn-table,json-compact,extra,overall,244,0.6359,0.627,0.0089,-0.0068,0.0239,-0.0124,0.033,6,2,0.28906,equivalent (±5pp),equivalent (±5pp),
pooled-nr,edn-table,json-compact,extra,track:flat,109,0.4939,0.4801,0.0138,-0.0122,0.0413,-0.029,0.0631,5,1,0.21875,equivalent (±5pp),no detectable difference,
pooled-nr,edn-table,json-compact,extra,shape:structural-validation,5,0.6,0.6,0.0,0.0,0.0,,,0,0,1.0,equivalent (±5pp),,
pooled-nr,edn-table,json-compact,extra,type:structural-validation,5,0.6,0.6,0.0,0.0,0.0,,,0,0,1.0,equivalent (±5pp),,
pooled-nr,edn-table,json-compact,extra,shape:uniform-tables,104,0.4888,0.4744,0.0144,-0.0128,0.0433,-0.0261,0.0648,5,1,0.21875,equivalent (±5pp),no detectable difference,
pooled-nr,edn-table,json-compact,extra,type:filtering,48,0.2049,0.1875,0.0174,-0.0208,0.059,,,0,0,1.0,no detectable difference,,
pooled-nr,edn-table,json-compact,extra,overall-excl-structural,239,0.6367,0.6276,0.0091,-0.0063,0.0251,-0.012,0.0327,6,2,0.28906,equivalent (±5pp),equivalent (±5pp),
pooled-nr,edn-table,json-compact,extra,type:field-retrieval,92,0.9909,0.9964,-0.0054,-0.0145,0.0,,,0,0,1.0,equivalent (±5pp),,
pooled-nr,edn-table,json-compact,extra,track:mixed,135,0.7506,0.7457,0.0049,-0.0123,0.0222,-0.0179,0.0244,1,1,1.0,equivalent (±5pp),equivalent (±5pp),
pooled-nr,edn-table,json-compact,extra,shape:mixed,106,0.6918,0.6918,0.0,-0.0204,0.0189,-0.0243,0.0205,1,1,1.0,equivalent (±5pp),equivalent (±5pp),
pooled-nr,edn-table,json-compact,extra,type:structure-awareness,36,0.8426,0.8102,0.0324,-0.0324,0.1019,,,5,1,0.21875,no detectable difference,,
pooled-nr,edn-table,json-compact,extra,type:aggregation,63,0.3307,0.3201,0.0106,-0.0212,0.0397,,,1,1,1.0,equivalent (±5pp),,
pooled-nr,edn-table,json-compact,extra,shape:nested-config,29,0.9655,0.9425,0.023,-0.0057,0.0575,,,0,0,1.0,no detectable difference,,
pooled-nr,edn-table,json-compact,extra,informative,92,0.3605,0.337,0.0236,-0.0181,0.0635,-0.0326,0.0921,6,2,0.28906,no detectable difference,no detectable difference,
pooled-nr,edn-table,edn-maps,extra,overall,244,0.6359,0.6284,0.0075,-0.0096,0.026,-0.0138,0.0329,5,1,0.21875,equivalent (±5pp),equivalent (±5pp),
pooled-nr,edn-table,edn-maps,extra,track:flat,109,0.4939,0.4832,0.0107,-0.0183,0.0459,-0.0278,0.1081,4,0,0.125,equivalent (±5pp),no detectable difference,
pooled-nr,edn-table,edn-maps,extra,shape:structural-validation,5,0.6,0.4,0.2,0.0,0.6,,,1,0,1.0,no detectable difference,,
pooled-nr,edn-table,edn-maps,extra,type:structural-validation,5,0.6,0.4,0.2,0.0,0.6,,,1,0,1.0,no detectable difference,,
pooled-nr,edn-table,edn-maps,extra,shape:uniform-tables,104,0.4888,0.4872,0.0016,-0.024,0.0321,-0.0337,0.0466,3,0,0.25,equivalent (±5pp),equivalent (±5pp),
pooled-nr,edn-table,edn-maps,extra,type:filtering,48,0.2049,0.2188,-0.0139,-0.0521,0.0243,,,0,0,1.0,no detectable difference,,
pooled-nr,edn-table,edn-maps,extra,overall-excl-structural,239,0.6367,0.6332,0.0035,-0.0119,0.0195,-0.0173,0.0243,4,1,0.375,equivalent (±5pp),equivalent (±5pp),
pooled-nr,edn-table,edn-maps,extra,type:field-retrieval,92,0.9909,0.9982,-0.0072,-0.0199,0.0018,,,0,0,1.0,equivalent (±5pp),,
pooled-nr,edn-table,edn-maps,extra,track:mixed,135,0.7506,0.7457,0.0049,-0.0123,0.0222,-0.0167,0.0231,1,1,1.0,equivalent (±5pp),equivalent (±5pp),
pooled-nr,edn-table,edn-maps,extra,shape:mixed,106,0.6918,0.6855,0.0063,-0.0142,0.0267,-0.0217,0.028,1,1,1.0,equivalent (±5pp),equivalent (±5pp),
pooled-nr,edn-table,edn-maps,extra,type:structure-awareness,36,0.8426,0.8056,0.037,-0.0324,0.1065,,,4,1,0.375,no detectable difference,,
pooled-nr,edn-table,edn-maps,extra,type:aggregation,63,0.3307,0.3175,0.0132,-0.0106,0.0397,,,0,0,1.0,equivalent (±5pp),,
pooled-nr,edn-table,edn-maps,extra,shape:nested-config,29,0.9655,0.9655,0.0,-0.023,0.0287,,,0,0,1.0,equivalent (±5pp),,
pooled-nr,edn-table,edn-maps,extra,informative,92,0.3605,0.3406,0.0199,-0.0236,0.067,-0.037,0.0882,5,1,0.21875,no detectable difference,no detectable difference,
pooled-nr,csv,toon,extra,overall,109,0.5092,0.5229,-0.0138,-0.0474,0.0168,-0.1,0.0201,1,2,1.0,equivalent (±5pp),no detectable difference,
pooled-nr,csv,toon,extra,track:flat,109,0.5092,0.5229,-0.0138,-0.0459,0.0168,-0.0949,0.0189,1,2,1.0,equivalent (±5pp),no detectable difference,
pooled-nr,csv,toon,extra,shape:structural-validation,5,0.8,1.0,-0.2,-0.6,0.0,,,0,1,1.0,no detectable difference,,
pooled-nr,csv,toon,extra,type:structural-validation,5,0.8,1.0,-0.2,-0.6,0.0,,,0,1,1.0,no detectable difference,,
pooled-nr,csv,toon,extra,shape:uniform-tables,104,0.4952,0.5,-0.0048,-0.0321,0.0224,-0.0405,0.0256,1,1,1.0,equivalent (±5pp),equivalent (±5pp),
pooled-nr,csv,toon,extra,type:filtering,27,0.0926,0.0802,0.0123,-0.0556,0.0864,,,1,0,1.0,no detectable difference,,
pooled-nr,csv,toon,extra,overall-excl-structural,104,0.4952,0.5,-0.0048,-0.0321,0.0224,-0.0421,0.0259,1,1,1.0,equivalent (±5pp),equivalent (±5pp),
pooled-nr,csv,toon,extra,type:field-retrieval,32,0.9948,0.974,0.0208,-0.0052,0.0573,,,0,0,1.0,no detectable difference,,
pooled-nr,csv,toon,extra,type:structure-awareness,16,0.8438,0.8438,0.0,-0.0312,0.0312,,,0,0,1.0,equivalent (±5pp),,
pooled-nr,csv,toon,extra,type:aggregation,29,0.1264,0.1782,-0.0517,-0.1149,0.0,,,0,1,1.0,no detectable difference,,
pooled-nr,csv,toon,extra,informative,46,0.3768,0.3913,-0.0145,-0.0725,0.0471,-0.1026,0.0503,1,1,1.0,no detectable difference,no detectable difference,
pooled-nr,csv,edn-table,extra,overall,109,0.5092,0.4939,0.0153,-0.0214,0.0535,-0.0328,0.1111,3,1,0.625,no detectable difference,no detectable difference,
pooled-nr,csv,edn-table,extra,track:flat,109,0.5092,0.4939,0.0153,-0.0199,0.0535,-0.0336,0.1111,3,1,0.625,no detectable difference,no detectable difference,
pooled-nr,csv,edn-table,extra,shape:structural-validation,5,0.8,0.6,0.2,-0.4,0.8,,,2,1,1.0,no detectable difference,,
pooled-nr,csv,edn-table,extra,type:structural-validation,5,0.8,0.6,0.2,-0.4,0.8,,,2,1,1.0,no detectable difference,,
pooled-nr,csv,edn-table,extra,shape:uniform-tables,104,0.4952,0.4888,0.0064,-0.0144,0.0273,-0.0185,0.0319,1,0,1.0,equivalent (±5pp),equivalent (±5pp),
pooled-nr,csv,edn-table,extra,type:filtering,27,0.0926,0.0679,0.0247,-0.037,0.0926,,,1,0,1.0,no detectable difference,,
pooled-nr,csv,edn-table,extra,overall-excl-structural,104,0.4952,0.4888,0.0064,-0.0144,0.0288,-0.0197,0.0327,1,0,1.0,equivalent (±5pp),equivalent (±5pp),
pooled-nr,csv,edn-table,extra,type:field-retrieval,32,0.9948,0.9844,0.0104,-0.0104,0.0365,,,0,0,1.0,equivalent (±5pp),,
pooled-nr,csv,edn-table,extra,type:structure-awareness,16,0.8438,0.8333,0.0104,-0.0208,0.0417,,,0,0,1.0,equivalent (±5pp),,
pooled-nr,csv,edn-table,extra,type:aggregation,29,0.1264,0.1437,-0.0172,-0.0517,0.0057,,,0,0,1.0,no detectable difference,,
pooled-nr,csv,edn-table,extra,informative,46,0.3768,0.3225,0.0543,-0.0145,0.1341,-0.0181,0.2647,3,0,0.25,no detectable difference,no detectable difference,
pooled-nr,csv,json-compact,extra,overall,109,0.5092,0.4801,0.0291,-0.0107,0.0703,-0.026,0.1306,8,2,0.10938,no detectable difference,no detectable difference,
pooled-nr,csv,json-compact,extra,track:flat,109,0.5092,0.4801,0.0291,-0.0107,0.0703,-0.025,0.1261,8,2,0.10938,no detectable difference,no detectable difference,
pooled-nr,csv,json-compact,extra,shape:structural-validation,5,0.8,0.6,0.2,-0.4,0.8,,,2,1,1.0,no detectable difference,,
pooled-nr,csv,json-compact,extra,type:structural-validation,5,0.8,0.6,0.2,-0.4,0.8,,,2,1,1.0,no detectable difference,,
pooled-nr,csv,json-compact,extra,shape:uniform-tables,104,0.4952,0.4744,0.0208,-0.0064,0.0481,-0.0171,0.0578,6,1,0.125,equivalent (±5pp),no detectable difference,
pooled-nr,csv,json-compact,extra,type:filtering,27,0.0926,0.0617,0.0309,-0.0185,0.0864,,,1,0,1.0,no detectable difference,,
pooled-nr,csv,json-compact,extra,overall-excl-structural,104,0.4952,0.4744,0.0208,-0.0064,0.0481,-0.0168,0.0578,6,1,0.125,equivalent (±5pp),no detectable difference,
pooled-nr,csv,json-compact,extra,type:field-retrieval,32,0.9948,1.0,-0.0052,-0.0156,0.0,,,0,0,1.0,equivalent (±5pp),,
pooled-nr,csv,json-compact,extra,type:structure-awareness,16,0.8438,0.7396,0.1042,0.0104,0.2188,,,4,0,0.125,A better,,
pooled-nr,csv,json-compact,extra,type:aggregation,29,0.1264,0.1322,-0.0057,-0.0634,0.0402,,,1,1,1.0,no detectable difference,,
pooled-nr,csv,json-compact,extra,informative,46,0.3768,0.2899,0.087,0.0072,0.1703,-0.0033,0.3137,8,1,0.03906,A better,no detectable difference,
pooled-nr,edn-table-lines,edn-table,layout,overall,135,0.7494,0.7506,-0.0012,-0.0173,0.0148,-0.0199,0.0179,2,1,1.0,equivalent (±5pp),equivalent (±5pp),
pooled-nr,edn-table-lines,edn-table,layout,type:filtering,21,0.3571,0.381,-0.0238,-0.1032,0.0476,,,1,0,1.0,no detectable difference,,
pooled-nr,edn-table-lines,edn-table,layout,overall-excl-structural,135,0.7494,0.7506,-0.0012,-0.0173,0.0148,-0.0198,0.0176,2,1,1.0,equivalent (±5pp),equivalent (±5pp),
pooled-nr,edn-table-lines,edn-table,layout,type:field-retrieval,60,0.9944,0.9944,0.0,0.0,0.0,,,0,0,1.0,equivalent (±5pp),,
pooled-nr,edn-table-lines,edn-table,layout,track:mixed,135,0.7494,0.7506,-0.0012,-0.0173,0.0148,-0.0204,0.0178,2,1,1.0,equivalent (±5pp),equivalent (±5pp),
pooled-nr,edn-table-lines,edn-table,layout,shape:mixed,106,0.695,0.6918,0.0031,-0.0173,0.022,-0.0179,0.0238,2,1,1.0,equivalent (±5pp),equivalent (±5pp),
pooled-nr,edn-table-lines,edn-table,layout,type:structure-awareness,20,0.8583,0.85,0.0083,-0.0417,0.0583,,,1,1,1.0,no detectable difference,,
pooled-nr,edn-table-lines,edn-table,layout,type:aggregation,34,0.4951,0.4902,0.0049,-0.0294,0.0392,,,0,0,1.0,equivalent (±5pp),,
pooled-nr,edn-table-lines,edn-table,layout,shape:nested-config,29,0.9483,0.9655,-0.0172,-0.0517,0.0115,,,0,0,1.0,no detectable difference,,
pooled-nr,edn-table-lines,edn-table,layout,informative,46,0.3949,0.3986,-0.0036,-0.0543,0.0435,-0.0833,0.0455,2,1,1.0,no detectable difference,no detectable difference,
pooled-nr,edn-table-lines,toon,layout,overall,135,0.7494,0.7704,-0.021,-0.0494,0.0037,-0.0661,0.0085,1,4,0.375,equivalent (±5pp),no detectable difference,
pooled-nr,edn-table-lines,toon,layout,type:filtering,21,0.3571,0.3413,0.0159,-0.0238,0.0635,,,1,0,1.0,no detectable difference,,
pooled-nr,edn-table-lines,toon,layout,overall-excl-structural,135,0.7494,0.7704,-0.021,-0.0494,0.0025,-0.0674,0.008,1,4,0.375,equivalent (±5pp),no detectable difference,
pooled-nr,edn-table-lines,toon,layout,type:field-retrieval,60,0.9944,0.9944,-0.0,-0.0083,0.0083,,,0,0,1.0,equivalent (±5pp),,
pooled-nr,edn-table-lines,toon,layout,track:mixed,135,0.7494,0.7704,-0.021,-0.0494,0.0025,-0.0671,0.008,1,4,0.375,equivalent (±5pp),no detectable difference,
pooled-nr,edn-table-lines,toon,layout,shape:mixed,106,0.695,0.7201,-0.0252,-0.0597,0.0031,-0.0813,0.0094,1,4,0.375,no detectable difference,no detectable difference,
pooled-nr,edn-table-lines,toon,layout,type:structure-awareness,20,0.8583,0.975,-0.1167,-0.2417,-0.025,,,0,3,0.25,B better,,
pooled-nr,edn-table-lines,toon,layout,type:aggregation,34,0.4951,0.5196,-0.0245,-0.1029,0.0392,,,0,1,1.0,no detectable difference,,
pooled-nr,edn-table-lines,toon,layout,shape:nested-config,29,0.9483,0.954,-0.0057,-0.0402,0.0287,,,0,0,1.0,equivalent (±5pp),,
pooled-nr,edn-table-lines,toon,layout,informative,46,0.3949,0.4565,-0.0616,-0.1413,0.0072,-0.1863,0.025,1,4,0.375,no detectable difference,no detectable difference,
pooled-nr,edn-table-lines,json-compact,layout,overall,135,0.7494,0.7457,0.0037,-0.0123,0.021,-0.0148,0.0217,1,0,1.0,equivalent (±5pp),equivalent (±5pp),
pooled-nr,edn-table-lines,json-compact,layout,type:filtering,21,0.3571,0.3492,0.0079,-0.0794,0.0952,,,1,0,1.0,no detectable difference,,
pooled-nr,edn-table-lines,json-compact,layout,overall-excl-structural,135,0.7494,0.7457,0.0037,-0.0123,0.021,-0.0149,0.0215,1,0,1.0,equivalent (±5pp),equivalent (±5pp),
pooled-nr,edn-table-lines,json-compact,layout,type:field-retrieval,60,0.9944,0.9944,0.0,0.0,0.0,,,0,0,1.0,equivalent (±5pp),,
pooled-nr,edn-table-lines,json-compact,layout,track:mixed,135,0.7494,0.7457,0.0037,-0.0123,0.021,-0.0148,0.0219,1,0,1.0,equivalent (±5pp),equivalent (±5pp),
pooled-nr,edn-table-lines,json-compact,layout,shape:mixed,106,0.695,0.6918,0.0031,-0.0173,0.0252,-0.0201,0.0254,1,0,1.0,equivalent (±5pp),equivalent (±5pp),
pooled-nr,edn-table-lines,json-compact,layout,type:structure-awareness,20,0.8583,0.8667,-0.0083,-0.0583,0.0333,,,0,0,1.0,no detectable difference,,
pooled-nr,edn-table-lines,json-compact,layout,type:aggregation,34,0.4951,0.4804,0.0147,-0.0147,0.0441,,,0,0,1.0,equivalent (±5pp),,
pooled-nr,edn-table-lines,json-compact,layout,shape:nested-config,29,0.9483,0.9425,0.0057,0.0,0.0172,,,0,0,1.0,equivalent (±5pp),,
pooled-nr,edn-table-lines,json-compact,layout,informative,46,0.3949,0.3841,0.0109,-0.0362,0.0616,-0.0521,0.0655,1,0,1.0,no detectable difference,no detectable difference,
