model,A,B,family,subset,n_questions,acc_A,acc_B,diff,ci_lo,ci_hi,ds_ci_lo,ds_ci_hi,mcnemar_A_only,mcnemar_B_only,mcnemar_p,verdict,verdict_ds,holm_p_primary_overall
haiku,edn-maps,json-compact,primary,overall,241,0.6155,0.6183,-0.0028,-0.0263,0.0194,-0.0342,0.0241,2,3,1.0,equivalent (±5pp),equivalent (±5pp),1.0
haiku,edn-maps,json-compact,primary,track:flat,106,0.4811,0.4874,-0.0063,-0.0503,0.0346,-0.1081,0.0455,2,2,1.0,no detectable difference,no detectable difference,
haiku,edn-maps,json-compact,primary,shape:structural-validation,5,0.4,0.6,-0.2,-0.6,0.0,,,0,1,1.0,no detectable difference,,
haiku,edn-maps,json-compact,primary,type:structural-validation,5,0.4,0.6,-0.2,-0.6,0.0,,,0,1,1.0,no detectable difference,,
haiku,edn-maps,json-compact,primary,shape:uniform-tables,101,0.4851,0.4818,0.0033,-0.0363,0.0462,-0.0481,0.0542,2,1,1.0,equivalent (±5pp),no detectable difference,
haiku,edn-maps,json-compact,primary,type:filtering,48,0.1667,0.1528,0.0139,-0.0347,0.0625,,,0,0,1.0,no detectable difference,,
haiku,edn-maps,json-compact,primary,overall-excl-structural,236,0.6201,0.6186,0.0014,-0.0198,0.0226,-0.0281,0.0283,2,2,1.0,equivalent (±5pp),equivalent (±5pp),
haiku,edn-maps,json-compact,primary,type:field-retrieval,92,1.0,0.9964,0.0036,0.0,0.0109,,,0,0,1.0,equivalent (±5pp),,
haiku,edn-maps,json-compact,primary,track:mixed,135,0.721,0.721,0.0,-0.0247,0.0222,-0.0333,0.0274,0,1,1.0,equivalent (±5pp),equivalent (±5pp),
haiku,edn-maps,json-compact,primary,shape:mixed,106,0.6635,0.673,-0.0094,-0.0377,0.0157,-0.048,0.0143,0,1,1.0,equivalent (±5pp),equivalent (±5pp),
haiku,edn-maps,json-compact,primary,type:structure-awareness,34,0.8333,0.8529,-0.0196,-0.1373,0.098,,,2,2,1.0,no detectable difference,,
haiku,edn-maps,json-compact,primary,type:aggregation,62,0.2903,0.2903,0.0,-0.0323,0.0323,,,0,0,1.0,equivalent (±5pp),,
haiku,edn-maps,json-compact,primary,shape:nested-config,29,0.931,0.8966,0.0345,0.0,0.069,,,0,0,1.0,no detectable difference,,
haiku,edn-maps,json-compact,primary,informative,64,0.3021,0.3125,-0.0104,-0.0938,0.0729,-0.1272,0.0897,2,3,1.0,no detectable difference,no detectable difference,
haiku,edn-table,toon,primary,overall,241,0.6293,0.6542,-0.0249,-0.0512,-0.0014,-0.0767,0.0097,3,10,0.09229,B better,no detectable difference,1.0
haiku,edn-table,toon,primary,track:flat,106,0.5031,0.5252,-0.022,-0.0597,0.0126,-0.1622,0.0222,2,3,1.0,no detectable difference,no detectable difference,
haiku,edn-table,toon,primary,shape:structural-validation,5,0.6,1.0,-0.4,-0.8,0.0,,,0,2,0.5,no detectable difference,,
haiku,edn-table,toon,primary,type:structural-validation,5,0.6,1.0,-0.4,-0.8,0.0,,,0,2,0.5,no detectable difference,,
haiku,edn-table,toon,primary,shape:uniform-tables,101,0.4983,0.5017,-0.0033,-0.033,0.0264,-0.0407,0.0407,2,1,1.0,equivalent (±5pp),equivalent (±5pp),
haiku,edn-table,toon,primary,type:filtering,48,0.1806,0.1806,-0.0,-0.0625,0.0625,,,0,3,0.25,no detectable difference,,
haiku,edn-table,toon,primary,overall-excl-structural,236,0.6299,0.6469,-0.0169,-0.0395,0.0042,-0.0646,0.0167,3,8,0.22656,equivalent (±5pp),no detectable difference,
haiku,edn-table,toon,primary,type:field-retrieval,92,0.9891,0.9964,-0.0072,-0.0181,0.0,,,0,1,1.0,equivalent (±5pp),,
haiku,edn-table,toon,primary,track:mixed,135,0.7284,0.7556,-0.0272,-0.0617,0.0049,-0.1032,0.0197,1,7,0.07031,no detectable difference,no detectable difference,
haiku,edn-table,toon,primary,shape:mixed,106,0.673,0.7107,-0.0377,-0.0786,-0.0,-0.1263,0.0167,0,7,0.01562,B better,no detectable difference,
haiku,edn-table,toon,primary,type:structure-awareness,34,0.8824,0.9608,-0.0784,-0.1569,-0.0098,,,1,2,1.0,B better,,
haiku,edn-table,toon,primary,type:aggregation,62,0.3065,0.3172,-0.0108,-0.0699,0.043,,,2,2,1.0,no detectable difference,,
haiku,edn-table,toon,primary,shape:nested-config,29,0.931,0.9195,0.0115,-0.046,0.0805,,,1,0,1.0,no detectable difference,,
haiku,edn-table,toon,primary,informative,64,0.3542,0.4479,-0.0938,-0.1823,-0.0052,-0.2449,0.0388,3,10,0.09229,B better,no detectable difference,
haiku,edn-table-primer,edn-table,primary,overall,241,0.6266,0.6293,-0.0028,-0.018,0.0124,-0.0192,0.0145,1,4,0.375,equivalent (±5pp),equivalent (±5pp),1.0
haiku,edn-table-primer,edn-table,primary,track:flat,106,0.5063,0.5031,0.0031,-0.0189,0.0252,-0.0208,0.0349,1,2,1.0,equivalent (±5pp),equivalent (±5pp),
haiku,edn-table-primer,edn-table,primary,shape:structural-validation,5,0.6,0.6,0.0,0.0,0.0,,,0,0,1.0,equivalent (±5pp),,
haiku,edn-table-primer,edn-table,primary,type:structural-validation,5,0.6,0.6,0.0,0.0,0.0,,,0,0,1.0,equivalent (±5pp),,
haiku,edn-table-primer,edn-table,primary,shape:uniform-tables,101,0.5017,0.4983,0.0033,-0.0198,0.0264,-0.0198,0.0333,1,2,1.0,equivalent (±5pp),equivalent (±5pp),
haiku,edn-table-primer,edn-table,primary,type:filtering,48,0.1736,0.1806,-0.0069,-0.0556,0.0486,,,1,0,1.0,no detectable difference,,
haiku,edn-table-primer,edn-table,primary,overall-excl-structural,236,0.6271,0.6299,-0.0028,-0.0184,0.0127,-0.0189,0.014,1,4,0.375,equivalent (±5pp),equivalent (±5pp),
haiku,edn-table-primer,edn-table,primary,type:field-retrieval,92,0.9891,0.9891,0.0,0.0,0.0,,,0,0,1.0,equivalent (±5pp),,
haiku,edn-table-primer,edn-table,primary,track:mixed,135,0.721,0.7284,-0.0074,-0.0272,0.0123,-0.0295,0.0124,0,2,0.5,equivalent (±5pp),equivalent (±5pp),
haiku,edn-table-primer,edn-table,primary,shape:mixed,106,0.6667,0.673,-0.0063,-0.0283,0.0157,-0.0282,0.0161,0,1,1.0,equivalent (±5pp),equivalent (±5pp),
haiku,edn-table-primer,edn-table,primary,type:structure-awareness,34,0.8922,0.8824,0.0098,-0.0294,0.049,,,0,1,1.0,equivalent (±5pp),,
haiku,edn-table-primer,edn-table,primary,type:aggregation,62,0.2957,0.3065,-0.0108,-0.043,0.0215,,,0,3,0.25,equivalent (±5pp),,
haiku,edn-table-primer,edn-table,primary,shape:nested-config,29,0.9195,0.931,-0.0115,-0.069,0.0345,,,0,1,1.0,no detectable difference,,
haiku,edn-table-primer,edn-table,primary,informative,64,0.3438,0.3542,-0.0104,-0.0677,0.0469,-0.0746,0.0505,1,4,0.375,no detectable difference,no detectable difference,
haiku,edn-table-primer,toon,primary,overall,241,0.6266,0.6542,-0.0277,-0.0539,-0.0028,-0.08,0.0085,3,13,0.02127,B better,no detectable difference,0.48921
haiku,edn-table-primer,toon,primary,track:flat,106,0.5063,0.5252,-0.0189,-0.0566,0.0157,-0.1442,0.0296,2,4,0.6875,no detectable difference,no detectable difference,
haiku,edn-table-primer,toon,primary,shape:structural-validation,5,0.6,1.0,-0.4,-0.8,0.0,,,0,2,0.5,no detectable difference,,
haiku,edn-table-primer,toon,primary,type:structural-validation,5,0.6,1.0,-0.4,-0.8,0.0,,,0,2,0.5,no detectable difference,,
haiku,edn-table-primer,toon,primary,shape:uniform-tables,101,0.5017,0.5017,-0.0,-0.0297,0.0297,-0.0387,0.0481,2,2,1.0,equivalent (±5pp),equivalent (±5pp),
haiku,edn-table-primer,toon,primary,type:filtering,48,0.1736,0.1806,-0.0069,-0.0694,0.0556,,,1,3,0.625,no detectable difference,,
haiku,edn-table-primer,toon,primary,overall-excl-structural,236,0.6271,0.6469,-0.0198,-0.0424,0.0028,-0.0657,0.0155,3,11,0.05737,equivalent (±5pp),no detectable difference,
haiku,edn-table-primer,toon,primary,type:field-retrieval,92,0.9891,0.9964,-0.0072,-0.0181,0.0,,,0,1,1.0,equivalent (±5pp),,
haiku,edn-table-primer,toon,primary,track:mixed,135,0.721,0.7556,-0.0346,-0.0691,-0.0025,-0.1054,0.0106,1,9,0.02148,B better,no detectable difference,
haiku,edn-table-primer,toon,primary,shape:mixed,106,0.6667,0.7107,-0.044,-0.0849,-0.0063,-0.1285,0.0085,0,8,0.00781,B better,no detectable difference,
haiku,edn-table-primer,toon,primary,type:structure-awareness,34,0.8922,0.9608,-0.0686,-0.1569,0.0098,,,1,3,0.625,no detectable difference,,
haiku,edn-table-primer,toon,primary,type:aggregation,62,0.2957,0.3172,-0.0215,-0.0754,0.0323,,,1,4,0.375,no detectable difference,,
haiku,edn-table-primer,toon,primary,shape:nested-config,29,0.9195,0.9195,0.0,-0.0575,0.069,,,1,1,1.0,no detectable difference,,
haiku,edn-table-primer,toon,primary,informative,64,0.3438,0.4479,-0.1042,-0.1979,-0.0104,-0.26,0.0262,3,13,0.02127,B better,no detectable difference,
haiku,edn-table-primer,json-compact,primary,overall,241,0.6266,0.6183,0.0083,-0.0111,0.0304,-0.02,0.0425,4,3,1.0,equivalent (±5pp),equivalent (±5pp),1.0
haiku,edn-table-primer,json-compact,primary,track:flat,106,0.5063,0.4874,0.0189,-0.0189,0.0597,-0.0347,0.096,4,1,0.375,no detectable difference,no detectable difference,
haiku,edn-table-primer,json-compact,primary,shape:structural-validation,5,0.6,0.6,0.0,0.0,0.0,,,0,0,1.0,equivalent (±5pp),,
haiku,edn-table-primer,json-compact,primary,type:structural-validation,5,0.6,0.6,0.0,0.0,0.0,,,0,0,1.0,equivalent (±5pp),,
haiku,edn-table-primer,json-compact,primary,shape:uniform-tables,101,0.5017,0.4818,0.0198,-0.0165,0.0594,-0.033,0.0926,4,1,0.375,no detectable difference,no detectable difference,
haiku,edn-table-primer,json-compact,primary,type:filtering,48,0.1736,0.1528,0.0208,-0.0347,0.0764,,,1,0,1.0,no detectable difference,,
haiku,edn-table-primer,json-compact,primary,overall-excl-structural,236,0.6271,0.6186,0.0085,-0.0113,0.0297,-0.0204,0.0428,4,3,1.0,equivalent (±5pp),equivalent (±5pp),
haiku,edn-table-primer,json-compact,primary,type:field-retrieval,92,0.9891,0.9964,-0.0072,-0.0181,0.0,,,0,1,1.0,equivalent (±5pp),,
haiku,edn-table-primer,json-compact,primary,track:mixed,135,0.721,0.721,0.0,-0.0198,0.0198,-0.0271,0.0219,0,2,0.5,equivalent (±5pp),equivalent (±5pp),
haiku,edn-table-primer,json-compact,primary,shape:mixed,106,0.6667,0.673,-0.0063,-0.0314,0.0189,-0.037,0.0164,0,2,0.5,equivalent (±5pp),equivalent (±5pp),
haiku,edn-table-primer,json-compact,primary,type:structure-awareness,34,0.8922,0.8529,0.0392,-0.049,0.1373,,,3,1,0.625,no detectable difference,,
haiku,edn-table-primer,json-compact,primary,type:aggregation,62,0.2957,0.2903,0.0054,-0.0323,0.043,,,0,1,1.0,equivalent (±5pp),,
haiku,edn-table-primer,json-compact,primary,shape:nested-config,29,0.9195,0.8966,0.023,0.0,0.0575,,,0,0,1.0,no detectable difference,,
haiku,edn-table-primer,json-compact,primary,informative,64,0.3438,0.3125,0.0312,-0.0417,0.1094,-0.0725,0.1579,4,3,1.0,no detectable difference,no detectable difference,
haiku,edn-maps,toon,primary,overall,241,0.6155,0.6542,-0.0387,-0.0664,-0.0124,-0.0992,-0.0034,1,13,0.00183,B better,B better,0.04392
haiku,edn-maps,toon,primary,track:flat,106,0.4811,0.5252,-0.044,-0.0912,-0.0031,-0.2523,-0.0,0,5,0.0625,B better,no detectable difference,
haiku,edn-maps,toon,primary,shape:structural-validation,5,0.4,1.0,-0.6,-1.0,-0.2,,,0,3,0.25,B better,,
haiku,edn-maps,toon,primary,type:structural-validation,5,0.4,1.0,-0.6,-1.0,-0.2,,,0,3,0.25,B better,,
haiku,edn-maps,toon,primary,shape:uniform-tables,101,0.4851,0.5017,-0.0165,-0.0495,0.0132,-0.0693,0.0179,0,2,0.5,equivalent (±5pp),no detectable difference,
haiku,edn-maps,toon,primary,type:filtering,48,0.1667,0.1806,-0.0139,-0.0764,0.0417,,,0,3,0.25,no detectable difference,,
haiku,edn-maps,toon,primary,overall-excl-structural,236,0.6201,0.6469,-0.0268,-0.0508,-0.0042,-0.0782,0.0071,1,10,0.01172,B better,no detectable difference,
haiku,edn-maps,toon,primary,type:field-retrieval,92,1.0,0.9964,0.0036,0.0,0.0109,,,0,0,1.0,equivalent (±5pp),,
haiku,edn-maps,toon,primary,track:mixed,135,0.721,0.7556,-0.0346,-0.0716,-0.0025,-0.1147,0.0138,1,8,0.03906,B better,no detectable difference,
haiku,edn-maps,toon,primary,shape:mixed,106,0.6635,0.7107,-0.0472,-0.0912,-0.0094,-0.1404,0.0085,0,7,0.01562,B better,no detectable difference,
haiku,edn-maps,toon,primary,type:structure-awareness,34,0.8333,0.9608,-0.1275,-0.2451,-0.0294,,,0,4,0.125,B better,,
haiku,edn-maps,toon,primary,type:aggregation,62,0.2903,0.3172,-0.0269,-0.0806,0.0215,,,1,3,0.625,no detectable difference,,
haiku,edn-maps,toon,primary,shape:nested-config,29,0.931,0.9195,0.0115,-0.046,0.0805,,,1,1,1.0,no detectable difference,,
haiku,edn-maps,toon,primary,informative,64,0.3021,0.4479,-0.1458,-0.2448,-0.052,-0.3188,-0.0149,1,13,0.00183,B better,B better,
haiku,toon,json-compact,extra,overall,241,0.6542,0.6183,0.036,0.0111,0.0636,0.0051,0.0833,12,1,0.00342,A better,A better,
haiku,toon,json-compact,extra,track:flat,106,0.5252,0.4874,0.0377,0.0,0.0818,-0.0026,0.1982,5,0,0.0625,no detectable difference,no detectable difference,
haiku,toon,json-compact,extra,shape:structural-validation,5,1.0,0.6,0.4,0.0,0.8,,,2,0,0.5,no detectable difference,,
haiku,toon,json-compact,extra,type:structural-validation,5,1.0,0.6,0.4,0.0,0.8,,,2,0,0.5,no detectable difference,,
haiku,toon,json-compact,extra,shape:uniform-tables,101,0.5017,0.4818,0.0198,-0.0099,0.0561,-0.0165,0.063,3,0,0.25,no detectable difference,no detectable difference,
haiku,toon,json-compact,extra,type:filtering,48,0.1806,0.1528,0.0278,-0.0347,0.0972,,,3,0,0.25,no detectable difference,,
haiku,toon,json-compact,extra,overall-excl-structural,236,0.6469,0.6186,0.0282,0.0056,0.0537,-0.0015,0.0688,10,1,0.01172,A better,no detectable difference,
haiku,toon,json-compact,extra,type:field-retrieval,92,0.9964,0.9964,0.0,0.0,0.0,,,0,0,1.0,equivalent (±5pp),,
haiku,toon,json-compact,extra,track:mixed,135,0.7556,0.721,0.0346,0.0025,0.0691,-0.0064,0.0979,7,1,0.07031,A better,no detectable difference,
haiku,toon,json-compact,extra,shape:mixed,106,0.7107,0.673,0.0377,0.0031,0.0786,-0.0086,0.1158,6,0,0.03125,A better,no detectable difference,
haiku,toon,json-compact,extra,type:structure-awareness,34,0.9608,0.8529,0.1078,0.0098,0.2255,,,4,0,0.125,A better,,
haiku,toon,json-compact,extra,type:aggregation,62,0.3172,0.2903,0.0269,-0.0215,0.0806,,,3,1,0.625,no detectable difference,,
haiku,toon,json-compact,extra,shape:nested-config,29,0.9195,0.8966,0.023,-0.046,0.092,,,1,1,1.0,no detectable difference,,
haiku,toon,json-compact,extra,informative,64,0.4479,0.3125,0.1354,0.0469,0.2292,0.0253,0.2692,12,1,0.00342,A better,A better,
haiku,edn-table,json-compact,extra,overall,241,0.6293,0.6183,0.0111,-0.0097,0.0332,-0.0166,0.0435,6,2,0.28906,equivalent (±5pp),equivalent (±5pp),
haiku,edn-table,json-compact,extra,track:flat,106,0.5031,0.4874,0.0157,-0.0189,0.0566,-0.0346,0.0877,4,0,0.125,no detectable difference,no detectable difference,
haiku,edn-table,json-compact,extra,shape:structural-validation,5,0.6,0.6,0.0,0.0,0.0,,,0,0,1.0,equivalent (±5pp),,
haiku,edn-table,json-compact,extra,type:structural-validation,5,0.6,0.6,0.0,0.0,0.0,,,0,0,1.0,equivalent (±5pp),,
haiku,edn-table,json-compact,extra,shape:uniform-tables,101,0.4983,0.4818,0.0165,-0.0198,0.0594,-0.0327,0.0825,4,0,0.125,no detectable difference,no detectable difference,
haiku,edn-table,json-compact,extra,type:filtering,48,0.1806,0.1528,0.0278,-0.0278,0.0833,,,0,0,1.0,no detectable difference,,
haiku,edn-table,json-compact,extra,overall-excl-structural,236,0.6299,0.6186,0.0113,-0.0099,0.0325,-0.0167,0.0448,6,2,0.28906,equivalent (±5pp),equivalent (±5pp),
haiku,edn-table,json-compact,extra,type:field-retrieval,92,0.9891,0.9964,-0.0072,-0.0181,0.0,,,0,1,1.0,equivalent (±5pp),,
haiku,edn-table,json-compact,extra,track:mixed,135,0.7284,0.721,0.0074,-0.0148,0.0296,-0.0225,0.0364,2,2,1.0,equivalent (±5pp),equivalent (±5pp),
haiku,edn-table,json-compact,extra,shape:mixed,106,0.673,0.673,-0.0,-0.0252,0.0252,-0.0316,0.0252,1,2,1.0,equivalent (±5pp),equivalent (±5pp),
haiku,edn-table,json-compact,extra,type:structure-awareness,34,0.8824,0.8529,0.0294,-0.0588,0.1373,,,4,1,0.375,no detectable difference,,
haiku,edn-table,json-compact,extra,type:aggregation,62,0.3065,0.2903,0.0161,-0.0269,0.0591,,,2,0,0.5,no detectable difference,,
haiku,edn-table,json-compact,extra,shape:nested-config,29,0.931,0.8966,0.0345,-0.0115,0.1034,,,1,0,1.0,no detectable difference,,
haiku,edn-table,json-compact,extra,informative,64,0.3542,0.3125,0.0417,-0.0365,0.1198,-0.0569,0.1628,6,2,0.28906,no detectable difference,no detectable difference,
haiku,edn-table,edn-maps,extra,overall,241,0.6293,0.6155,0.0138,-0.0069,0.036,-0.0087,0.0428,7,2,0.17969,equivalent (±5pp),equivalent (±5pp),
haiku,edn-table,edn-maps,extra,track:flat,106,0.5031,0.4811,0.022,-0.0126,0.0629,-0.0198,0.125,4,0,0.125,no detectable difference,no detectable difference,
haiku,edn-table,edn-maps,extra,shape:structural-validation,5,0.6,0.4,0.2,0.0,0.6,,,1,0,1.0,no detectable difference,,
haiku,edn-table,edn-maps,extra,type:structural-validation,5,0.6,0.4,0.2,0.0,0.6,,,1,0,1.0,no detectable difference,,
haiku,edn-table,edn-maps,extra,shape:uniform-tables,101,0.4983,0.4851,0.0132,-0.0198,0.0495,-0.0264,0.066,3,0,0.25,equivalent (±5pp),no detectable difference,
haiku,edn-table,edn-maps,extra,type:filtering,48,0.1806,0.1667,0.0139,-0.0417,0.0694,,,0,0,1.0,no detectable difference,,
haiku,edn-table,edn-maps,extra,overall-excl-structural,236,0.6299,0.6201,0.0099,-0.0099,0.0311,-0.0123,0.0351,6,2,0.28906,equivalent (±5pp),equivalent (±5pp),
haiku,edn-table,edn-maps,extra,type:field-retrieval,92,0.9891,1.0,-0.0109,-0.029,0.0,,,0,1,1.0,equivalent (±5pp),,
haiku,edn-table,edn-maps,extra,track:mixed,135,0.7284,0.721,0.0074,-0.0173,0.0321,-0.0161,0.033,3,2,1.0,equivalent (±5pp),equivalent (±5pp),
haiku,edn-table,edn-maps,extra,shape:mixed,106,0.673,0.6635,0.0094,-0.0157,0.0377,-0.0169,0.0376,2,2,1.0,equivalent (±5pp),equivalent (±5pp),
haiku,edn-table,edn-maps,extra,type:structure-awareness,34,0.8824,0.8333,0.049,-0.0294,0.1373,,,4,1,0.375,no detectable difference,,
haiku,edn-table,edn-maps,extra,type:aggregation,62,0.3065,0.2903,0.0161,-0.0161,0.0538,,,2,0,0.5,no detectable difference,,
haiku,edn-table,edn-maps,extra,shape:nested-config,29,0.931,0.931,0.0,-0.046,0.0575,,,1,0,1.0,no detectable difference,,
haiku,edn-table,edn-maps,extra,informative,64,0.3542,0.3021,0.0521,-0.026,0.1354,-0.0339,0.1667,7,2,0.17969,no detectable difference,no detectable difference,
haiku,csv,toon,extra,overall,106,0.5283,0.5252,0.0031,-0.0283,0.0314,-0.0991,0.043,0,2,0.5,equivalent (±5pp),no detectable difference,
haiku,csv,toon,extra,track:flat,106,0.5283,0.5252,0.0031,-0.0283,0.0314,-0.0991,0.0427,0,2,0.5,equivalent (±5pp),no detectable difference,
haiku,csv,toon,extra,shape:structural-validation,5,0.8,1.0,-0.2,-0.6,0.0,,,0,1,1.0,no detectable difference,,
haiku,csv,toon,extra,type:structural-validation,5,0.8,1.0,-0.2,-0.6,0.0,,,0,1,1.0,no detectable difference,,
haiku,csv,toon,extra,shape:uniform-tables,101,0.5149,0.5017,0.0132,-0.0099,0.0363,-0.033,0.0528,0,1,1.0,equivalent (±5pp),no detectable difference,
haiku,csv,toon,extra,type:filtering,27,0.1111,0.0617,0.0494,-0.0123,0.1111,,,0,1,1.0,no detectable difference,,
haiku,csv,toon,extra,overall-excl-structural,101,0.5149,0.5017,0.0132,-0.0099,0.0363,-0.0333,0.0528,0,1,1.0,equivalent (±5pp),no detectable difference,
haiku,csv,toon,extra,type:field-retrieval,32,0.9896,1.0,-0.0104,-0.0312,0.0,,,0,0,1.0,equivalent (±5pp),,
haiku,csv,toon,extra,type:structure-awareness,14,0.9524,0.9286,0.0238,0.0,0.0714,,,0,0,1.0,no detectable difference,,
haiku,csv,toon,extra,type:aggregation,28,0.1429,0.1429,-0.0,-0.0476,0.0476,,,0,0,1.0,equivalent (±5pp),,
haiku,csv,toon,extra,informative,31,0.4194,0.4086,0.0108,-0.0538,0.0753,-0.1111,0.1111,0,1,1.0,no detectable difference,no detectable difference,
haiku,csv,edn-table,extra,overall,106,0.5283,0.5031,0.0252,-0.0157,0.0692,-0.0386,0.1181,2,3,1.0,no detectable difference,no detectable difference,
haiku,csv,edn-table,extra,track:flat,106,0.5283,0.5031,0.0252,-0.0157,0.0692,-0.0378,0.1181,2,3,1.0,no detectable difference,no detectable difference,
haiku,csv,edn-table,extra,shape:structural-validation,5,0.8,0.6,0.2,-0.4,0.8,,,2,1,1.0,no detectable difference,,
haiku,csv,edn-table,extra,type:structural-validation,5,0.8,0.6,0.2,-0.4,0.8,,,2,1,1.0,no detectable difference,,
haiku,csv,edn-table,extra,shape:uniform-tables,101,0.5149,0.4983,0.0165,-0.0132,0.0462,-0.0259,0.0565,0,2,0.5,equivalent (±5pp),no detectable difference,
haiku,csv,edn-table,extra,type:filtering,27,0.1111,0.0494,0.0617,-0.0123,0.1358,,,0,0,1.0,no detectable difference,,
haiku,csv,edn-table,extra,overall-excl-structural,101,0.5149,0.4983,0.0165,-0.0132,0.0462,-0.0259,0.0569,0,2,0.5,equivalent (±5pp),no detectable difference,
haiku,csv,edn-table,extra,type:field-retrieval,32,0.9896,0.9896,0.0,-0.0312,0.0312,,,0,0,1.0,equivalent (±5pp),,
haiku,csv,edn-table,extra,type:structure-awareness,14,0.9524,0.9286,0.0238,-0.0476,0.0952,,,0,1,1.0,no detectable difference,,
haiku,csv,edn-table,extra,type:aggregation,28,0.1429,0.1548,-0.0119,-0.0714,0.0357,,,0,1,1.0,no detectable difference,,
haiku,csv,edn-table,extra,informative,31,0.4194,0.3333,0.086,-0.0323,0.2043,-0.0497,0.3778,2,2,1.0,no detectable difference,no detectable difference,
haiku,csv,json-compact,extra,overall,106,0.5283,0.4874,0.0409,-0.0031,0.0881,-0.0202,0.1414,4,1,0.375,no detectable difference,no detectable difference,
haiku,csv,json-compact,extra,track:flat,106,0.5283,0.4874,0.0409,-0.0031,0.0881,-0.0202,0.1389,4,1,0.375,no detectable difference,no detectable difference,
haiku,csv,json-compact,extra,shape:structural-validation,5,0.8,0.6,0.2,-0.4,0.8,,,2,1,1.0,no detectable difference,,
haiku,csv,json-compact,extra,type:structural-validation,5,0.8,0.6,0.2,-0.4,0.8,,,2,1,1.0,no detectable difference,,
haiku,csv,json-compact,extra,shape:uniform-tables,101,0.5149,0.4818,0.033,-0.0,0.0693,-0.0111,0.0852,2,0,0.5,no detectable difference,no detectable difference,
haiku,csv,json-compact,extra,type:filtering,27,0.1111,0.0494,0.0617,-0.0123,0.1358,,,0,0,1.0,no detectable difference,,
haiku,csv,json-compact,extra,overall-excl-structural,101,0.5149,0.4818,0.033,-0.0,0.0693,-0.0111,0.0852,2,0,0.5,no detectable difference,no detectable difference,
haiku,csv,json-compact,extra,type:field-retrieval,32,0.9896,1.0,-0.0104,-0.0312,0.0,,,0,0,1.0,equivalent (±5pp),,
haiku,csv,json-compact,extra,type:structure-awareness,14,0.9524,0.8095,0.1429,0.0,0.3571,,,2,0,0.5,no detectable difference,,
haiku,csv,json-compact,extra,type:aggregation,28,0.1429,0.1429,-0.0,-0.0357,0.0357,,,0,0,1.0,equivalent (±5pp),,
haiku,csv,json-compact,extra,informative,31,0.4194,0.2796,0.1398,0.0215,0.2796,0.0088,0.4222,4,0,0.125,A better,A better,
haiku,edn-table-lines,edn-table,layout,overall,135,0.7309,0.7284,0.0025,-0.0198,0.0247,-0.027,0.0319,4,2,0.6875,equivalent (±5pp),equivalent (±5pp),
haiku,edn-table-lines,edn-table,layout,type:filtering,21,0.381,0.3492,0.0317,-0.0476,0.127,,,3,0,0.25,no detectable difference,,
haiku,edn-table-lines,edn-table,layout,overall-excl-structural,135,0.7309,0.7284,0.0025,-0.0198,0.0247,-0.0267,0.0316,4,2,0.6875,equivalent (±5pp),equivalent (±5pp),
haiku,edn-table-lines,edn-table,layout,type:field-retrieval,60,0.9944,0.9889,0.0056,0.0,0.0167,,,1,0,1.0,equivalent (±5pp),,
haiku,edn-table-lines,edn-table,layout,track:mixed,135,0.7309,0.7284,0.0025,-0.0198,0.0247,-0.0272,0.0315,4,2,0.6875,equivalent (±5pp),equivalent (±5pp),
haiku,edn-table-lines,edn-table,layout,shape:mixed,106,0.6824,0.673,0.0094,-0.0157,0.0346,-0.0179,0.0407,4,1,0.375,equivalent (±5pp),equivalent (±5pp),
haiku,edn-table-lines,edn-table,layout,type:structure-awareness,20,0.8167,0.85,-0.0333,-0.0833,0.0,,,0,1,1.0,no detectable difference,,
haiku,edn-table-lines,edn-table,layout,type:aggregation,34,0.4314,0.4314,-0.0,-0.0588,0.0588,,,0,1,1.0,no detectable difference,,
haiku,edn-table-lines,edn-table,layout,shape:nested-config,29,0.908,0.931,-0.023,-0.0805,0.023,,,0,1,1.0,no detectable difference,,
haiku,edn-table-lines,edn-table,layout,informative,33,0.3737,0.3737,-0.0,-0.0909,0.0909,-0.1481,0.0936,4,2,0.6875,no detectable difference,no detectable difference,
haiku,edn-table-lines,toon,layout,overall,135,0.7309,0.7556,-0.0247,-0.0617,0.0099,-0.0893,0.021,3,7,0.34375,no detectable difference,no detectable difference,
haiku,edn-table-lines,toon,layout,type:filtering,21,0.381,0.3333,0.0476,-0.0635,0.1587,,,2,1,1.0,no detectable difference,,
haiku,edn-table-lines,toon,layout,overall-excl-structural,135,0.7309,0.7556,-0.0247,-0.0617,0.0099,-0.0923,0.0199,3,7,0.34375,no detectable difference,no detectable difference,
haiku,edn-table-lines,toon,layout,type:field-retrieval,60,0.9944,0.9944,0.0,0.0,0.0,,,0,0,1.0,equivalent (±5pp),,
haiku,edn-table-lines,toon,layout,track:mixed,135,0.7309,0.7556,-0.0247,-0.0617,0.0099,-0.09,0.0191,3,7,0.34375,no detectable difference,no detectable difference,
haiku,edn-table-lines,toon,layout,shape:mixed,106,0.6824,0.7107,-0.0283,-0.0723,0.0094,-0.108,0.0238,2,6,0.28906,no detectable difference,no detectable difference,
haiku,edn-table-lines,toon,layout,type:structure-awareness,20,0.8167,0.9833,-0.1667,-0.3,-0.05,,,0,3,0.25,B better,,
haiku,edn-table-lines,toon,layout,type:aggregation,34,0.4314,0.4608,-0.0294,-0.1176,0.049,,,1,3,0.625,no detectable difference,,
haiku,edn-table-lines,toon,layout,shape:nested-config,29,0.908,0.9195,-0.0115,-0.0805,0.0575,,,1,1,1.0,no detectable difference,,
haiku,edn-table-lines,toon,layout,informative,33,0.3737,0.4848,-0.1111,-0.2525,0.0303,-0.3333,0.1014,3,7,0.34375,no detectable difference,no detectable difference,
haiku,edn-table-lines,json-compact,layout,overall,135,0.7309,0.721,0.0099,-0.0123,0.0322,-0.0146,0.0346,3,1,0.625,equivalent (±5pp),equivalent (±5pp),
haiku,edn-table-lines,json-compact,layout,type:filtering,21,0.381,0.2857,0.0952,-0.0159,0.2063,,,3,0,0.25,no detectable difference,,
haiku,edn-table-lines,json-compact,layout,overall-excl-structural,135,0.7309,0.721,0.0099,-0.0123,0.0346,-0.0133,0.0345,3,1,0.625,equivalent (±5pp),equivalent (±5pp),
haiku,edn-table-lines,json-compact,layout,type:field-retrieval,60,0.9944,0.9944,0.0,0.0,0.0,,,0,0,1.0,equivalent (±5pp),,
haiku,edn-table-lines,json-compact,layout,track:mixed,135,0.7309,0.721,0.0099,-0.0148,0.0346,-0.0136,0.0342,3,1,0.625,equivalent (±5pp),equivalent (±5pp),
haiku,edn-table-lines,json-compact,layout,shape:mixed,106,0.6824,0.673,0.0094,-0.0189,0.0409,-0.0189,0.0395,3,1,0.625,equivalent (±5pp),equivalent (±5pp),
haiku,edn-table-lines,json-compact,layout,type:structure-awareness,20,0.8167,0.8833,-0.0667,-0.15,0.0,,,0,1,1.0,no detectable difference,,
haiku,edn-table-lines,json-compact,layout,type:aggregation,34,0.4314,0.4118,0.0196,-0.0196,0.0588,,,0,0,1.0,no detectable difference,,
haiku,edn-table-lines,json-compact,layout,shape:nested-config,29,0.908,0.8966,0.0115,0.0,0.0345,,,0,0,1.0,equivalent (±5pp),,
haiku,edn-table-lines,json-compact,layout,informative,33,0.3737,0.3434,0.0303,-0.0606,0.1212,-0.0667,0.1569,3,1,0.625,no detectable difference,no detectable difference,
sonnet,edn-maps,json-compact,primary,overall,241,0.6556,0.6515,0.0041,-0.0194,0.0263,-0.0299,0.0331,9,5,0.42395,equivalent (±5pp),equivalent (±5pp),1.0
sonnet,edn-maps,json-compact,primary,track:flat,106,0.5126,0.5,0.0126,-0.0314,0.0535,-0.1081,0.0627,6,4,0.75391,no detectable difference,no detectable difference,
sonnet,edn-maps,json-compact,primary,shape:structural-validation,5,0.4,0.6,-0.2,-0.6,0.0,,,0,1,1.0,no detectable difference,,
sonnet,edn-maps,json-compact,primary,type:structural-validation,5,0.4,0.6,-0.2,-0.6,0.0,,,0,1,1.0,no detectable difference,,
sonnet,edn-maps,json-compact,primary,shape:uniform-tables,101,0.5182,0.495,0.0231,-0.0165,0.0627,-0.037,0.0726,6,3,0.50781,no detectable difference,no detectable difference,
sonnet,edn-maps,json-compact,primary,type:filtering,48,0.2708,0.2222,0.0486,-0.0139,0.1111,,,6,0,0.03125,no detectable difference,,
sonnet,edn-maps,json-compact,primary,overall-excl-structural,236,0.661,0.6525,0.0085,-0.0141,0.0297,-0.0212,0.0385,9,4,0.26685,equivalent (±5pp),equivalent (±5pp),
sonnet,edn-maps,json-compact,primary,type:field-retrieval,92,0.9964,0.9964,0.0,-0.0109,0.0109,,,0,0,1.0,equivalent (±5pp),,
sonnet,edn-maps,json-compact,primary,track:mixed,135,0.7679,0.7704,-0.0025,-0.0272,0.0198,-0.0295,0.0215,3,1,0.625,equivalent (±5pp),equivalent (±5pp),
sonnet,edn-maps,json-compact,primary,shape:mixed,106,0.7044,0.7107,-0.0063,-0.0377,0.022,-0.037,0.0238,3,1,0.625,equivalent (±5pp),equivalent (±5pp),
sonnet,edn-maps,json-compact,primary,type:structure-awareness,34,0.8627,0.8627,-0.0,-0.0882,0.0686,,,1,2,1.0,no detectable difference,,
sonnet,edn-maps,json-compact,primary,type:aggregation,62,0.3548,0.3602,-0.0054,-0.0538,0.0376,,,2,2,1.0,no detectable difference,,
sonnet,edn-maps,json-compact,primary,shape:nested-config,29,1.0,0.9885,0.0115,0.0,0.0345,,,0,0,1.0,equivalent (±5pp),,
sonnet,edn-maps,json-compact,primary,informative,68,0.3824,0.3676,0.0147,-0.0686,0.0931,-0.1067,0.1154,9,5,0.42395,no detectable difference,no detectable difference,
sonnet,edn-table,toon,primary,overall,241,0.6542,0.6819,-0.0277,-0.0595,0.0014,-0.0706,0.0059,6,15,0.07835,no detectable difference,no detectable difference,1.0
sonnet,edn-table,toon,primary,track:flat,106,0.5031,0.5503,-0.0472,-0.0943,-0.0031,-0.1807,0.007,2,7,0.17969,B better,no detectable difference,
sonnet,edn-table,toon,primary,shape:structural-validation,5,0.6,1.0,-0.4,-0.8,0.0,,,0,2,0.5,no detectable difference,,
sonnet,edn-table,toon,primary,type:structural-validation,5,0.6,1.0,-0.4,-0.8,0.0,,,0,2,0.5,no detectable difference,,
sonnet,edn-table,toon,primary,shape:uniform-tables,101,0.4983,0.5281,-0.0297,-0.0693,0.0099,-0.0833,0.0259,2,5,0.45312,no detectable difference,no detectable difference,
sonnet,edn-table,toon,primary,type:filtering,48,0.2292,0.2083,0.0208,-0.0556,0.0972,,,3,3,1.0,no detectable difference,,
sonnet,edn-table,toon,primary,overall-excl-structural,236,0.6554,0.6751,-0.0198,-0.048,0.0085,-0.0572,0.0148,6,13,0.16707,equivalent (±5pp),no detectable difference,
sonnet,edn-table,toon,primary,type:field-retrieval,92,0.9928,0.9783,0.0145,0.0,0.0326,,,1,0,1.0,equivalent (±5pp),,
sonnet,edn-table,toon,primary,track:mixed,135,0.7728,0.7852,-0.0123,-0.0543,0.0272,-0.0645,0.0272,4,8,0.3877,no detectable difference,no detectable difference,
sonnet,edn-table,toon,primary,shape:mixed,106,0.7107,0.7296,-0.0189,-0.0723,0.0314,-0.0812,0.031,4,8,0.3877,no detectable difference,no detectable difference,
sonnet,edn-table,toon,primary,type:structure-awareness,34,0.8725,0.9804,-0.1078,-0.2255,0.0,,,1,4,0.375,no detectable difference,,
sonnet,edn-table,toon,primary,type:aggregation,62,0.3656,0.4194,-0.0538,-0.1183,0.0054,,,1,6,0.125,no detectable difference,,
sonnet,edn-table,toon,primary,shape:nested-config,29,1.0,0.9885,0.0115,0.0,0.0345,,,0,0,1.0,equivalent (±5pp),,
sonnet,edn-table,toon,primary,informative,68,0.3775,0.4755,-0.098,-0.2059,0.0049,-0.2381,0.0206,6,15,0.07835,no detectable difference,no detectable difference,
sonnet,edn-table-primer,edn-table,primary,overall,241,0.6556,0.6542,0.0014,-0.018,0.0207,-0.026,0.0306,8,3,0.22656,equivalent (±5pp),equivalent (±5pp),1.0
sonnet,edn-table-primer,edn-table,primary,track:flat,106,0.5031,0.5031,0.0,-0.0252,0.0283,-0.0427,0.0519,3,1,0.625,equivalent (±5pp),no detectable difference,
sonnet,edn-table-primer,edn-table,primary,shape:structural-validation,5,0.6,0.6,0.0,0.0,0.0,,,0,0,1.0,equivalent (±5pp),,
sonnet,edn-table-primer,edn-table,primary,type:structural-validation,5,0.6,0.6,0.0,0.0,0.0,,,0,0,1.0,equivalent (±5pp),,
sonnet,edn-table-primer,edn-table,primary,shape:uniform-tables,101,0.4983,0.4983,0.0,-0.0264,0.0297,-0.0407,0.0488,3,1,0.625,equivalent (±5pp),equivalent (±5pp),
sonnet,edn-table-primer,edn-table,primary,type:filtering,48,0.2153,0.2292,-0.0139,-0.0694,0.0417,,,3,1,0.625,no detectable difference,,
sonnet,edn-table-primer,edn-table,primary,overall-excl-structural,236,0.6568,0.6554,0.0014,-0.0184,0.0212,-0.0252,0.0295,8,3,0.22656,equivalent (±5pp),equivalent (±5pp),
sonnet,edn-table-primer,edn-table,primary,type:field-retrieval,92,0.9891,0.9928,-0.0036,-0.0109,0.0,,,0,0,1.0,equivalent (±5pp),,
sonnet,edn-table-primer,edn-table,primary,track:mixed,135,0.7753,0.7728,0.0025,-0.0247,0.0296,-0.0306,0.0373,5,2,0.45312,equivalent (±5pp),equivalent (±5pp),
sonnet,edn-table-primer,edn-table,primary,shape:mixed,106,0.7201,0.7107,0.0094,-0.022,0.044,-0.029,0.0491,5,1,0.21875,equivalent (±5pp),equivalent (±5pp),
sonnet,edn-table-primer,edn-table,primary,type:structure-awareness,34,0.9216,0.8725,0.049,-0.0294,0.1373,,,3,1,0.625,no detectable difference,,
sonnet,edn-table-primer,edn-table,primary,type:aggregation,62,0.3602,0.3656,-0.0054,-0.043,0.0269,,,2,1,1.0,equivalent (±5pp),,
sonnet,edn-table-primer,edn-table,primary,shape:nested-config,29,0.977,1.0,-0.023,-0.069,0.0,,,0,1,1.0,no detectable difference,,
sonnet,edn-table-primer,edn-table,primary,informative,68,0.3824,0.3775,0.0049,-0.0637,0.0784,-0.1047,0.0918,8,3,0.22656,no detectable difference,no detectable difference,
sonnet,edn-table-primer,toon,primary,overall,241,0.6556,0.6819,-0.0263,-0.0539,0.0,-0.067,0.0032,7,11,0.48068,no detectable difference,no detectable difference,1.0
sonnet,edn-table-primer,toon,primary,track:flat,106,0.5031,0.5503,-0.0472,-0.0943,-0.0031,-0.2072,0.0,4,7,0.54883,B better,no detectable difference,
sonnet,edn-table-primer,toon,primary,shape:structural-validation,5,0.6,1.0,-0.4,-0.8,0.0,,,0,2,0.5,no detectable difference,,
sonnet,edn-table-primer,toon,primary,type:structural-validation,5,0.6,1.0,-0.4,-0.8,0.0,,,0,2,0.5,no detectable difference,,
sonnet,edn-table-primer,toon,primary,shape:uniform-tables,101,0.4983,0.5281,-0.0297,-0.0693,0.0099,-0.0926,0.0149,4,5,1.0,no detectable difference,no detectable difference,
sonnet,edn-table-primer,toon,primary,type:filtering,48,0.2153,0.2083,0.0069,-0.0556,0.0694,,,4,2,0.6875,no detectable difference,,
sonnet,edn-table-primer,toon,primary,overall-excl-structural,236,0.6568,0.6751,-0.0184,-0.0438,0.0071,-0.0521,0.01,7,9,0.80362,equivalent (±5pp),no detectable difference,
sonnet,edn-table-primer,toon,primary,type:field-retrieval,92,0.9891,0.9783,0.0109,0.0,0.029,,,1,0,1.0,equivalent (±5pp),,
sonnet,edn-table-primer,toon,primary,track:mixed,135,0.7753,0.7852,-0.0099,-0.0444,0.0222,-0.0469,0.0237,3,4,1.0,equivalent (±5pp),equivalent (±5pp),
sonnet,edn-table-primer,toon,primary,shape:mixed,106,0.7201,0.7296,-0.0094,-0.0503,0.0314,-0.0569,0.0308,3,3,1.0,no detectable difference,no detectable difference,
sonnet,edn-table-primer,toon,primary,type:structure-awareness,34,0.9216,0.9804,-0.0588,-0.1471,0.0196,,,1,2,1.0,no detectable difference,,
sonnet,edn-table-primer,toon,primary,type:aggregation,62,0.3602,0.4194,-0.0591,-0.1237,0.0,,,1,5,0.21875,no detectable difference,,
sonnet,edn-table-primer,toon,primary,shape:nested-config,29,0.977,0.9885,-0.0115,-0.0345,0.0,,,0,1,1.0,equivalent (±5pp),,
sonnet,edn-table-primer,toon,primary,informative,68,0.3824,0.4755,-0.0931,-0.1863,-0.0,-0.25,0.0085,7,11,0.48068,B better,no detectable difference,
sonnet,edn-table-primer,json-compact,primary,overall,241,0.6556,0.6515,0.0041,-0.0194,0.0277,-0.0307,0.0336,11,6,0.33231,equivalent (±5pp),equivalent (±5pp),1.0
sonnet,edn-table-primer,json-compact,primary,track:flat,106,0.5031,0.5,0.0031,-0.0409,0.0472,-0.0721,0.0556,6,4,0.75391,equivalent (±5pp),no detectable difference,
sonnet,edn-table-primer,json-compact,primary,shape:structural-validation,5,0.6,0.6,0.0,0.0,0.0,,,0,0,1.0,equivalent (±5pp),,
sonnet,edn-table-primer,json-compact,primary,type:structural-validation,5,0.6,0.6,0.0,0.0,0.0,,,0,0,1.0,equivalent (±5pp),,
sonnet,edn-table-primer,json-compact,primary,shape:uniform-tables,101,0.4983,0.495,0.0033,-0.0396,0.0495,-0.0704,0.0561,6,4,0.75391,equivalent (±5pp),no detectable difference,
sonnet,edn-table-primer,json-compact,primary,type:filtering,48,0.2153,0.2222,-0.0069,-0.0694,0.0625,,,5,2,0.45312,no detectable difference,,
sonnet,edn-table-primer,json-compact,primary,overall-excl-structural,236,0.6568,0.6525,0.0042,-0.0198,0.0297,-0.0305,0.0336,11,6,0.33231,equivalent (±5pp),equivalent (±5pp),
sonnet,edn-table-primer,json-compact,primary,type:field-retrieval,92,0.9891,0.9964,-0.0072,-0.0254,0.0072,,,0,1,1.0,equivalent (±5pp),,
sonnet,edn-table-primer,json-compact,primary,track:mixed,135,0.7753,0.7704,0.0049,-0.0198,0.0321,-0.0233,0.036,5,2,0.45312,equivalent (±5pp),equivalent (±5pp),
sonnet,edn-table-primer,json-compact,primary,shape:mixed,106,0.7201,0.7107,0.0094,-0.022,0.044,-0.0281,0.0461,5,1,0.21875,equivalent (±5pp),equivalent (±5pp),
sonnet,edn-table-primer,json-compact,primary,type:structure-awareness,34,0.9216,0.8627,0.0588,-0.0392,0.1667,,,3,1,0.625,no detectable difference,,
sonnet,edn-table-primer,json-compact,primary,type:aggregation,62,0.3602,0.3602,0.0,-0.0484,0.043,,,3,2,1.0,equivalent (±5pp),,
sonnet,edn-table-primer,json-compact,primary,shape:nested-config,29,0.977,0.9885,-0.0115,-0.0345,0.0,,,0,1,1.0,equivalent (±5pp),,
sonnet,edn-table-primer,json-compact,primary,informative,68,0.3824,0.3676,0.0147,-0.0686,0.098,-0.1202,0.1091,11,6,0.33231,no detectable difference,no detectable difference,
sonnet,edn-maps,toon,primary,overall,241,0.6556,0.6819,-0.0263,-0.0595,0.0055,-0.0736,0.0054,11,16,0.44207,no detectable difference,no detectable difference,1.0
sonnet,edn-maps,toon,primary,track:flat,106,0.5126,0.5503,-0.0377,-0.0943,0.0189,-0.375,0.0171,7,10,0.62906,no detectable difference,no detectable difference,
sonnet,edn-maps,toon,primary,shape:structural-validation,5,0.4,1.0,-0.6,-1.0,-0.2,,,0,3,0.25,B better,,
sonnet,edn-maps,toon,primary,type:structural-validation,5,0.4,1.0,-0.6,-1.0,-0.2,,,0,3,0.25,B better,,
sonnet,edn-maps,toon,primary,shape:uniform-tables,101,0.5182,0.5281,-0.0099,-0.0594,0.0396,-0.0741,0.0417,7,7,1.0,no detectable difference,no detectable difference,
sonnet,edn-maps,toon,primary,type:filtering,48,0.2708,0.2083,0.0625,-0.0139,0.1458,,,6,1,0.125,no detectable difference,,
sonnet,edn-maps,toon,primary,overall-excl-structural,236,0.661,0.6751,-0.0141,-0.0452,0.0155,-0.0499,0.0177,11,13,0.83882,equivalent (±5pp),equivalent (±5pp),
sonnet,edn-maps,toon,primary,type:field-retrieval,92,0.9964,0.9783,0.0181,0.0,0.0399,,,2,0,0.5,equivalent (±5pp),,
sonnet,edn-maps,toon,primary,track:mixed,135,0.7679,0.7852,-0.0173,-0.0543,0.0173,-0.0627,0.0174,4,6,0.75391,no detectable difference,no detectable difference,
sonnet,edn-maps,toon,primary,shape:mixed,106,0.7044,0.7296,-0.0252,-0.0723,0.0189,-0.0749,0.0175,4,6,0.75391,no detectable difference,no detectable difference,
sonnet,edn-maps,toon,primary,type:structure-awareness,34,0.8627,0.9804,-0.1176,-0.2255,-0.0098,,,1,5,0.21875,B better,,
sonnet,edn-maps,toon,primary,type:aggregation,62,0.3548,0.4194,-0.0645,-0.129,-0.0054,,,2,7,0.17969,B better,,
sonnet,edn-maps,toon,primary,shape:nested-config,29,1.0,0.9885,0.0115,0.0,0.0345,,,0,0,1.0,equivalent (±5pp),,
sonnet,edn-maps,toon,primary,informative,68,0.3824,0.4755,-0.0931,-0.2108,0.0196,-0.2602,0.0222,11,16,0.44207,no detectable difference,no detectable difference,
sonnet,toon,json-compact,extra,overall,241,0.6819,0.6515,0.0304,0.0014,0.0609,0.0013,0.068,15,6,0.07835,A better,A better,
sonnet,toon,json-compact,extra,track:flat,106,0.5503,0.5,0.0503,0.0031,0.1038,-0.0,0.1875,8,3,0.22656,A better,no detectable difference,
sonnet,toon,json-compact,extra,shape:structural-validation,5,1.0,0.6,0.4,0.0,0.8,,,2,0,0.5,no detectable difference,,
sonnet,toon,json-compact,extra,type:structural-validation,5,1.0,0.6,0.4,0.0,0.8,,,2,0,0.5,no detectable difference,,
sonnet,toon,json-compact,extra,shape:uniform-tables,101,0.5281,0.495,0.033,-0.0132,0.0792,-0.0149,0.0792,6,3,0.50781,no detectable difference,no detectable difference,
sonnet,toon,json-compact,extra,type:filtering,48,0.2083,0.2222,-0.0139,-0.0903,0.0625,,,3,2,1.0,no detectable difference,,
sonnet,toon,json-compact,extra,overall-excl-structural,236,0.6751,0.6525,0.0226,-0.0042,0.0508,-0.0064,0.054,13,6,0.16707,no detectable difference,no detectable difference,
sonnet,toon,json-compact,extra,type:field-retrieval,92,0.9783,0.9964,-0.0181,-0.0435,0.0036,,,0,2,0.5,equivalent (±5pp),,
sonnet,toon,json-compact,extra,track:mixed,135,0.7852,0.7704,0.0148,-0.0198,0.0519,-0.0172,0.0565,7,3,0.34375,no detectable difference,no detectable difference,
sonnet,toon,json-compact,extra,shape:mixed,106,0.7296,0.7107,0.0189,-0.0252,0.066,-0.0231,0.0706,7,3,0.34375,no detectable difference,no detectable difference,
sonnet,toon,json-compact,extra,type:structure-awareness,34,0.9804,0.8627,0.1176,0.0196,0.2255,,,4,1,0.375,A better,,
sonnet,toon,json-compact,extra,type:aggregation,62,0.4194,0.3602,0.0591,0.0108,0.1129,,,6,1,0.125,A better,,
sonnet,toon,json-compact,extra,shape:nested-config,29,0.9885,0.9885,0.0,0.0,0.0,,,0,0,1.0,equivalent (±5pp),,
sonnet,toon,json-compact,extra,informative,68,0.4755,0.3676,0.1078,0.0098,0.2108,0.0046,0.2323,15,6,0.07835,A better,A better,
sonnet,edn-table,json-compact,extra,overall,241,0.6542,0.6515,0.0028,-0.0207,0.0277,-0.0267,0.0307,7,7,1.0,equivalent (±5pp),equivalent (±5pp),
sonnet,edn-table,json-compact,extra,track:flat,106,0.5031,0.5,0.0031,-0.0377,0.0472,-0.0519,0.0606,4,4,1.0,equivalent (±5pp),no detectable difference,
sonnet,edn-table,json-compact,extra,shape:structural-validation,5,0.6,0.6,0.0,0.0,0.0,,,0,0,1.0,equivalent (±5pp),,
sonnet,edn-table,json-compact,extra,type:structural-validation,5,0.6,0.6,0.0,0.0,0.0,,,0,0,1.0,equivalent (±5pp),,
sonnet,edn-table,json-compact,extra,shape:uniform-tables,101,0.4983,0.495,0.0033,-0.0429,0.0495,-0.0506,0.0593,4,4,1.0,equivalent (±5pp),no detectable difference,
sonnet,edn-table,json-compact,extra,type:filtering,48,0.2292,0.2222,0.0069,-0.0556,0.0764,,,3,2,1.0,no detectable difference,,
sonnet,edn-table,json-compact,extra,overall-excl-structural,236,0.6554,0.6525,0.0028,-0.0226,0.0268,-0.0256,0.0308,7,7,1.0,equivalent (±5pp),equivalent (±5pp),
sonnet,edn-table,json-compact,extra,type:field-retrieval,92,0.9928,0.9964,-0.0036,-0.0217,0.0109,,,0,1,1.0,equivalent (±5pp),,
sonnet,edn-table,json-compact,extra,track:mixed,135,0.7728,0.7704,0.0025,-0.0247,0.0272,-0.0314,0.0275,3,3,1.0,equivalent (±5pp),equivalent (±5pp),
sonnet,edn-table,json-compact,extra,shape:mixed,106,0.7107,0.7107,0.0,-0.0314,0.0314,-0.0423,0.0319,3,3,1.0,equivalent (±5pp),equivalent (±5pp),
sonnet,edn-table,json-compact,extra,type:structure-awareness,34,0.8725,0.8627,0.0098,-0.098,0.1176,,,2,2,1.0,no detectable difference,,
sonnet,edn-table,json-compact,extra,type:aggregation,62,0.3656,0.3602,0.0054,-0.0376,0.0484,,,2,2,1.0,equivalent (±5pp),,
sonnet,edn-table,json-compact,extra,shape:nested-config,29,1.0,0.9885,0.0115,0.0,0.0345,,,0,0,1.0,equivalent (±5pp),,
sonnet,edn-table,json-compact,extra,informative,68,0.3775,0.3676,0.0098,-0.0784,0.0931,-0.0932,0.118,7,7,1.0,no detectable difference,no detectable difference,
sonnet,edn-table,edn-maps,extra,overall,241,0.6542,0.6556,-0.0014,-0.0249,0.0221,-0.0372,0.0331,6,10,0.4545,equivalent (±5pp),equivalent (±5pp),
sonnet,edn-table,edn-maps,extra,track:flat,106,0.5031,0.5126,-0.0094,-0.0535,0.0346,-0.0689,0.0991,4,6,0.75391,no detectable difference,no detectable difference,
sonnet,edn-table,edn-maps,extra,shape:structural-validation,5,0.6,0.4,0.2,0.0,0.6,,,1,0,1.0,no detectable difference,,
sonnet,edn-table,edn-maps,extra,type:structural-validation,5,0.6,0.4,0.2,0.0,0.6,,,1,0,1.0,no detectable difference,,
sonnet,edn-table,edn-maps,extra,shape:uniform-tables,101,0.4983,0.5182,-0.0198,-0.0627,0.0231,-0.0786,0.0407,3,6,0.50781,no detectable difference,no detectable difference,
sonnet,edn-table,edn-maps,extra,type:filtering,48,0.2292,0.2708,-0.0417,-0.1042,0.0208,,,1,6,0.125,no detectable difference,,
sonnet,edn-table,edn-maps,extra,overall-excl-structural,236,0.6554,0.661,-0.0056,-0.0282,0.0169,-0.0428,0.025,5,10,0.30176,equivalent (±5pp),equivalent (±5pp),
sonnet,edn-table,edn-maps,extra,type:field-retrieval,92,0.9928,0.9964,-0.0036,-0.0217,0.0109,,,0,1,1.0,equivalent (±5pp),,
sonnet,edn-table,edn-maps,extra,track:mixed,135,0.7728,0.7679,0.0049,-0.0198,0.0272,-0.0341,0.0319,2,4,0.6875,equivalent (±5pp),equivalent (±5pp),
sonnet,edn-table,edn-maps,extra,shape:mixed,106,0.7107,0.7044,0.0063,-0.0252,0.0346,-0.0447,0.0381,2,4,0.6875,equivalent (±5pp),equivalent (±5pp),
sonnet,edn-table,edn-maps,extra,type:structure-awareness,34,0.8725,0.8627,0.0098,-0.098,0.1078,,,3,2,1.0,no detectable difference,,
sonnet,edn-table,edn-maps,extra,type:aggregation,62,0.3656,0.3548,0.0108,-0.0269,0.0484,,,1,1,1.0,equivalent (±5pp),,
sonnet,edn-table,edn-maps,extra,shape:nested-config,29,1.0,1.0,0.0,0.0,0.0,,,0,0,1.0,equivalent (±5pp),,
sonnet,edn-table,edn-maps,extra,informative,68,0.3775,0.3824,-0.0049,-0.0882,0.0784,-0.1243,0.125,6,10,0.4545,no detectable difference,no detectable difference,
sonnet,csv,toon,extra,overall,106,0.5189,0.5503,-0.0314,-0.0786,0.0157,-0.125,0.018,3,5,0.72656,no detectable difference,no detectable difference,
sonnet,csv,toon,extra,track:flat,106,0.5189,0.5503,-0.0314,-0.0786,0.0157,-0.125,0.0175,3,5,0.72656,no detectable difference,no detectable difference,
sonnet,csv,toon,extra,shape:structural-validation,5,0.8,1.0,-0.2,-0.6,0.0,,,0,1,1.0,no detectable difference,,
sonnet,csv,toon,extra,type:structural-validation,5,0.8,1.0,-0.2,-0.6,0.0,,,0,1,1.0,no detectable difference,,
sonnet,csv,toon,extra,shape:uniform-tables,101,0.505,0.5281,-0.0231,-0.0693,0.0231,-0.0759,0.0259,3,4,1.0,no detectable difference,no detectable difference,
sonnet,csv,toon,extra,type:filtering,27,0.0741,0.0988,-0.0247,-0.1235,0.0864,,,1,1,1.0,no detectable difference,,
sonnet,csv,toon,extra,overall-excl-structural,101,0.505,0.5281,-0.0231,-0.0693,0.0231,-0.0778,0.0259,3,4,1.0,no detectable difference,no detectable difference,
sonnet,csv,toon,extra,type:field-retrieval,32,1.0,0.9479,0.0521,0.0,0.1146,,,2,0,0.5,no detectable difference,,
sonnet,csv,toon,extra,type:structure-awareness,14,0.9762,1.0,-0.0238,-0.0714,0.0,,,0,0,1.0,no detectable difference,,
sonnet,csv,toon,extra,type:aggregation,28,0.119,0.2262,-0.1071,-0.2143,-0.0119,,,0,3,0.25,B better,,
sonnet,csv,toon,extra,informative,38,0.3947,0.4561,-0.0614,-0.1842,0.0614,-0.1935,0.0833,3,4,1.0,no detectable difference,no detectable difference,
sonnet,csv,edn-table,extra,overall,106,0.5189,0.5031,0.0157,-0.0283,0.0629,-0.037,0.1171,5,2,0.45312,no detectable difference,no detectable difference,
sonnet,csv,edn-table,extra,track:flat,106,0.5189,0.5031,0.0157,-0.0283,0.0629,-0.036,0.1171,5,2,0.45312,no detectable difference,no detectable difference,
sonnet,csv,edn-table,extra,shape:structural-validation,5,0.8,0.6,0.2,-0.4,0.8,,,2,1,1.0,no detectable difference,,
sonnet,csv,edn-table,extra,type:structural-validation,5,0.8,0.6,0.2,-0.4,0.8,,,2,1,1.0,no detectable difference,,
sonnet,csv,edn-table,extra,shape:uniform-tables,101,0.505,0.4983,0.0066,-0.0264,0.0429,-0.0268,0.0434,3,1,0.625,equivalent (±5pp),equivalent (±5pp),
sonnet,csv,edn-table,extra,type:filtering,27,0.0741,0.0864,-0.0123,-0.1111,0.0864,,,1,1,1.0,no detectable difference,,
sonnet,csv,edn-table,extra,overall-excl-structural,101,0.505,0.4983,0.0066,-0.0264,0.0429,-0.0264,0.0434,3,1,0.625,equivalent (±5pp),equivalent (±5pp),
sonnet,csv,edn-table,extra,type:field-retrieval,32,1.0,0.9792,0.0208,0.0,0.0625,,,1,0,1.0,no detectable difference,,
sonnet,csv,edn-table,extra,type:structure-awareness,14,0.9762,0.9048,0.0714,0.0,0.1905,,,1,0,1.0,no detectable difference,,
sonnet,csv,edn-table,extra,type:aggregation,28,0.119,0.1429,-0.0238,-0.0714,0.0238,,,0,0,1.0,no detectable difference,,
sonnet,csv,edn-table,extra,informative,38,0.3947,0.3246,0.0702,-0.0439,0.1842,-0.0333,0.3333,5,1,0.21875,no detectable difference,no detectable difference,
sonnet,csv,json-compact,extra,overall,106,0.5189,0.5,0.0189,-0.0314,0.0692,-0.045,0.1261,6,3,0.50781,no detectable difference,no detectable difference,
sonnet,csv,json-compact,extra,track:flat,106,0.5189,0.5,0.0189,-0.0283,0.0692,-0.044,0.125,6,3,0.50781,no detectable difference,no detectable difference,
sonnet,csv,json-compact,extra,shape:structural-validation,5,0.8,0.6,0.2,-0.4,0.8,,,2,1,1.0,no detectable difference,,
sonnet,csv,json-compact,extra,type:structural-validation,5,0.8,0.6,0.2,-0.4,0.8,,,2,1,1.0,no detectable difference,,
sonnet,csv,json-compact,extra,shape:uniform-tables,101,0.505,0.495,0.0099,-0.0297,0.0495,-0.037,0.0556,4,2,0.6875,equivalent (±5pp),no detectable difference,
sonnet,csv,json-compact,extra,type:filtering,27,0.0741,0.0741,0.0,-0.0741,0.0864,,,1,1,1.0,no detectable difference,,
sonnet,csv,json-compact,extra,overall-excl-structural,101,0.505,0.495,0.0099,-0.0297,0.0495,-0.0363,0.0561,4,2,0.6875,equivalent (±5pp),no detectable difference,
sonnet,csv,json-compact,extra,type:field-retrieval,32,1.0,1.0,0.0,0.0,0.0,,,0,0,1.0,equivalent (±5pp),,
sonnet,csv,json-compact,extra,type:structure-awareness,14,0.9762,0.881,0.0952,-0.0476,0.2857,,,2,0,0.5,no detectable difference,,
sonnet,csv,json-compact,extra,type:aggregation,28,0.119,0.131,-0.0119,-0.1071,0.0714,,,1,1,1.0,no detectable difference,,
sonnet,csv,json-compact,extra,informative,38,0.3947,0.3158,0.0789,-0.0439,0.2105,-0.05,0.3846,6,2,0.28906,no detectable difference,no detectable difference,
sonnet,edn-table-lines,edn-table,layout,overall,135,0.7654,0.7728,-0.0074,-0.0321,0.0198,-0.033,0.0204,5,1,0.21875,equivalent (±5pp),equivalent (±5pp),
sonnet,edn-table-lines,edn-table,layout,type:filtering,21,0.3333,0.4127,-0.0794,-0.1746,0.0159,,,2,1,1.0,no detectable difference,,
sonnet,edn-table-lines,edn-table,layout,overall-excl-structural,135,0.7654,0.7728,-0.0074,-0.0346,0.0198,-0.0328,0.0208,5,1,0.21875,equivalent (±5pp),equivalent (±5pp),
sonnet,edn-table-lines,edn-table,layout,type:field-retrieval,60,0.9944,1.0,-0.0056,-0.0167,0.0,,,0,0,1.0,equivalent (±5pp),,
sonnet,edn-table-lines,edn-table,layout,track:mixed,135,0.7654,0.7728,-0.0074,-0.0321,0.0198,-0.0323,0.0208,5,1,0.21875,equivalent (±5pp),equivalent (±5pp),
sonnet,edn-table-lines,edn-table,layout,shape:mixed,106,0.7044,0.7107,-0.0063,-0.0377,0.0283,-0.0374,0.0258,5,1,0.21875,equivalent (±5pp),equivalent (±5pp),
sonnet,edn-table-lines,edn-table,layout,type:structure-awareness,20,0.8833,0.85,0.0333,-0.0667,0.1667,,,1,0,1.0,no detectable difference,,
sonnet,edn-table-lines,edn-table,layout,type:aggregation,34,0.5588,0.549,0.0098,-0.0294,0.049,,,2,0,0.5,equivalent (±5pp),,
sonnet,edn-table-lines,edn-table,layout,shape:nested-config,29,0.9885,1.0,-0.0115,-0.0345,0.0,,,0,0,1.0,equivalent (±5pp),,
sonnet,edn-table-lines,edn-table,layout,informative,30,0.4111,0.4444,-0.0333,-0.1444,0.0889,-0.2083,0.0833,5,1,0.21875,no detectable difference,no detectable difference,
sonnet,edn-table-lines,toon,layout,overall,135,0.7654,0.7852,-0.0198,-0.0519,0.0123,-0.0627,0.0109,3,3,1.0,no detectable difference,no detectable difference,
sonnet,edn-table-lines,toon,layout,type:filtering,21,0.3333,0.3492,-0.0159,-0.0952,0.0794,,,1,0,1.0,no detectable difference,,
sonnet,edn-table-lines,toon,layout,overall-excl-structural,135,0.7654,0.7852,-0.0198,-0.0519,0.0123,-0.0613,0.0114,3,3,1.0,no detectable difference,no detectable difference,
sonnet,edn-table-lines,toon,layout,type:field-retrieval,60,0.9944,0.9944,0.0,-0.0167,0.0167,,,0,0,1.0,equivalent (±5pp),,
sonnet,edn-table-lines,toon,layout,track:mixed,135,0.7654,0.7852,-0.0198,-0.0519,0.0123,-0.0619,0.0113,3,3,1.0,no detectable difference,no detectable difference,
sonnet,edn-table-lines,toon,layout,shape:mixed,106,0.7044,0.7296,-0.0252,-0.066,0.0126,-0.0755,0.0128,3,3,1.0,no detectable difference,no detectable difference,
sonnet,edn-table-lines,toon,layout,type:structure-awareness,20,0.8833,0.9667,-0.0833,-0.2333,0.05,,,1,2,1.0,no detectable difference,,
sonnet,edn-table-lines,toon,layout,type:aggregation,34,0.5588,0.5784,-0.0196,-0.098,0.049,,,1,1,1.0,no detectable difference,,
sonnet,edn-table-lines,toon,layout,shape:nested-config,29,0.9885,0.9885,0.0,0.0,0.0,,,0,0,1.0,equivalent (±5pp),,
sonnet,edn-table-lines,toon,layout,informative,30,0.4111,0.5,-0.0889,-0.2333,0.0444,-0.3333,0.046,3,3,1.0,no detectable difference,no detectable difference,
sonnet,edn-table-lines,json-compact,layout,overall,135,0.7654,0.7704,-0.0049,-0.0321,0.0222,-0.0354,0.0244,6,2,0.28906,equivalent (±5pp),equivalent (±5pp),
sonnet,edn-table-lines,json-compact,layout,type:filtering,21,0.3333,0.4127,-0.0794,-0.1905,0.0159,,,3,1,0.625,no detectable difference,,
sonnet,edn-table-lines,json-compact,layout,overall-excl-structural,135,0.7654,0.7704,-0.0049,-0.0321,0.0247,-0.0367,0.0236,6,2,0.28906,equivalent (±5pp),equivalent (±5pp),
sonnet,edn-table-lines,json-compact,layout,type:field-retrieval,60,0.9944,0.9944,0.0,0.0,0.0,,,0,0,1.0,equivalent (±5pp),,
sonnet,edn-table-lines,json-compact,layout,track:mixed,135,0.7654,0.7704,-0.0049,-0.0321,0.0222,-0.0367,0.0245,6,2,0.28906,equivalent (±5pp),equivalent (±5pp),
sonnet,edn-table-lines,json-compact,layout,shape:mixed,106,0.7044,0.7107,-0.0063,-0.0409,0.0283,-0.0456,0.0316,6,2,0.28906,equivalent (±5pp),equivalent (±5pp),
sonnet,edn-table-lines,json-compact,layout,type:structure-awareness,20,0.8833,0.85,0.0333,-0.0833,0.1667,,,1,1,1.0,no detectable difference,,
sonnet,edn-table-lines,json-compact,layout,type:aggregation,34,0.5588,0.549,0.0098,-0.0294,0.0588,,,2,0,0.5,no detectable difference,,
sonnet,edn-table-lines,json-compact,layout,shape:nested-config,29,0.9885,0.9885,0.0,0.0,0.0,,,0,0,1.0,equivalent (±5pp),,
sonnet,edn-table-lines,json-compact,layout,informative,30,0.4111,0.4333,-0.0222,-0.1444,0.1,-0.2063,0.1,6,2,0.28906,no detectable difference,no detectable difference,
opus,edn-maps,json-compact,primary,overall,241,0.9876,0.9862,0.0014,-0.0041,0.0069,-0.0067,0.0093,0,0,1.0,equivalent (±5pp),equivalent (±5pp),1.0
opus,edn-maps,json-compact,primary,track:flat,106,0.9717,0.9686,0.0031,-0.0094,0.0157,-0.0152,0.0211,0,0,1.0,equivalent (±5pp),equivalent (±5pp),
opus,edn-maps,json-compact,primary,shape:structural-validation,5,0.6,0.6,0.0,0.0,0.0,,,0,0,1.0,equivalent (±5pp),,
opus,edn-maps,json-compact,primary,type:structural-validation,5,0.6,0.6,0.0,0.0,0.0,,,0,0,1.0,equivalent (±5pp),,
opus,edn-maps,json-compact,primary,shape:uniform-tables,101,0.9901,0.9868,0.0033,-0.0099,0.0165,-0.0149,0.0222,0,0,1.0,equivalent (±5pp),equivalent (±5pp),
opus,edn-maps,json-compact,primary,type:filtering,48,0.9931,1.0,-0.0069,-0.0208,0.0,,,0,0,1.0,equivalent (±5pp),,
opus,edn-maps,json-compact,primary,overall-excl-structural,236,0.9958,0.9944,0.0014,-0.0042,0.0071,-0.0064,0.0094,0,0,1.0,equivalent (±5pp),equivalent (±5pp),
opus,edn-maps,json-compact,primary,type:field-retrieval,92,1.0,1.0,0.0,0.0,0.0,,,0,0,1.0,equivalent (±5pp),,
opus,edn-maps,json-compact,primary,track:mixed,135,1.0,1.0,0.0,0.0,0.0,0.0,0.0,0,0,1.0,equivalent (±5pp),equivalent (±5pp),
opus,edn-maps,json-compact,primary,shape:mixed,106,1.0,1.0,0.0,0.0,0.0,0.0,0.0,0,0,1.0,equivalent (±5pp),equivalent (±5pp),
opus,edn-maps,json-compact,primary,type:structure-awareness,34,1.0,1.0,0.0,0.0,0.0,,,0,0,1.0,equivalent (±5pp),,
opus,edn-maps,json-compact,primary,type:aggregation,62,0.9892,0.9785,0.0108,-0.0108,0.0323,,,0,0,1.0,equivalent (±5pp),,
opus,edn-maps,json-compact,primary,shape:nested-config,29,1.0,1.0,0.0,0.0,0.0,,,0,0,1.0,equivalent (±5pp),,
opus,edn-maps,json-compact,primary,informative,16,0.8125,0.7917,0.0208,-0.0625,0.1042,-0.0877,0.125,0,0,1.0,no detectable difference,no detectable difference,
opus,edn-table,toon,primary,overall,241,0.982,0.9959,-0.0138,-0.029,-0.0014,-0.037,-0.0011,0,2,0.5,B better (within ±5pp),B better (within ±5pp),1.0
opus,edn-table,toon,primary,track:flat,106,0.9623,0.9906,-0.0283,-0.0629,0.0,-0.1598,0.0,0,2,0.5,no detectable difference,no detectable difference,
opus,edn-table,toon,primary,shape:structural-validation,5,0.6,1.0,-0.4,-0.8,0.0,,,0,2,0.5,no detectable difference,,
opus,edn-table,toon,primary,type:structural-validation,5,0.6,1.0,-0.4,-0.8,0.0,,,0,2,0.5,no detectable difference,,
opus,edn-table,toon,primary,shape:uniform-tables,101,0.9802,0.9901,-0.0099,-0.0297,0.0099,-0.0333,0.0099,0,0,1.0,equivalent (±5pp),equivalent (±5pp),
opus,edn-table,toon,primary,type:filtering,48,0.9792,0.9931,-0.0139,-0.0417,0.0139,,,0,0,1.0,equivalent (±5pp),,
opus,edn-table,toon,primary,overall-excl-structural,236,0.9901,0.9958,-0.0056,-0.0141,0.0028,-0.0167,0.0031,0,0,1.0,equivalent (±5pp),equivalent (±5pp),
opus,edn-table,toon,primary,type:field-retrieval,92,1.0,1.0,0.0,0.0,0.0,,,0,0,1.0,equivalent (±5pp),,
opus,edn-table,toon,primary,track:mixed,135,0.9975,1.0,-0.0025,-0.0074,0.0,-0.0099,0.0,0,0,1.0,equivalent (±5pp),equivalent (±5pp),
opus,edn-table,toon,primary,shape:mixed,106,0.9969,1.0,-0.0031,-0.0094,0.0,-0.0117,0.0,0,0,1.0,equivalent (±5pp),equivalent (±5pp),
opus,edn-table,toon,primary,type:structure-awareness,34,1.0,1.0,0.0,0.0,0.0,,,0,0,1.0,equivalent (±5pp),,
opus,edn-table,toon,primary,type:aggregation,62,0.9785,0.9892,-0.0108,-0.0376,0.0161,,,0,0,1.0,equivalent (±5pp),,
opus,edn-table,toon,primary,shape:nested-config,29,1.0,1.0,0.0,0.0,0.0,,,0,0,1.0,equivalent (±5pp),,
opus,edn-table,toon,primary,informative,16,0.7292,0.9375,-0.2083,-0.3958,-0.0208,-0.5455,-0.0317,0,2,0.5,B better,B better,
opus,edn-table-primer,edn-table,primary,overall,241,0.982,0.982,0.0,-0.0069,0.0069,-0.0083,0.0092,0,1,1.0,equivalent (±5pp),equivalent (±5pp),1.0
opus,edn-table-primer,edn-table,primary,track:flat,106,0.9686,0.9623,0.0063,-0.0063,0.0189,-0.0063,0.0247,0,0,1.0,equivalent (±5pp),equivalent (±5pp),
opus,edn-table-primer,edn-table,primary,shape:structural-validation,5,0.6,0.6,0.0,0.0,0.0,,,0,0,1.0,equivalent (±5pp),,
opus,edn-table-primer,edn-table,primary,type:structural-validation,5,0.6,0.6,0.0,0.0,0.0,,,0,0,1.0,equivalent (±5pp),,
opus,edn-table-primer,edn-table,primary,shape:uniform-tables,101,0.9868,0.9802,0.0066,-0.0066,0.0198,-0.006,0.0259,0,0,1.0,equivalent (±5pp),equivalent (±5pp),
opus,edn-table-primer,edn-table,primary,type:filtering,48,0.9792,0.9792,0.0,-0.0208,0.0208,,,0,0,1.0,equivalent (±5pp),,
opus,edn-table-primer,edn-table,primary,overall-excl-structural,236,0.9901,0.9901,0.0,-0.0071,0.0071,-0.0083,0.0094,0,1,1.0,equivalent (±5pp),equivalent (±5pp),
opus,edn-table-primer,edn-table,primary,type:field-retrieval,92,1.0,1.0,0.0,0.0,0.0,,,0,0,1.0,equivalent (±5pp),,
opus,edn-table-primer,edn-table,primary,track:mixed,135,0.9926,0.9975,-0.0049,-0.0123,0.0,-0.0136,0.0,0,1,1.0,equivalent (±5pp),equivalent (±5pp),
opus,edn-table-primer,edn-table,primary,shape:mixed,106,0.9906,0.9969,-0.0063,-0.0157,0.0,-0.0169,0.0,0,1,1.0,equivalent (±5pp),equivalent (±5pp),
opus,edn-table-primer,edn-table,primary,type:structure-awareness,34,1.0,1.0,0.0,0.0,0.0,,,0,0,1.0,equivalent (±5pp),,
opus,edn-table-primer,edn-table,primary,type:aggregation,62,0.9785,0.9785,0.0,-0.0215,0.0215,,,0,1,1.0,equivalent (±5pp),,
opus,edn-table-primer,edn-table,primary,shape:nested-config,29,1.0,1.0,0.0,0.0,0.0,,,0,0,1.0,equivalent (±5pp),,
opus,edn-table-primer,edn-table,primary,informative,16,0.7292,0.7292,0.0,-0.1042,0.1042,-0.1429,0.1111,0,1,1.0,no detectable difference,no detectable difference,
opus,edn-table-primer,toon,primary,overall,241,0.982,0.9959,-0.0138,-0.029,0.0,-0.0385,0.0,0,3,0.25,equivalent (±5pp),equivalent (±5pp),1.0
opus,edn-table-primer,toon,primary,track:flat,106,0.9686,0.9906,-0.022,-0.0566,0.0063,-0.1351,0.0052,0,2,0.5,no detectable difference,no detectable difference,
opus,edn-table-primer,toon,primary,shape:structural-validation,5,0.6,1.0,-0.4,-0.8,0.0,,,0,2,0.5,no detectable difference,,
opus,edn-table-primer,toon,primary,type:structural-validation,5,0.6,1.0,-0.4,-0.8,0.0,,,0,2,0.5,no detectable difference,,
opus,edn-table-primer,toon,primary,shape:uniform-tables,101,0.9868,0.9901,-0.0033,-0.0198,0.0132,-0.0231,0.0165,0,0,1.0,equivalent (±5pp),equivalent (±5pp),
opus,edn-table-primer,toon,primary,type:filtering,48,0.9792,0.9931,-0.0139,-0.0417,0.0139,,,0,0,1.0,equivalent (±5pp),,
opus,edn-table-primer,toon,primary,overall-excl-structural,236,0.9901,0.9958,-0.0056,-0.0155,0.0028,-0.0173,0.0047,0,1,1.0,equivalent (±5pp),equivalent (±5pp),
opus,edn-table-primer,toon,primary,type:field-retrieval,92,1.0,1.0,0.0,0.0,0.0,,,0,0,1.0,equivalent (±5pp),,
opus,edn-table-primer,toon,primary,track:mixed,135,0.9926,1.0,-0.0074,-0.0198,0.0,-0.022,0.0,0,1,1.0,equivalent (±5pp),equivalent (±5pp),
opus,edn-table-primer,toon,primary,shape:mixed,106,0.9906,1.0,-0.0094,-0.0252,0.0,-0.0256,0.0,0,1,1.0,equivalent (±5pp),equivalent (±5pp),
opus,edn-table-primer,toon,primary,type:structure-awareness,34,1.0,1.0,0.0,0.0,0.0,,,0,0,1.0,equivalent (±5pp),,
opus,edn-table-primer,toon,primary,type:aggregation,62,0.9785,0.9892,-0.0108,-0.043,0.0161,,,0,1,1.0,equivalent (±5pp),,
opus,edn-table-primer,toon,primary,shape:nested-config,29,1.0,1.0,0.0,0.0,0.0,,,0,0,1.0,equivalent (±5pp),,
opus,edn-table-primer,toon,primary,informative,16,0.7292,0.9375,-0.2083,-0.4167,-0.0208,-0.6061,-0.0222,0,3,0.25,B better,B better,
opus,edn-table-primer,json-compact,primary,overall,241,0.982,0.9862,-0.0041,-0.0138,0.0055,-0.0162,0.0074,0,1,1.0,equivalent (±5pp),equivalent (±5pp),1.0
opus,edn-table-primer,json-compact,primary,track:flat,106,0.9686,0.9686,0.0,-0.0189,0.0189,-0.0208,0.0211,0,0,1.0,equivalent (±5pp),equivalent (±5pp),
opus,edn-table-primer,json-compact,primary,shape:structural-validation,5,0.6,0.6,0.0,0.0,0.0,,,0,0,1.0,equivalent (±5pp),,
opus,edn-table-primer,json-compact,primary,type:structural-validation,5,0.6,0.6,0.0,0.0,0.0,,,0,0,1.0,equivalent (±5pp),,
opus,edn-table-primer,json-compact,primary,shape:uniform-tables,101,0.9868,0.9868,0.0,-0.0198,0.0165,-0.0208,0.0222,0,0,1.0,equivalent (±5pp),equivalent (±5pp),
opus,edn-table-primer,json-compact,primary,type:filtering,48,0.9792,1.0,-0.0208,-0.0486,0.0,,,0,0,1.0,equivalent (±5pp),,
opus,edn-table-primer,json-compact,primary,overall-excl-structural,236,0.9901,0.9944,-0.0042,-0.0155,0.0056,-0.0165,0.0071,0,1,1.0,equivalent (±5pp),equivalent (±5pp),
opus,edn-table-primer,json-compact,primary,type:field-retrieval,92,1.0,1.0,0.0,0.0,0.0,,,0,0,1.0,equivalent (±5pp),,
opus,edn-table-primer,json-compact,primary,track:mixed,135,0.9926,1.0,-0.0074,-0.0198,0.0,-0.0217,0.0,0,1,1.0,equivalent (±5pp),equivalent (±5pp),
opus,edn-table-primer,json-compact,primary,shape:mixed,106,0.9906,1.0,-0.0094,-0.0252,0.0,-0.0258,0.0,0,1,1.0,equivalent (±5pp),equivalent (±5pp),
opus,edn-table-primer,json-compact,primary,type:structure-awareness,34,1.0,1.0,0.0,0.0,0.0,,,0,0,1.0,equivalent (±5pp),,
opus,edn-table-primer,json-compact,primary,type:aggregation,62,0.9785,0.9785,0.0,-0.0323,0.0323,,,0,1,1.0,equivalent (±5pp),,
opus,edn-table-primer,json-compact,primary,shape:nested-config,29,1.0,1.0,0.0,0.0,0.0,,,0,0,1.0,equivalent (±5pp),,
opus,edn-table-primer,json-compact,primary,informative,16,0.7292,0.7917,-0.0625,-0.2083,0.0833,-0.25,0.0833,0,1,1.0,no detectable difference,no detectable difference,
opus,edn-maps,toon,primary,overall,241,0.9876,0.9959,-0.0083,-0.0235,0.0028,-0.0301,0.0035,0,2,0.5,equivalent (±5pp),equivalent (±5pp),1.0
opus,edn-maps,toon,primary,track:flat,106,0.9717,0.9906,-0.0189,-0.0535,0.0094,-0.1261,0.0074,0,2,0.5,no detectable difference,no detectable difference,
opus,edn-maps,toon,primary,shape:structural-validation,5,0.6,1.0,-0.4,-0.8,0.0,,,0,2,0.5,no detectable difference,,
opus,edn-maps,toon,primary,type:structural-validation,5,0.6,1.0,-0.4,-0.8,0.0,,,0,2,0.5,no detectable difference,,
opus,edn-maps,toon,primary,shape:uniform-tables,101,0.9901,0.9901,0.0,-0.0165,0.0165,-0.0179,0.0185,0,0,1.0,equivalent (±5pp),equivalent (±5pp),
opus,edn-maps,toon,primary,type:filtering,48,0.9931,0.9931,0.0,-0.0208,0.0208,,,0,0,1.0,equivalent (±5pp),,
opus,edn-maps,toon,primary,overall-excl-structural,236,0.9958,0.9958,0.0,-0.0071,0.0071,-0.0083,0.0077,0,0,1.0,equivalent (±5pp),equivalent (±5pp),
opus,edn-maps,toon,primary,type:field-retrieval,92,1.0,1.0,0.0,0.0,0.0,,,0,0,1.0,equivalent (±5pp),,
opus,edn-maps,toon,primary,track:mixed,135,1.0,1.0,0.0,0.0,0.0,0.0,0.0,0,0,1.0,equivalent (±5pp),equivalent (±5pp),
opus,edn-maps,toon,primary,shape:mixed,106,1.0,1.0,0.0,0.0,0.0,0.0,0.0,0,0,1.0,equivalent (±5pp),equivalent (±5pp),
opus,edn-maps,toon,primary,type:structure-awareness,34,1.0,1.0,0.0,0.0,0.0,,,0,0,1.0,equivalent (±5pp),,
opus,edn-maps,toon,primary,type:aggregation,62,0.9892,0.9892,0.0,-0.0215,0.0215,,,0,0,1.0,equivalent (±5pp),,
opus,edn-maps,toon,primary,shape:nested-config,29,1.0,1.0,0.0,0.0,0.0,,,0,0,1.0,equivalent (±5pp),,
opus,edn-maps,toon,primary,informative,16,0.8125,0.9375,-0.125,-0.313,0.0417,-0.4583,0.0513,0,2,0.5,no detectable difference,no detectable difference,
opus,toon,json-compact,extra,overall,241,0.9959,0.9862,0.0097,-0.0,0.0235,0.0,0.0321,2,0,0.5,equivalent (±5pp),equivalent (±5pp),
opus,toon,json-compact,extra,track:flat,106,0.9906,0.9686,0.022,-0.0,0.0535,0.0,0.1351,2,0,0.5,no detectable difference,no detectable difference,
opus,toon,json-compact,extra,shape:structural-validation,5,1.0,0.6,0.4,0.0,0.8,,,2,0,0.5,no detectable difference,,
opus,toon,json-compact,extra,type:structural-validation,5,1.0,0.6,0.4,0.0,0.8,,,2,0,0.5,no detectable difference,,
opus,toon,json-compact,extra,shape:uniform-tables,101,0.9901,0.9868,0.0033,-0.0066,0.0165,-0.0099,0.0185,0,0,1.0,equivalent (±5pp),equivalent (±5pp),
opus,toon,json-compact,extra,type:filtering,48,0.9931,1.0,-0.0069,-0.0208,0.0,,,0,0,1.0,equivalent (±5pp),,
opus,toon,json-compact,extra,overall-excl-structural,236,0.9958,0.9944,0.0014,-0.0028,0.0071,-0.004,0.0078,0,0,1.0,equivalent (±5pp),equivalent (±5pp),
opus,toon,json-compact,extra,type:field-retrieval,92,1.0,1.0,0.0,0.0,0.0,,,0,0,1.0,equivalent (±5pp),,
opus,toon,json-compact,extra,track:mixed,135,1.0,1.0,0.0,0.0,0.0,0.0,0.0,0,0,1.0,equivalent (±5pp),equivalent (±5pp),
opus,toon,json-compact,extra,shape:mixed,106,1.0,1.0,0.0,0.0,0.0,0.0,0.0,0,0,1.0,equivalent (±5pp),equivalent (±5pp),
opus,toon,json-compact,extra,type:structure-awareness,34,1.0,1.0,0.0,0.0,0.0,,,0,0,1.0,equivalent (±5pp),,
opus,toon,json-compact,extra,type:aggregation,62,0.9892,0.9785,0.0108,0.0,0.0269,,,0,0,1.0,equivalent (±5pp),,
opus,toon,json-compact,extra,shape:nested-config,29,1.0,1.0,0.0,0.0,0.0,,,0,0,1.0,equivalent (±5pp),,
opus,toon,json-compact,extra,informative,16,0.9375,0.7917,0.1458,-0.0,0.3333,0.0,0.4583,2,0,0.5,no detectable difference,no detectable difference,
opus,edn-table,json-compact,extra,overall,241,0.982,0.9862,-0.0041,-0.0111,0.0028,-0.0127,0.0028,0,0,1.0,equivalent (±5pp),equivalent (±5pp),
opus,edn-table,json-compact,extra,track:flat,106,0.9623,0.9686,-0.0063,-0.022,0.0094,-0.0253,0.009,0,0,1.0,equivalent (±5pp),equivalent (±5pp),
opus,edn-table,json-compact,extra,shape:structural-validation,5,0.6,0.6,0.0,0.0,0.0,,,0,0,1.0,equivalent (±5pp),,
opus,edn-table,json-compact,extra,type:structural-validation,5,0.6,0.6,0.0,0.0,0.0,,,0,0,1.0,equivalent (±5pp),,
opus,edn-table,json-compact,extra,shape:uniform-tables,101,0.9802,0.9868,-0.0066,-0.0231,0.0099,-0.0238,0.0089,0,0,1.0,equivalent (±5pp),equivalent (±5pp),
opus,edn-table,json-compact,extra,type:filtering,48,0.9792,1.0,-0.0208,-0.0486,0.0,,,0,0,1.0,equivalent (±5pp),,
opus,edn-table,json-compact,extra,overall-excl-structural,236,0.9901,0.9944,-0.0042,-0.0113,0.0028,-0.0128,0.003,0,0,1.0,equivalent (±5pp),equivalent (±5pp),
opus,edn-table,json-compact,extra,type:field-retrieval,92,1.0,1.0,0.0,0.0,0.0,,,0,0,1.0,equivalent (±5pp),,
opus,edn-table,json-compact,extra,track:mixed,135,0.9975,1.0,-0.0025,-0.0074,0.0,-0.0098,0.0,0,0,1.0,equivalent (±5pp),equivalent (±5pp),
opus,edn-table,json-compact,extra,shape:mixed,106,0.9969,1.0,-0.0031,-0.0094,0.0,-0.0118,0.0,0,0,1.0,equivalent (±5pp),equivalent (±5pp),
opus,edn-table,json-compact,extra,type:structure-awareness,34,1.0,1.0,0.0,0.0,0.0,,,0,0,1.0,equivalent (±5pp),,
opus,edn-table,json-compact,extra,type:aggregation,62,0.9785,0.9785,0.0,-0.0215,0.0215,,,0,0,1.0,equivalent (±5pp),,
opus,edn-table,json-compact,extra,shape:nested-config,29,1.0,1.0,0.0,0.0,0.0,,,0,0,1.0,equivalent (±5pp),,
opus,edn-table,json-compact,extra,informative,16,0.7292,0.7917,-0.0625,-0.1667,0.0417,-0.1667,0.0392,0,0,1.0,no detectable difference,no detectable difference,
opus,edn-table,edn-maps,extra,overall,241,0.982,0.9876,-0.0055,-0.0138,0.0014,-0.0152,0.0032,0,0,1.0,equivalent (±5pp),equivalent (±5pp),
opus,edn-table,edn-maps,extra,track:flat,106,0.9623,0.9717,-0.0094,-0.0252,0.0063,-0.0303,0.0114,0,0,1.0,equivalent (±5pp),equivalent (±5pp),
opus,edn-table,edn-maps,extra,shape:structural-validation,5,0.6,0.6,0.0,0.0,0.0,,,0,0,1.0,equivalent (±5pp),,
opus,edn-table,edn-maps,extra,type:structural-validation,5,0.6,0.6,0.0,0.0,0.0,,,0,0,1.0,equivalent (±5pp),,
opus,edn-table,edn-maps,extra,shape:uniform-tables,101,0.9802,0.9901,-0.0099,-0.0264,0.0066,-0.0297,0.0089,0,0,1.0,equivalent (±5pp),equivalent (±5pp),
opus,edn-table,edn-maps,extra,type:filtering,48,0.9792,0.9931,-0.0139,-0.0417,0.0139,,,0,0,1.0,equivalent (±5pp),,
opus,edn-table,edn-maps,extra,overall-excl-structural,236,0.9901,0.9958,-0.0056,-0.0141,0.0014,-0.0155,0.003,0,0,1.0,equivalent (±5pp),equivalent (±5pp),
opus,edn-table,edn-maps,extra,type:field-retrieval,92,1.0,1.0,0.0,0.0,0.0,,,0,0,1.0,equivalent (±5pp),,
opus,edn-table,edn-maps,extra,track:mixed,135,0.9975,1.0,-0.0025,-0.0074,0.0,-0.0099,0.0,0,0,1.0,equivalent (±5pp),equivalent (±5pp),
opus,edn-table,edn-maps,extra,shape:mixed,106,0.9969,1.0,-0.0031,-0.0094,0.0,-0.0114,0.0,0,0,1.0,equivalent (±5pp),equivalent (±5pp),
opus,edn-table,edn-maps,extra,type:structure-awareness,34,1.0,1.0,0.0,0.0,0.0,,,0,0,1.0,equivalent (±5pp),,
opus,edn-table,edn-maps,extra,type:aggregation,62,0.9785,0.9892,-0.0108,-0.0323,0.0108,,,0,0,1.0,equivalent (±5pp),,
opus,edn-table,edn-maps,extra,shape:nested-config,29,1.0,1.0,0.0,0.0,0.0,,,0,0,1.0,equivalent (±5pp),,
opus,edn-table,edn-maps,extra,informative,16,0.7292,0.8125,-0.0833,-0.1875,0.0208,-0.2,0.0417,0,0,1.0,no detectable difference,no detectable difference,
opus,csv,toon,extra,overall,106,0.9717,0.9906,-0.0189,-0.0503,0.0063,-0.0972,0.0063,0,2,0.5,no detectable difference,no detectable difference,
opus,csv,toon,extra,track:flat,106,0.9717,0.9906,-0.0189,-0.0503,0.0063,-0.0991,0.0057,0,2,0.5,no detectable difference,no detectable difference,
opus,csv,toon,extra,shape:structural-validation,5,0.8,1.0,-0.2,-0.6,0.0,,,0,1,1.0,no detectable difference,,
opus,csv,toon,extra,type:structural-validation,5,0.8,1.0,-0.2,-0.6,0.0,,,0,1,1.0,no detectable difference,,
opus,csv,toon,extra,shape:uniform-tables,101,0.9802,0.9901,-0.0099,-0.033,0.0099,-0.033,0.0099,0,1,1.0,equivalent (±5pp),equivalent (±5pp),
opus,csv,toon,extra,type:filtering,27,0.9753,0.9877,-0.0123,-0.0617,0.0247,,,0,0,1.0,no detectable difference,,
opus,csv,toon,extra,overall-excl-structural,101,0.9802,0.9901,-0.0099,-0.033,0.0099,-0.0333,0.0108,0,1,1.0,equivalent (±5pp),equivalent (±5pp),
opus,csv,toon,extra,type:field-retrieval,32,1.0,1.0,0.0,0.0,0.0,,,0,0,1.0,equivalent (±5pp),,
opus,csv,toon,extra,type:structure-awareness,14,1.0,1.0,0.0,0.0,0.0,,,0,0,1.0,equivalent (±5pp),,
opus,csv,toon,extra,type:aggregation,28,0.9524,0.9762,-0.0238,-0.0952,0.0357,,,0,1,1.0,no detectable difference,,
opus,csv,toon,extra,informative,14,0.9048,0.9286,-0.0238,-0.1429,0.0952,-0.1429,0.1429,0,0,1.0,no detectable difference,no detectable difference,
opus,csv,edn-table,extra,overall,106,0.9717,0.9623,0.0094,-0.0252,0.0472,-0.036,0.1081,2,2,1.0,equivalent (±5pp),no detectable difference,
opus,csv,edn-table,extra,track:flat,106,0.9717,0.9623,0.0094,-0.0252,0.044,-0.0354,0.1081,2,2,1.0,equivalent (±5pp),no detectable difference,
opus,csv,edn-table,extra,shape:structural-validation,5,0.8,0.6,0.2,-0.4,0.8,,,2,1,1.0,no detectable difference,,
opus,csv,edn-table,extra,type:structural-validation,5,0.8,0.6,0.2,-0.4,0.8,,,2,1,1.0,no detectable difference,,
opus,csv,edn-table,extra,shape:uniform-tables,101,0.9802,0.9802,0.0,-0.0165,0.0132,-0.0222,0.0165,0,1,1.0,equivalent (±5pp),equivalent (±5pp),
opus,csv,edn-table,extra,type:filtering,27,0.9753,0.963,0.0123,0.0,0.037,,,0,0,1.0,equivalent (±5pp),,
opus,csv,edn-table,extra,overall-excl-structural,101,0.9802,0.9802,0.0,-0.0165,0.0132,-0.0231,0.0165,0,1,1.0,equivalent (±5pp),equivalent (±5pp),
opus,csv,edn-table,extra,type:field-retrieval,32,1.0,1.0,0.0,0.0,0.0,,,0,0,1.0,equivalent (±5pp),,
opus,csv,edn-table,extra,type:structure-awareness,14,1.0,1.0,0.0,0.0,0.0,,,0,0,1.0,equivalent (±5pp),,
opus,csv,edn-table,extra,type:aggregation,28,0.9524,0.9643,-0.0119,-0.0714,0.0357,,,0,1,1.0,no detectable difference,,
opus,csv,edn-table,extra,informative,14,0.9048,0.7143,0.1905,0.0238,0.381,0.04,0.7222,2,0,0.5,A better,A better,
opus,csv,json-compact,extra,overall,106,0.9717,0.9686,0.0031,-0.0346,0.0409,-0.0404,0.0991,2,2,1.0,equivalent (±5pp),no detectable difference,
opus,csv,json-compact,extra,track:flat,106,0.9717,0.9686,0.0031,-0.0346,0.0409,-0.0433,0.1081,2,2,1.0,equivalent (±5pp),no detectable difference,
opus,csv,json-compact,extra,shape:structural-validation,5,0.8,0.6,0.2,-0.4,0.8,,,2,1,1.0,no detectable difference,,
opus,csv,json-compact,extra,type:structural-validation,5,0.8,0.6,0.2,-0.4,0.8,,,2,1,1.0,no detectable difference,,
opus,csv,json-compact,extra,shape:uniform-tables,101,0.9802,0.9868,-0.0066,-0.0297,0.0132,-0.0296,0.0132,0,1,1.0,equivalent (±5pp),equivalent (±5pp),
opus,csv,json-compact,extra,type:filtering,27,0.9753,1.0,-0.0247,-0.0617,0.0,,,0,0,1.0,no detectable difference,,
opus,csv,json-compact,extra,overall-excl-structural,101,0.9802,0.9868,-0.0066,-0.0297,0.0132,-0.0297,0.0132,0,1,1.0,equivalent (±5pp),equivalent (±5pp),
opus,csv,json-compact,extra,type:field-retrieval,32,1.0,1.0,0.0,0.0,0.0,,,0,0,1.0,equivalent (±5pp),,
opus,csv,json-compact,extra,type:structure-awareness,14,1.0,1.0,0.0,0.0,0.0,,,0,0,1.0,equivalent (±5pp),,
opus,csv,json-compact,extra,type:aggregation,28,0.9524,0.9524,0.0,-0.0714,0.0595,,,0,1,1.0,no detectable difference,,
opus,csv,json-compact,extra,informative,14,0.9048,0.7619,0.1429,-0.0476,0.381,-0.0476,0.7222,2,0,0.5,no detectable difference,no detectable difference,
opus,edn-table-lines,edn-table,layout,overall,135,1.0,0.9975,0.0025,0.0,0.0074,0.0,0.0098,0,0,1.0,equivalent (±5pp),equivalent (±5pp),
opus,edn-table-lines,edn-table,layout,type:filtering,21,1.0,1.0,0.0,0.0,0.0,,,0,0,1.0,equivalent (±5pp),,
opus,edn-table-lines,edn-table,layout,overall-excl-structural,135,1.0,0.9975,0.0025,0.0,0.0074,0.0,0.0098,0,0,1.0,equivalent (±5pp),equivalent (±5pp),
opus,edn-table-lines,edn-table,layout,type:field-retrieval,60,1.0,1.0,0.0,0.0,0.0,,,0,0,1.0,equivalent (±5pp),,
opus,edn-table-lines,edn-table,layout,track:mixed,135,1.0,0.9975,0.0025,0.0,0.0074,0.0,0.0098,0,0,1.0,equivalent (±5pp),equivalent (±5pp),
opus,edn-table-lines,edn-table,layout,shape:mixed,106,1.0,0.9969,0.0031,0.0,0.0094,0.0,0.0115,0,0,1.0,equivalent (±5pp),equivalent (±5pp),
opus,edn-table-lines,edn-table,layout,type:structure-awareness,20,1.0,1.0,0.0,0.0,0.0,,,0,0,1.0,equivalent (±5pp),,
opus,edn-table-lines,edn-table,layout,type:aggregation,34,1.0,0.9902,0.0098,0.0,0.0294,,,0,0,1.0,equivalent (±5pp),,
opus,edn-table-lines,edn-table,layout,shape:nested-config,29,1.0,1.0,0.0,0.0,0.0,,,0,0,1.0,equivalent (±5pp),,
opus,edn-table-lines,edn-table,layout,informative,2,1.0,0.8333,0.1667,0.0,0.3333,0.0,0.3333,0,0,1.0,no detectable difference,no detectable difference,
opus,edn-table-lines,toon,layout,overall,135,1.0,1.0,0.0,0.0,0.0,0.0,0.0,0,0,1.0,equivalent (±5pp),equivalent (±5pp),
opus,edn-table-lines,toon,layout,type:filtering,21,1.0,1.0,0.0,0.0,0.0,,,0,0,1.0,equivalent (±5pp),,
opus,edn-table-lines,toon,layout,overall-excl-structural,135,1.0,1.0,0.0,0.0,0.0,0.0,0.0,0,0,1.0,equivalent (±5pp),equivalent (±5pp),
opus,edn-table-lines,toon,layout,type:field-retrieval,60,1.0,1.0,0.0,0.0,0.0,,,0,0,1.0,equivalent (±5pp),,
opus,edn-table-lines,toon,layout,track:mixed,135,1.0,1.0,0.0,0.0,0.0,0.0,0.0,0,0,1.0,equivalent (±5pp),equivalent (±5pp),
opus,edn-table-lines,toon,layout,shape:mixed,106,1.0,1.0,0.0,0.0,0.0,0.0,0.0,0,0,1.0,equivalent (±5pp),equivalent (±5pp),
opus,edn-table-lines,toon,layout,type:structure-awareness,20,1.0,1.0,0.0,0.0,0.0,,,0,0,1.0,equivalent (±5pp),,
opus,edn-table-lines,toon,layout,type:aggregation,34,1.0,1.0,0.0,0.0,0.0,,,0,0,1.0,equivalent (±5pp),,
opus,edn-table-lines,toon,layout,shape:nested-config,29,1.0,1.0,0.0,0.0,0.0,,,0,0,1.0,equivalent (±5pp),,
opus,edn-table-lines,toon,layout,informative,2,1.0,1.0,0.0,0.0,0.0,0.0,0.0,0,0,1.0,equivalent (±5pp),equivalent (±5pp),
opus,edn-table-lines,json-compact,layout,overall,135,1.0,1.0,0.0,0.0,0.0,0.0,0.0,0,0,1.0,equivalent (±5pp),equivalent (±5pp),
opus,edn-table-lines,json-compact,layout,type:filtering,21,1.0,1.0,0.0,0.0,0.0,,,0,0,1.0,equivalent (±5pp),,
opus,edn-table-lines,json-compact,layout,overall-excl-structural,135,1.0,1.0,0.0,0.0,0.0,0.0,0.0,0,0,1.0,equivalent (±5pp),equivalent (±5pp),
opus,edn-table-lines,json-compact,layout,type:field-retrieval,60,1.0,1.0,0.0,0.0,0.0,,,0,0,1.0,equivalent (±5pp),,
opus,edn-table-lines,json-compact,layout,track:mixed,135,1.0,1.0,0.0,0.0,0.0,0.0,0.0,0,0,1.0,equivalent (±5pp),equivalent (±5pp),
opus,edn-table-lines,json-compact,layout,shape:mixed,106,1.0,1.0,0.0,0.0,0.0,0.0,0.0,0,0,1.0,equivalent (±5pp),equivalent (±5pp),
opus,edn-table-lines,json-compact,layout,type:structure-awareness,20,1.0,1.0,0.0,0.0,0.0,,,0,0,1.0,equivalent (±5pp),,
opus,edn-table-lines,json-compact,layout,type:aggregation,34,1.0,1.0,0.0,0.0,0.0,,,0,0,1.0,equivalent (±5pp),,
opus,edn-table-lines,json-compact,layout,shape:nested-config,29,1.0,1.0,0.0,0.0,0.0,,,0,0,1.0,equivalent (±5pp),,
opus,edn-table-lines,json-compact,layout,informative,2,1.0,1.0,0.0,0.0,0.0,0.0,0.0,0,0,1.0,equivalent (±5pp),equivalent (±5pp),
pooled,edn-maps,json-compact,primary,overall,241,0.7529,0.752,0.0009,-0.0101,0.0115,-0.0165,0.015,8,6,0.79053,equivalent (±5pp),equivalent (±5pp),1.0
pooled,edn-maps,json-compact,primary,track:flat,106,0.6551,0.652,0.0031,-0.0189,0.0231,-0.0707,0.0257,5,3,0.72656,equivalent (±5pp),no detectable difference,
pooled,edn-maps,json-compact,primary,shape:structural-validation,5,0.4667,0.6,-0.1333,-0.4,0.0,,,0,1,1.0,no detectable difference,,
pooled,edn-maps,json-compact,primary,type:structural-validation,5,0.4667,0.6,-0.1333,-0.4,0.0,,,0,1,1.0,no detectable difference,,
pooled,edn-maps,json-compact,primary,shape:uniform-tables,101,0.6645,0.6546,0.0099,-0.0077,0.0275,-0.0198,0.0308,5,2,0.45312,equivalent (±5pp),equivalent (±5pp),
pooled,edn-maps,json-compact,primary,type:filtering,48,0.4769,0.4583,0.0185,-0.0069,0.044,,,7,3,0.34375,equivalent (±5pp),,
pooled,edn-maps,json-compact,primary,overall-excl-structural,236,0.7589,0.7552,0.0038,-0.0061,0.0137,-0.0115,0.0169,8,5,0.58105,equivalent (±5pp),equivalent (±5pp),
pooled,edn-maps,json-compact,primary,type:field-retrieval,92,0.9988,0.9976,0.0012,-0.0036,0.0072,,,0,0,1.0,equivalent (±5pp),,
pooled,edn-maps,json-compact,primary,track:mixed,135,0.8296,0.8305,-0.0008,-0.0115,0.0099,-0.0157,0.0128,3,3,1.0,equivalent (±5pp),equivalent (±5pp),
pooled,edn-maps,json-compact,primary,shape:mixed,106,0.7893,0.7945,-0.0052,-0.0178,0.0074,-0.0205,0.0082,3,3,1.0,equivalent (±5pp),equivalent (±5pp),
pooled,edn-maps,json-compact,primary,type:structure-awareness,34,0.8987,0.9052,-0.0065,-0.0458,0.0294,,,0,1,1.0,equivalent (±5pp),,
pooled,edn-maps,json-compact,primary,type:aggregation,62,0.5448,0.543,0.0018,-0.0197,0.0233,,,1,1,1.0,equivalent (±5pp),,
pooled,edn-maps,json-compact,primary,shape:nested-config,29,0.977,0.9617,0.0153,0.0038,0.0307,,,0,0,1.0,A better (within ±5pp),,
pooled,edn-maps,json-compact,primary,informative,119,0.4995,0.4977,0.0019,-0.0215,0.0233,-0.0344,0.0321,8,6,0.79053,equivalent (±5pp),equivalent (±5pp),
pooled,edn-table,toon,primary,overall,241,0.7552,0.7773,-0.0221,-0.041,-0.006,-0.0543,-0.0006,5,16,0.0266,B better (within ±5pp),B better,0.5852
pooled,edn-table,toon,primary,track:flat,106,0.6562,0.6887,-0.0325,-0.066,-0.0042,-0.1411,0.0027,3,9,0.146,B better,no detectable difference,
pooled,edn-table,toon,primary,shape:structural-validation,5,0.6,1.0,-0.4,-0.8,0.0,,,0,2,0.5,no detectable difference,,
pooled,edn-table,toon,primary,type:structural-validation,5,0.6,1.0,-0.4,-0.8,0.0,,,0,2,0.5,no detectable difference,,
pooled,edn-table,toon,primary,shape:uniform-tables,101,0.659,0.6733,-0.0143,-0.033,0.0044,-0.0425,0.0185,3,7,0.34375,equivalent (±5pp),equivalent (±5pp),
pooled,edn-table,toon,primary,type:filtering,48,0.463,0.4606,0.0023,-0.0301,0.0347,,,3,5,0.72656,equivalent (±5pp),,
pooled,edn-table,toon,primary,overall-excl-structural,236,0.7585,0.7726,-0.0141,-0.0287,-0.0009,-0.0378,0.0054,5,14,0.06357,B better (within ±5pp),equivalent (±5pp),
pooled,edn-table,toon,primary,type:field-retrieval,92,0.994,0.9915,0.0024,-0.0036,0.0097,,,0,0,1.0,equivalent (±5pp),,
pooled,edn-table,toon,primary,track:mixed,135,0.8329,0.8469,-0.014,-0.0346,0.0041,-0.0495,0.0084,2,7,0.17969,equivalent (±5pp),equivalent (±5pp),
pooled,edn-table,toon,primary,shape:mixed,106,0.7935,0.8134,-0.0199,-0.0461,0.0021,-0.062,0.0072,2,7,0.17969,equivalent (±5pp),no detectable difference,
pooled,edn-table,toon,primary,type:structure-awareness,34,0.9183,0.9804,-0.0621,-0.1176,-0.0163,,,0,2,0.5,B better,,
pooled,edn-table,toon,primary,type:aggregation,62,0.5502,0.5753,-0.0251,-0.0609,0.0072,,,2,7,0.17969,no detectable difference,,
pooled,edn-table,toon,primary,shape:nested-config,29,0.977,0.9693,0.0077,-0.0077,0.0268,,,0,0,1.0,equivalent (±5pp),,
pooled,edn-table,toon,primary,informative,119,0.5042,0.549,-0.0448,-0.0822,-0.0112,-0.1111,-0.0025,5,16,0.0266,B better,B better,
pooled,edn-table-primer,edn-table,primary,overall,241,0.7547,0.7552,-0.0005,-0.0088,0.0074,-0.0102,0.0098,7,6,1.0,equivalent (±5pp),equivalent (±5pp),1.0
pooled,edn-table-primer,edn-table,primary,track:flat,106,0.6593,0.6562,0.0031,-0.0094,0.0168,-0.0118,0.0189,3,3,1.0,equivalent (±5pp),equivalent (±5pp),
pooled,edn-table-primer,edn-table,primary,shape:structural-validation,5,0.6,0.6,0.0,0.0,0.0,,,0,0,1.0,equivalent (±5pp),,
pooled,edn-table-primer,edn-table,primary,type:structural-validation,5,0.6,0.6,0.0,0.0,0.0,,,0,0,1.0,equivalent (±5pp),,
pooled,edn-table-primer,edn-table,primary,shape:uniform-tables,101,0.6623,0.659,0.0033,-0.0099,0.0176,-0.0111,0.0187,3,3,1.0,equivalent (±5pp),equivalent (±5pp),
pooled,edn-table-primer,edn-table,primary,type:filtering,48,0.456,0.463,-0.0069,-0.0347,0.0185,,,4,3,1.0,equivalent (±5pp),,
pooled,edn-table-primer,edn-table,primary,overall-excl-structural,236,0.758,0.7585,-0.0005,-0.0089,0.008,-0.0104,0.0094,7,6,1.0,equivalent (±5pp),equivalent (±5pp),
pooled,edn-table-primer,edn-table,primary,type:field-retrieval,92,0.9928,0.994,-0.0012,-0.0036,0.0,,,0,0,1.0,equivalent (±5pp),,
pooled,edn-table-primer,edn-table,primary,track:mixed,135,0.8296,0.8329,-0.0033,-0.014,0.0074,-0.0155,0.009,4,3,1.0,equivalent (±5pp),equivalent (±5pp),
pooled,edn-table-primer,edn-table,primary,shape:mixed,106,0.7925,0.7935,-0.001,-0.0136,0.0115,-0.0143,0.0123,4,2,0.6875,equivalent (±5pp),equivalent (±5pp),
pooled,edn-table-primer,edn-table,primary,type:structure-awareness,34,0.9379,0.9183,0.0196,-0.0065,0.049,,,1,0,1.0,equivalent (±5pp),,
pooled,edn-table-primer,edn-table,primary,type:aggregation,62,0.5448,0.5502,-0.0054,-0.0233,0.0108,,,2,3,1.0,equivalent (±5pp),,
pooled,edn-table-primer,edn-table,primary,shape:nested-config,29,0.9655,0.977,-0.0115,-0.0383,0.0077,,,0,1,1.0,equivalent (±5pp),,
pooled,edn-table-primer,edn-table,primary,informative,119,0.5033,0.5042,-0.0009,-0.0177,0.0159,-0.0235,0.0183,7,6,1.0,equivalent (±5pp),equivalent (±5pp),
pooled,edn-table-primer,toon,primary,overall,241,0.7547,0.7773,-0.0226,-0.041,-0.006,-0.054,-0.003,6,16,0.05248,B better (within ±5pp),B better,1.0
pooled,edn-table-primer,toon,primary,track:flat,106,0.6593,0.6887,-0.0294,-0.0639,-0.0,-0.1652,0.0044,4,10,0.17957,B better,no detectable difference,
pooled,edn-table-primer,toon,primary,shape:structural-validation,5,0.6,1.0,-0.4,-0.8,0.0,,,0,2,0.5,no detectable difference,,
pooled,edn-table-primer,toon,primary,type:structural-validation,5,0.6,1.0,-0.4,-0.8,0.0,,,0,2,0.5,no detectable difference,,
pooled,edn-table-primer,toon,primary,shape:uniform-tables,101,0.6623,0.6733,-0.011,-0.0319,0.0077,-0.0444,0.0187,4,8,0.3877,equivalent (±5pp),equivalent (±5pp),
pooled,edn-table-primer,toon,primary,type:filtering,48,0.456,0.4606,-0.0046,-0.037,0.0255,,,5,6,1.0,equivalent (±5pp),,
pooled,edn-table-primer,toon,primary,overall-excl-structural,236,0.758,0.7726,-0.0146,-0.0283,-0.0019,-0.0373,0.0033,6,14,0.11532,B better (within ±5pp),equivalent (±5pp),
pooled,edn-table-primer,toon,primary,type:field-retrieval,92,0.9928,0.9915,0.0012,-0.0048,0.0085,,,0,0,1.0,equivalent (±5pp),,
pooled,edn-table-primer,toon,primary,track:mixed,135,0.8296,0.8469,-0.0173,-0.037,-0.0008,-0.0495,0.0025,2,6,0.28906,B better (within ±5pp),equivalent (±5pp),
pooled,edn-table-primer,toon,primary,shape:mixed,106,0.7925,0.8134,-0.021,-0.0451,-0.001,-0.0574,0.0027,2,5,0.45312,B better (within ±5pp),no detectable difference,
pooled,edn-table-primer,toon,primary,type:structure-awareness,34,0.9379,0.9804,-0.0425,-0.0948,-0.0033,,,0,1,1.0,B better,,
pooled,edn-table-primer,toon,primary,type:aggregation,62,0.5448,0.5753,-0.0305,-0.0681,0.0018,,,1,7,0.07031,no detectable difference,,
pooled,edn-table-primer,toon,primary,shape:nested-config,29,0.9655,0.9693,-0.0038,-0.0307,0.0192,,,0,1,1.0,equivalent (±5pp),,
pooled,edn-table-primer,toon,primary,informative,119,0.5033,0.549,-0.0458,-0.0822,-0.014,-0.1111,-0.0062,6,16,0.05248,B better,B better,
pooled,edn-table-primer,json-compact,primary,overall,241,0.7547,0.752,0.0028,-0.0078,0.0134,-0.0124,0.0192,8,6,0.79053,equivalent (±5pp),equivalent (±5pp),1.0
pooled,edn-table-primer,json-compact,primary,track:flat,106,0.6593,0.652,0.0073,-0.0136,0.0283,-0.027,0.0433,3,2,1.0,equivalent (±5pp),equivalent (±5pp),
pooled,edn-table-primer,json-compact,primary,shape:structural-validation,5,0.6,0.6,0.0,0.0,0.0,,,0,0,1.0,equivalent (±5pp),,
pooled,edn-table-primer,json-compact,primary,type:structural-validation,5,0.6,0.6,0.0,0.0,0.0,,,0,0,1.0,equivalent (±5pp),,
pooled,edn-table-primer,json-compact,primary,shape:uniform-tables,101,0.6623,0.6546,0.0077,-0.0143,0.0297,-0.0259,0.0432,3,2,1.0,equivalent (±5pp),equivalent (±5pp),
pooled,edn-table-primer,json-compact,primary,type:filtering,48,0.456,0.4583,-0.0023,-0.0301,0.0255,,,6,4,0.75391,equivalent (±5pp),,
pooled,edn-table-primer,json-compact,primary,overall-excl-structural,236,0.758,0.7552,0.0028,-0.008,0.0141,-0.0123,0.0191,8,6,0.79053,equivalent (±5pp),equivalent (±5pp),
pooled,edn-table-primer,json-compact,primary,type:field-retrieval,92,0.9928,0.9976,-0.0048,-0.0109,0.0,,,0,0,1.0,equivalent (±5pp),,
pooled,edn-table-primer,json-compact,primary,track:mixed,135,0.8296,0.8305,-0.0008,-0.0099,0.0082,-0.0107,0.0084,5,4,1.0,equivalent (±5pp),equivalent (±5pp),
pooled,edn-table-primer,json-compact,primary,shape:mixed,106,0.7925,0.7945,-0.0021,-0.0136,0.0094,-0.0138,0.0086,5,3,0.72656,equivalent (±5pp),equivalent (±5pp),
pooled,edn-table-primer,json-compact,primary,type:structure-awareness,34,0.9379,0.9052,0.0327,-0.0065,0.0752,,,0,0,1.0,no detectable difference,,
pooled,edn-table-primer,json-compact,primary,type:aggregation,62,0.5448,0.543,0.0018,-0.0251,0.0251,,,2,2,1.0,equivalent (±5pp),,
pooled,edn-table-primer,json-compact,primary,shape:nested-config,29,0.9655,0.9617,0.0038,-0.0077,0.0192,,,0,1,1.0,equivalent (±5pp),,
pooled,edn-table-primer,json-compact,primary,informative,119,0.5033,0.4977,0.0056,-0.0168,0.0271,-0.0243,0.0399,8,6,0.79053,equivalent (±5pp),equivalent (±5pp),
pooled,edn-maps,toon,primary,overall,241,0.7529,0.7773,-0.0244,-0.0438,-0.0069,-0.0608,-0.004,7,17,0.06391,B better (within ±5pp),B better,1.0
pooled,edn-maps,toon,primary,track:flat,106,0.6551,0.6887,-0.0335,-0.0734,-0.001,-0.1862,-0.0011,5,10,0.30176,B better,B better,
pooled,edn-maps,toon,primary,shape:structural-validation,5,0.4667,1.0,-0.5333,-0.9333,-0.1333,,,0,3,0.25,B better,,
pooled,edn-maps,toon,primary,type:structural-validation,5,0.4667,1.0,-0.5333,-0.9333,-0.1333,,,0,3,0.25,B better,,
pooled,edn-maps,toon,primary,shape:uniform-tables,101,0.6645,0.6733,-0.0088,-0.0319,0.0132,-0.044,0.0143,5,7,0.77441,equivalent (±5pp),equivalent (±5pp),
pooled,edn-maps,toon,primary,type:filtering,48,0.4769,0.4606,0.0162,-0.0116,0.044,,,5,4,1.0,equivalent (±5pp),,
pooled,edn-maps,toon,primary,overall-excl-structural,236,0.7589,0.7726,-0.0137,-0.0282,-0.0,-0.0385,0.0039,7,14,0.18925,B better (within ±5pp),equivalent (±5pp),
pooled,edn-maps,toon,primary,type:field-retrieval,92,0.9988,0.9915,0.0072,0.0012,0.0157,,,0,0,1.0,A better (within ±5pp),,
pooled,edn-maps,toon,primary,track:mixed,135,0.8296,0.8469,-0.0173,-0.037,-0.0008,-0.0522,0.005,2,7,0.17969,B better (within ±5pp),no detectable difference,
pooled,edn-maps,toon,primary,shape:mixed,106,0.7893,0.8134,-0.0241,-0.0461,-0.0042,-0.065,0.0,2,7,0.17969,B better (within ±5pp),no detectable difference,
pooled,edn-maps,toon,primary,type:structure-awareness,34,0.8987,0.9804,-0.0817,-0.1405,-0.0294,,,0,2,0.5,B better,,
pooled,edn-maps,toon,primary,type:aggregation,62,0.5448,0.5753,-0.0305,-0.0645,0.0,,,2,8,0.10938,no detectable difference,,
pooled,edn-maps,toon,primary,shape:nested-config,29,0.977,0.9693,0.0077,-0.0077,0.0268,,,0,0,1.0,equivalent (±5pp),,
pooled,edn-maps,toon,primary,informative,119,0.4995,0.549,-0.0495,-0.0878,-0.0149,-0.1212,-0.0098,7,17,0.06391,B better,B better,
pooled,toon,json-compact,extra,overall,241,0.7773,0.752,0.0254,0.0088,0.0438,0.0079,0.0545,17,5,0.0169,A better (within ±5pp),A better,
pooled,toon,json-compact,extra,track:flat,106,0.6887,0.652,0.0367,0.0084,0.0713,0.0091,0.1562,9,2,0.06543,A better,A better,
pooled,toon,json-compact,extra,shape:structural-validation,5,1.0,0.6,0.4,0.0,0.8,,,2,0,0.5,no detectable difference,,
pooled,toon,json-compact,extra,type:structural-validation,5,1.0,0.6,0.4,0.0,0.8,,,2,0,0.5,no detectable difference,,
pooled,toon,json-compact,extra,shape:uniform-tables,101,0.6733,0.6546,0.0187,-0.0011,0.0385,0.0,0.0395,7,2,0.17969,equivalent (±5pp),equivalent (±5pp),
pooled,toon,json-compact,extra,type:filtering,48,0.4606,0.4583,0.0023,-0.0324,0.037,,,7,4,0.54883,equivalent (±5pp),,
pooled,toon,json-compact,extra,overall-excl-structural,236,0.7726,0.7552,0.0174,0.0038,0.0315,0.0028,0.0367,15,5,0.04139,A better (within ±5pp),A better (within ±5pp),
pooled,toon,json-compact,extra,type:field-retrieval,92,0.9915,0.9976,-0.006,-0.0145,0.0012,,,0,0,1.0,equivalent (±5pp),,
pooled,toon,json-compact,extra,track:mixed,135,0.8469,0.8305,0.0165,-0.0008,0.037,-0.0031,0.0478,8,3,0.22656,equivalent (±5pp),equivalent (±5pp),
pooled,toon,json-compact,extra,shape:mixed,106,0.8134,0.7945,0.0189,-0.0031,0.043,-0.0047,0.0576,8,3,0.22656,equivalent (±5pp),no detectable difference,
pooled,toon,json-compact,extra,type:structure-awareness,34,0.9804,0.9052,0.0752,0.0229,0.134,,,1,0,1.0,A better,,
pooled,toon,json-compact,extra,type:aggregation,62,0.5753,0.543,0.0323,0.0072,0.0627,,,7,1,0.07031,A better,,
pooled,toon,json-compact,extra,shape:nested-config,29,0.9693,0.9617,0.0077,-0.0192,0.0307,,,0,0,1.0,equivalent (±5pp),,
pooled,toon,json-compact,extra,informative,119,0.549,0.4977,0.0514,0.0177,0.0878,0.0178,0.1127,17,5,0.0169,A better,A better,
pooled,edn-table,json-compact,extra,overall,241,0.7552,0.752,0.0032,-0.0078,0.0143,-0.0122,0.0201,8,7,1.0,equivalent (±5pp),equivalent (±5pp),
pooled,edn-table,json-compact,extra,track:flat,106,0.6562,0.652,0.0042,-0.0157,0.0252,-0.027,0.043,3,2,1.0,equivalent (±5pp),equivalent (±5pp),
pooled,edn-table,json-compact,extra,shape:structural-validation,5,0.6,0.6,0.0,0.0,0.0,,,0,0,1.0,equivalent (±5pp),,
pooled,edn-table,json-compact,extra,type:structural-validation,5,0.6,0.6,0.0,0.0,0.0,,,0,0,1.0,equivalent (±5pp),,
pooled,edn-table,json-compact,extra,shape:uniform-tables,101,0.659,0.6546,0.0044,-0.0165,0.0264,-0.0259,0.0407,3,2,1.0,equivalent (±5pp),equivalent (±5pp),
pooled,edn-table,json-compact,extra,type:filtering,48,0.463,0.4583,0.0046,-0.0231,0.0324,,,6,5,1.0,equivalent (±5pp),,
pooled,edn-table,json-compact,extra,overall-excl-structural,236,0.7585,0.7552,0.0033,-0.0085,0.0146,-0.0122,0.0202,8,7,1.0,equivalent (±5pp),equivalent (±5pp),
pooled,edn-table,json-compact,extra,type:field-retrieval,92,0.994,0.9976,-0.0036,-0.0097,0.0,,,0,0,1.0,equivalent (±5pp),,
pooled,edn-table,json-compact,extra,track:mixed,135,0.8329,0.8305,0.0025,-0.0091,0.014,-0.012,0.0156,5,5,1.0,equivalent (±5pp),equivalent (±5pp),
pooled,edn-table,json-compact,extra,shape:mixed,106,0.7935,0.7945,-0.001,-0.0147,0.0126,-0.0168,0.0128,5,5,1.0,equivalent (±5pp),equivalent (±5pp),
pooled,edn-table,json-compact,extra,type:structure-awareness,34,0.9183,0.9052,0.0131,-0.0392,0.0654,,,0,1,1.0,no detectable difference,,
pooled,edn-table,json-compact,extra,type:aggregation,62,0.5502,0.543,0.0072,-0.0161,0.0287,,,2,1,1.0,equivalent (±5pp),,
pooled,edn-table,json-compact,extra,shape:nested-config,29,0.977,0.9617,0.0153,-0.0038,0.0383,,,0,0,1.0,equivalent (±5pp),,
pooled,edn-table,json-compact,extra,informative,119,0.5042,0.4977,0.0065,-0.0159,0.0299,-0.0231,0.0458,8,7,1.0,equivalent (±5pp),equivalent (±5pp),
pooled,edn-table,edn-maps,extra,overall,241,0.7552,0.7529,0.0023,-0.0097,0.0148,-0.0134,0.021,6,7,1.0,equivalent (±5pp),equivalent (±5pp),
pooled,edn-table,edn-maps,extra,track:flat,106,0.6562,0.6551,0.001,-0.021,0.0262,-0.0269,0.0781,4,5,1.0,equivalent (±5pp),no detectable difference,
pooled,edn-table,edn-maps,extra,shape:structural-validation,5,0.6,0.4667,0.1333,0.0,0.4,,,1,0,1.0,no detectable difference,,
pooled,edn-table,edn-maps,extra,type:structural-validation,5,0.6,0.4667,0.1333,0.0,0.4,,,1,0,1.0,no detectable difference,,
pooled,edn-table,edn-maps,extra,shape:uniform-tables,101,0.659,0.6645,-0.0055,-0.0253,0.0165,-0.033,0.0272,3,5,0.72656,equivalent (±5pp),equivalent (±5pp),
pooled,edn-table,edn-maps,extra,type:filtering,48,0.463,0.4769,-0.0139,-0.0417,0.0139,,,2,5,0.45312,equivalent (±5pp),,
pooled,edn-table,edn-maps,extra,overall-excl-structural,236,0.7585,0.7589,-0.0005,-0.0118,0.0108,-0.0158,0.0148,5,7,0.77441,equivalent (±5pp),equivalent (±5pp),
pooled,edn-table,edn-maps,extra,type:field-retrieval,92,0.994,0.9988,-0.0048,-0.0133,0.0012,,,0,0,1.0,equivalent (±5pp),,
pooled,edn-table,edn-maps,extra,track:mixed,135,0.8329,0.8296,0.0033,-0.0082,0.0148,-0.0107,0.0154,2,2,1.0,equivalent (±5pp),equivalent (±5pp),
pooled,edn-table,edn-maps,extra,shape:mixed,106,0.7935,0.7893,0.0042,-0.0105,0.0178,-0.0141,0.0187,2,2,1.0,equivalent (±5pp),equivalent (±5pp),
pooled,edn-table,edn-maps,extra,type:structure-awareness,34,0.9183,0.8987,0.0196,-0.0327,0.0752,,,1,1,1.0,no detectable difference,,
pooled,edn-table,edn-maps,extra,type:aggregation,62,0.5502,0.5448,0.0054,-0.0125,0.0233,,,2,1,1.0,equivalent (±5pp),,
pooled,edn-table,edn-maps,extra,shape:nested-config,29,0.977,0.977,-0.0,-0.0153,0.0192,,,0,0,1.0,equivalent (±5pp),,
pooled,edn-table,edn-maps,extra,informative,119,0.5042,0.4995,0.0047,-0.0196,0.0308,-0.0272,0.0448,6,7,1.0,equivalent (±5pp),equivalent (±5pp),
pooled,csv,toon,extra,overall,106,0.673,0.6887,-0.0157,-0.044,0.0084,-0.0991,0.0101,2,8,0.10938,equivalent (±5pp),no detectable difference,
pooled,csv,toon,extra,track:flat,106,0.673,0.6887,-0.0157,-0.0451,0.0084,-0.0961,0.0107,2,8,0.10938,equivalent (±5pp),no detectable difference,
pooled,csv,toon,extra,shape:structural-validation,5,0.8,1.0,-0.2,-0.6,0.0,,,0,1,1.0,no detectable difference,,
pooled,csv,toon,extra,type:structural-validation,5,0.8,1.0,-0.2,-0.6,0.0,,,0,1,1.0,no detectable difference,,
pooled,csv,toon,extra,shape:uniform-tables,101,0.6667,0.6733,-0.0066,-0.0264,0.0132,-0.0333,0.0159,2,7,0.17969,equivalent (±5pp),equivalent (±5pp),
pooled,csv,toon,extra,type:filtering,27,0.3868,0.3827,0.0041,-0.0453,0.0576,,,2,4,0.6875,no detectable difference,,
pooled,csv,toon,extra,overall-excl-structural,101,0.6667,0.6733,-0.0066,-0.0264,0.0132,-0.0346,0.0159,2,7,0.17969,equivalent (±5pp),equivalent (±5pp),
pooled,csv,toon,extra,type:field-retrieval,32,0.9965,0.9826,0.0139,-0.0035,0.0382,,,0,0,1.0,equivalent (±5pp),,
pooled,csv,toon,extra,type:structure-awareness,14,0.9762,0.9762,0.0,-0.0238,0.0238,,,0,0,1.0,equivalent (±5pp),,
pooled,csv,toon,extra,type:aggregation,28,0.4048,0.4484,-0.0437,-0.0913,-0.004,,,0,3,0.25,B better,,
pooled,csv,toon,extra,informative,67,0.4992,0.5075,-0.0083,-0.0381,0.0216,-0.0502,0.0284,2,7,0.17969,equivalent (±5pp),no detectable difference,
pooled,csv,edn-table,extra,overall,106,0.673,0.6562,0.0168,-0.0189,0.0545,-0.032,0.1081,4,4,1.0,no detectable difference,no detectable difference,
pooled,csv,edn-table,extra,track:flat,106,0.673,0.6562,0.0168,-0.0189,0.0535,-0.033,0.125,4,4,1.0,no detectable difference,no detectable difference,
pooled,csv,edn-table,extra,shape:structural-validation,5,0.8,0.6,0.2,-0.4,0.8,,,2,1,1.0,no detectable difference,,
pooled,csv,edn-table,extra,type:structural-validation,5,0.8,0.6,0.2,-0.4,0.8,,,2,1,1.0,no detectable difference,,
pooled,csv,edn-table,extra,shape:uniform-tables,101,0.6667,0.659,0.0077,-0.011,0.0253,-0.0173,0.0298,2,3,1.0,equivalent (±5pp),equivalent (±5pp),
pooled,csv,edn-table,extra,type:filtering,27,0.3868,0.3663,0.0206,-0.0206,0.0658,,,2,2,1.0,no detectable difference,,
pooled,csv,edn-table,extra,overall-excl-structural,101,0.6667,0.659,0.0077,-0.011,0.0253,-0.0176,0.0298,2,3,1.0,equivalent (±5pp),equivalent (±5pp),
pooled,csv,edn-table,extra,type:field-retrieval,32,0.9965,0.9896,0.0069,-0.0069,0.0243,,,0,0,1.0,equivalent (±5pp),,
pooled,csv,edn-table,extra,type:structure-awareness,14,0.9762,0.9444,0.0317,-0.0079,0.0873,,,0,0,1.0,no detectable difference,,
pooled,csv,edn-table,extra,type:aggregation,28,0.4048,0.4206,-0.0159,-0.0556,0.0119,,,0,1,1.0,no detectable difference,,
pooled,csv,edn-table,extra,informative,67,0.4992,0.4561,0.0431,-0.0,0.0945,-0.0054,0.2009,4,3,1.0,no detectable difference,no detectable difference,
pooled,csv,json-compact,extra,overall,106,0.673,0.652,0.021,-0.0147,0.0587,-0.027,0.1141,3,2,1.0,no detectable difference,no detectable difference,
pooled,csv,json-compact,extra,track:flat,106,0.673,0.652,0.021,-0.0157,0.0587,-0.0265,0.1201,3,2,1.0,no detectable difference,no detectable difference,
pooled,csv,json-compact,extra,shape:structural-validation,5,0.8,0.6,0.2,-0.4,0.8,,,2,1,1.0,no detectable difference,,
pooled,csv,json-compact,extra,type:structural-validation,5,0.8,0.6,0.2,-0.4,0.8,,,2,1,1.0,no detectable difference,,
pooled,csv,json-compact,extra,shape:uniform-tables,101,0.6667,0.6546,0.0121,-0.0077,0.0319,-0.0136,0.037,1,1,1.0,equivalent (±5pp),equivalent (±5pp),
pooled,csv,json-compact,extra,type:filtering,27,0.3868,0.3745,0.0123,-0.0247,0.0494,,,1,1,1.0,equivalent (±5pp),,
pooled,csv,json-compact,extra,overall-excl-structural,101,0.6667,0.6546,0.0121,-0.0077,0.0319,-0.0143,0.0374,1,1,1.0,equivalent (±5pp),equivalent (±5pp),
pooled,csv,json-compact,extra,type:field-retrieval,32,0.9965,1.0,-0.0035,-0.0104,0.0,,,0,0,1.0,equivalent (±5pp),,
pooled,csv,json-compact,extra,type:structure-awareness,14,0.9762,0.8968,0.0794,0.0079,0.1587,,,0,0,1.0,A better,,
pooled,csv,json-compact,extra,type:aggregation,28,0.4048,0.4087,-0.004,-0.0516,0.0357,,,0,0,1.0,no detectable difference,,
pooled,csv,json-compact,extra,informative,67,0.4992,0.4494,0.0498,0.005,0.1028,0.0,0.2222,3,1,0.625,A better,no detectable difference,
pooled,edn-table-lines,edn-table,layout,overall,135,0.8321,0.8329,-0.0008,-0.0123,0.0099,-0.014,0.0122,5,1,0.21875,equivalent (±5pp),equivalent (±5pp),
pooled,edn-table-lines,edn-table,layout,type:filtering,21,0.5714,0.5873,-0.0159,-0.0688,0.0317,,,2,1,1.0,no detectable difference,,
pooled,edn-table-lines,edn-table,layout,overall-excl-structural,135,0.8321,0.8329,-0.0008,-0.0115,0.0099,-0.014,0.0119,5,1,0.21875,equivalent (±5pp),equivalent (±5pp),
pooled,edn-table-lines,edn-table,layout,type:field-retrieval,60,0.9963,0.9963,0.0,0.0,0.0,,,0,0,1.0,equivalent (±5pp),,
pooled,edn-table-lines,edn-table,layout,track:mixed,135,0.8321,0.8329,-0.0008,-0.0115,0.0099,-0.0141,0.012,5,1,0.21875,equivalent (±5pp),equivalent (±5pp),
pooled,edn-table-lines,edn-table,layout,shape:mixed,106,0.7956,0.7935,0.0021,-0.0115,0.0147,-0.0127,0.0157,5,1,0.21875,equivalent (±5pp),equivalent (±5pp),
pooled,edn-table-lines,edn-table,layout,type:structure-awareness,20,0.9,0.9,0.0,-0.0333,0.0333,,,1,0,1.0,equivalent (±5pp),,
pooled,edn-table-lines,edn-table,layout,type:aggregation,34,0.6634,0.6569,0.0065,-0.0196,0.0294,,,2,0,0.5,equivalent (±5pp),,
pooled,edn-table-lines,edn-table,layout,shape:nested-config,29,0.9655,0.977,-0.0115,-0.0307,0.0077,,,0,0,1.0,equivalent (±5pp),,
pooled,edn-table-lines,edn-table,layout,informative,52,0.5641,0.5662,-0.0021,-0.0321,0.0256,-0.0595,0.0271,5,1,0.21875,equivalent (±5pp),no detectable difference,
pooled,edn-table-lines,toon,layout,overall,135,0.8321,0.8469,-0.0148,-0.0329,0.0016,-0.0456,0.0052,2,3,1.0,equivalent (±5pp),equivalent (±5pp),
pooled,edn-table-lines,toon,layout,type:filtering,21,0.5714,0.5608,0.0106,-0.0159,0.0423,,,1,0,1.0,equivalent (±5pp),,
pooled,edn-table-lines,toon,layout,overall-excl-structural,135,0.8321,0.8469,-0.0148,-0.0337,0.0016,-0.045,0.0046,2,3,1.0,equivalent (±5pp),equivalent (±5pp),
pooled,edn-table-lines,toon,layout,type:field-retrieval,60,0.9963,0.9963,0.0,-0.0056,0.0056,,,0,0,1.0,equivalent (±5pp),,
pooled,edn-table-lines,toon,layout,track:mixed,135,0.8321,0.8469,-0.0148,-0.0337,0.0016,-0.0456,0.0046,2,3,1.0,equivalent (±5pp),equivalent (±5pp),
pooled,edn-table-lines,toon,layout,shape:mixed,106,0.7956,0.8134,-0.0178,-0.0419,0.0021,-0.055,0.0058,2,3,1.0,equivalent (±5pp),no detectable difference,
pooled,edn-table-lines,toon,layout,type:structure-awareness,20,0.9,0.9833,-0.0833,-0.1667,-0.0167,,,0,1,1.0,B better,,
pooled,edn-table-lines,toon,layout,type:aggregation,34,0.6634,0.6797,-0.0163,-0.0686,0.0261,,,1,2,1.0,no detectable difference,,
pooled,edn-table-lines,toon,layout,shape:nested-config,29,0.9655,0.9693,-0.0038,-0.0268,0.0192,,,0,0,1.0,equivalent (±5pp),,
pooled,edn-table-lines,toon,layout,informative,52,0.5641,0.6026,-0.0385,-0.0855,0.0043,-0.1296,0.0106,2,3,1.0,no detectable difference,no detectable difference,
pooled,edn-table-lines,json-compact,layout,overall,135,0.8321,0.8305,0.0016,-0.0091,0.0132,-0.0108,0.0133,6,2,0.28906,equivalent (±5pp),equivalent (±5pp),
pooled,edn-table-lines,json-compact,layout,type:filtering,21,0.5714,0.5661,0.0053,-0.0529,0.0635,,,4,2,0.6875,no detectable difference,,
pooled,edn-table-lines,json-compact,layout,overall-excl-structural,135,0.8321,0.8305,0.0016,-0.0091,0.0132,-0.0106,0.0132,6,2,0.28906,equivalent (±5pp),equivalent (±5pp),
pooled,edn-table-lines,json-compact,layout,type:field-retrieval,60,0.9963,0.9963,0.0,0.0,0.0,,,0,0,1.0,equivalent (±5pp),,
pooled,edn-table-lines,json-compact,layout,track:mixed,135,0.8321,0.8305,0.0016,-0.0091,0.0132,-0.0105,0.0134,6,2,0.28906,equivalent (±5pp),equivalent (±5pp),
pooled,edn-table-lines,json-compact,layout,shape:mixed,106,0.7956,0.7945,0.001,-0.0136,0.0157,-0.014,0.0157,6,2,0.28906,equivalent (±5pp),equivalent (±5pp),
pooled,edn-table-lines,json-compact,layout,type:structure-awareness,20,0.9,0.9111,-0.0111,-0.0389,0.0111,,,0,0,1.0,equivalent (±5pp),,
pooled,edn-table-lines,json-compact,layout,type:aggregation,34,0.6634,0.6536,0.0098,-0.0065,0.0294,,,2,0,0.5,equivalent (±5pp),,
pooled,edn-table-lines,json-compact,layout,shape:nested-config,29,0.9655,0.9617,0.0038,0.0,0.0115,,,0,0,1.0,equivalent (±5pp),,
pooled,edn-table-lines,json-compact,layout,informative,52,0.5641,0.5598,0.0043,-0.0235,0.0342,-0.0347,0.0345,6,2,0.28906,equivalent (±5pp),equivalent (±5pp),
pooled-nr,edn-maps,json-compact,primary,overall,241,0.6355,0.6349,0.0007,-0.0159,0.0159,-0.0262,0.0216,4,4,1.0,equivalent (±5pp),equivalent (±5pp),
pooled-nr,edn-maps,json-compact,primary,track:flat,106,0.4969,0.4937,0.0031,-0.0299,0.033,-0.1081,0.0377,3,3,1.0,equivalent (±5pp),no detectable difference,
pooled-nr,edn-maps,json-compact,primary,shape:structural-validation,5,0.4,0.6,-0.2,-0.6,0.0,,,0,1,1.0,no detectable difference,,
pooled-nr,edn-maps,json-compact,primary,type:structural-validation,5,0.4,0.6,-0.2,-0.6,0.0,,,0,1,1.0,no detectable difference,,
pooled-nr,edn-maps,json-compact,primary,shape:uniform-tables,101,0.5017,0.4884,0.0132,-0.0132,0.038,-0.0334,0.0446,3,2,1.0,equivalent (±5pp),equivalent (±5pp),
pooled-nr,edn-maps,json-compact,primary,type:filtering,48,0.2188,0.1875,0.0312,-0.0069,0.0694,,,0,0,1.0,no detectable difference,,
pooled-nr,edn-maps,json-compact,primary,overall-excl-structural,236,0.6405,0.6356,0.0049,-0.0092,0.0191,-0.0181,0.025,4,3,1.0,equivalent (±5pp),equivalent (±5pp),
pooled-nr,edn-maps,json-compact,primary,type:field-retrieval,92,0.9982,0.9964,0.0018,-0.0054,0.0109,,,0,0,1.0,equivalent (±5pp),,
pooled-nr,edn-maps,json-compact,primary,track:mixed,135,0.7444,0.7457,-0.0012,-0.0173,0.0148,-0.0231,0.019,1,1,1.0,equivalent (±5pp),equivalent (±5pp),
pooled-nr,edn-maps,json-compact,primary,shape:mixed,106,0.684,0.6918,-0.0079,-0.0268,0.011,-0.0309,0.0125,1,1,1.0,equivalent (±5pp),equivalent (±5pp),
pooled-nr,edn-maps,json-compact,primary,type:structure-awareness,34,0.848,0.8578,-0.0098,-0.0686,0.0441,,,3,2,1.0,no detectable difference,,
pooled-nr,edn-maps,json-compact,primary,type:aggregation,62,0.3226,0.3253,-0.0027,-0.0349,0.0269,,,1,1,1.0,equivalent (±5pp),,
pooled-nr,edn-maps,json-compact,primary,shape:nested-config,29,0.9655,0.9425,0.023,0.0057,0.046,,,0,0,1.0,A better (within ±5pp),,
pooled-nr,edn-maps,json-compact,primary,informative,92,0.3388,0.337,0.0018,-0.0417,0.0435,-0.0682,0.0591,4,4,1.0,equivalent (±5pp),no detectable difference,
pooled-nr,edn-table,toon,primary,overall,241,0.6418,0.668,-0.0263,-0.0498,-0.0048,-0.0675,0.0026,0,8,0.00781,B better (within ±5pp),no detectable difference,
pooled-nr,edn-table,toon,primary,track:flat,106,0.5031,0.5377,-0.0346,-0.0723,-0.0016,-0.1532,0.0101,0,4,0.125,B better,no detectable difference,
pooled-nr,edn-table,toon,primary,shape:structural-validation,5,0.6,1.0,-0.4,-0.8,0.0,,,0,2,0.5,no detectable difference,,
pooled-nr,edn-table,toon,primary,type:structural-validation,5,0.6,1.0,-0.4,-0.8,0.0,,,0,2,0.5,no detectable difference,,
pooled-nr,edn-table,toon,primary,shape:uniform-tables,101,0.4983,0.5149,-0.0165,-0.0429,0.0083,-0.0545,0.0278,0,2,0.5,equivalent (±5pp),no detectable difference,
pooled-nr,edn-table,toon,primary,type:filtering,48,0.2049,0.1944,0.0104,-0.0347,0.0556,,,0,0,1.0,no detectable difference,,
pooled-nr,edn-table,toon,primary,overall-excl-structural,236,0.6427,0.661,-0.0184,-0.0388,0.0007,-0.0535,0.0101,0,6,0.03125,equivalent (±5pp),no detectable difference,
pooled-nr,edn-table,toon,primary,type:field-retrieval,92,0.9909,0.9873,0.0036,-0.0054,0.0145,,,0,0,1.0,equivalent (±5pp),,
pooled-nr,edn-table,toon,primary,track:mixed,135,0.7506,0.7704,-0.0198,-0.0506,0.0074,-0.0743,0.0148,0,4,0.125,no detectable difference,no detectable difference,
pooled-nr,edn-table,toon,primary,shape:mixed,106,0.6918,0.7201,-0.0283,-0.066,0.0063,-0.0915,0.0129,0,4,0.125,no detectable difference,no detectable difference,
pooled-nr,edn-table,toon,primary,type:structure-awareness,34,0.8775,0.9706,-0.0931,-0.1766,-0.0245,,,0,4,0.125,B better,,
pooled-nr,edn-table,toon,primary,type:aggregation,62,0.336,0.3683,-0.0323,-0.0833,0.0134,,,0,2,0.5,no detectable difference,,
pooled-nr,edn-table,toon,primary,shape:nested-config,29,0.9655,0.954,0.0115,-0.0115,0.0402,,,0,0,1.0,equivalent (±5pp),,
pooled-nr,edn-table,toon,primary,informative,92,0.3551,0.4239,-0.0688,-0.1286,-0.0127,-0.1646,0.0066,0,8,0.00781,B better,no detectable difference,
pooled-nr,edn-table-primer,edn-table,primary,overall,241,0.6411,0.6418,-0.0007,-0.0124,0.0111,-0.0155,0.0143,2,0,0.5,equivalent (±5pp),equivalent (±5pp),
pooled-nr,edn-table-primer,edn-table,primary,track:flat,106,0.5047,0.5031,0.0016,-0.0157,0.0204,-0.0202,0.0269,1,0,1.0,equivalent (±5pp),equivalent (±5pp),
pooled-nr,edn-table-primer,edn-table,primary,shape:structural-validation,5,0.6,0.6,0.0,0.0,0.0,,,0,0,1.0,equivalent (±5pp),,
pooled-nr,edn-table-primer,edn-table,primary,type:structural-validation,5,0.6,0.6,0.0,0.0,0.0,,,0,0,1.0,equivalent (±5pp),,
pooled-nr,edn-table-primer,edn-table,primary,shape:uniform-tables,101,0.5,0.4983,0.0017,-0.0165,0.0215,-0.0204,0.0268,1,0,1.0,equivalent (±5pp),equivalent (±5pp),
pooled-nr,edn-table-primer,edn-table,primary,type:filtering,48,0.1944,0.2049,-0.0104,-0.0486,0.0278,,,0,0,1.0,equivalent (±5pp),,
pooled-nr,edn-table-primer,edn-table,primary,overall-excl-structural,236,0.6419,0.6427,-0.0007,-0.0127,0.0113,-0.0154,0.0142,2,0,0.5,equivalent (±5pp),equivalent (±5pp),
pooled-nr,edn-table-primer,edn-table,primary,type:field-retrieval,92,0.9891,0.9909,-0.0018,-0.0054,0.0,,,0,0,1.0,equivalent (±5pp),,
pooled-nr,edn-table-primer,edn-table,primary,track:mixed,135,0.7481,0.7506,-0.0025,-0.0185,0.0136,-0.0217,0.0159,1,0,1.0,equivalent (±5pp),equivalent (±5pp),
pooled-nr,edn-table-primer,edn-table,primary,shape:mixed,106,0.6934,0.6918,0.0016,-0.0173,0.0189,-0.0193,0.021,1,0,1.0,equivalent (±5pp),equivalent (±5pp),
pooled-nr,edn-table-primer,edn-table,primary,type:structure-awareness,34,0.9069,0.8775,0.0294,-0.0098,0.0784,,,2,0,0.5,no detectable difference,,
pooled-nr,edn-table-primer,edn-table,primary,type:aggregation,62,0.328,0.336,-0.0081,-0.0323,0.0134,,,0,0,1.0,equivalent (±5pp),,
pooled-nr,edn-table-primer,edn-table,primary,shape:nested-config,29,0.9483,0.9655,-0.0172,-0.0517,0.0115,,,0,0,1.0,no detectable difference,,
pooled-nr,edn-table-primer,edn-table,primary,informative,92,0.3533,0.3551,-0.0018,-0.0326,0.029,-0.045,0.0347,2,0,0.5,equivalent (±5pp),equivalent (±5pp),
pooled-nr,edn-table-primer,toon,primary,overall,241,0.6411,0.668,-0.027,-0.0498,-0.0062,-0.066,-0.0008,0,6,0.03125,B better (within ±5pp),B better,
pooled-nr,edn-table-primer,toon,primary,track:flat,106,0.5047,0.5377,-0.033,-0.0723,0.0016,-0.1847,0.0079,0,3,0.25,no detectable difference,no detectable difference,
pooled-nr,edn-table-primer,toon,primary,shape:structural-validation,5,0.6,1.0,-0.4,-0.8,0.0,,,0,2,0.5,no detectable difference,,
pooled-nr,edn-table-primer,toon,primary,type:structural-validation,5,0.6,1.0,-0.4,-0.8,0.0,,,0,2,0.5,no detectable difference,,
pooled-nr,edn-table-primer,toon,primary,shape:uniform-tables,101,0.5,0.5149,-0.0149,-0.0446,0.0116,-0.0594,0.0248,0,1,1.0,equivalent (±5pp),no detectable difference,
pooled-nr,edn-table-primer,toon,primary,type:filtering,48,0.1944,0.1944,-0.0,-0.0451,0.0417,,,0,0,1.0,equivalent (±5pp),,
pooled-nr,edn-table-primer,toon,primary,overall-excl-structural,236,0.6419,0.661,-0.0191,-0.0388,-0.0007,-0.0514,0.0059,0,4,0.125,B better (within ±5pp),no detectable difference,
pooled-nr,edn-table-primer,toon,primary,type:field-retrieval,92,0.9891,0.9873,0.0018,-0.0072,0.0127,,,0,0,1.0,equivalent (±5pp),,
pooled-nr,edn-table-primer,toon,primary,track:mixed,135,0.7481,0.7704,-0.0222,-0.0506,0.0025,-0.0693,0.0074,0,3,0.25,no detectable difference,no detectable difference,
pooled-nr,edn-table-primer,toon,primary,shape:mixed,106,0.6934,0.7201,-0.0267,-0.0629,0.0031,-0.0841,0.0094,0,3,0.25,no detectable difference,no detectable difference,
pooled-nr,edn-table-primer,toon,primary,type:structure-awareness,34,0.9069,0.9706,-0.0637,-0.1422,-0.0049,,,0,2,0.5,B better,,
pooled-nr,edn-table-primer,toon,primary,type:aggregation,62,0.328,0.3683,-0.0403,-0.0968,0.0054,,,0,2,0.5,no detectable difference,,
pooled-nr,edn-table-primer,toon,primary,shape:nested-config,29,0.9483,0.954,-0.0057,-0.046,0.0345,,,0,0,1.0,equivalent (±5pp),,
pooled-nr,edn-table-primer,toon,primary,informative,92,0.3533,0.4239,-0.0707,-0.1304,-0.0163,-0.169,-0.0044,0,6,0.03125,B better,B better,
pooled-nr,edn-table-primer,json-compact,primary,overall,241,0.6411,0.6349,0.0062,-0.009,0.0214,-0.0164,0.0283,6,1,0.125,equivalent (±5pp),equivalent (±5pp),
pooled-nr,edn-table-primer,json-compact,primary,track:flat,106,0.5047,0.4937,0.011,-0.0204,0.0409,-0.0404,0.0606,5,1,0.21875,equivalent (±5pp),no detectable difference,
pooled-nr,edn-table-primer,json-compact,primary,shape:structural-validation,5,0.6,0.6,0.0,0.0,0.0,,,0,0,1.0,equivalent (±5pp),,
pooled-nr,edn-table-primer,json-compact,primary,type:structural-validation,5,0.6,0.6,0.0,0.0,0.0,,,0,0,1.0,equivalent (±5pp),,
pooled-nr,edn-table-primer,json-compact,primary,shape:uniform-tables,101,0.5,0.4884,0.0116,-0.0215,0.0429,-0.0389,0.0594,5,1,0.21875,equivalent (±5pp),no detectable difference,
pooled-nr,edn-table-primer,json-compact,primary,type:filtering,48,0.1944,0.1875,0.0069,-0.0312,0.0486,,,0,0,1.0,equivalent (±5pp),,
pooled-nr,edn-table-primer,json-compact,primary,overall-excl-structural,236,0.6419,0.6356,0.0064,-0.0092,0.0219,-0.0155,0.029,6,1,0.125,equivalent (±5pp),equivalent (±5pp),
pooled-nr,edn-table-primer,json-compact,primary,type:field-retrieval,92,0.9891,0.9964,-0.0072,-0.0163,0.0,,,0,0,1.0,equivalent (±5pp),,
pooled-nr,edn-table-primer,json-compact,primary,track:mixed,135,0.7481,0.7457,0.0025,-0.0111,0.0148,-0.012,0.0155,1,0,1.0,equivalent (±5pp),equivalent (±5pp),
pooled-nr,edn-table-primer,json-compact,primary,shape:mixed,106,0.6934,0.6918,0.0016,-0.0142,0.0173,-0.0163,0.0174,1,0,1.0,equivalent (±5pp),equivalent (±5pp),
pooled-nr,edn-table-primer,json-compact,primary,type:structure-awareness,34,0.9069,0.8578,0.049,-0.0098,0.1127,,,5,0,0.0625,no detectable difference,,
pooled-nr,edn-table-primer,json-compact,primary,type:aggregation,62,0.328,0.3253,0.0027,-0.0349,0.0323,,,1,1,1.0,equivalent (±5pp),,
pooled-nr,edn-table-primer,json-compact,primary,shape:nested-config,29,0.9483,0.9425,0.0057,-0.0115,0.023,,,0,0,1.0,equivalent (±5pp),,
pooled-nr,edn-table-primer,json-compact,primary,informative,92,0.3533,0.337,0.0163,-0.0236,0.0562,-0.0417,0.0746,6,1,0.125,no detectable difference,no detectable difference,
pooled-nr,edn-maps,toon,primary,overall,241,0.6355,0.668,-0.0325,-0.0581,-0.009,-0.0802,-0.004,0,11,0.00098,B better,B better,
pooled-nr,edn-maps,toon,primary,track:flat,106,0.4969,0.5377,-0.0409,-0.0881,-0.0,-0.2072,0.0008,0,7,0.01562,B better,no detectable difference,
pooled-nr,edn-maps,toon,primary,shape:structural-validation,5,0.4,1.0,-0.6,-1.0,-0.2,,,0,3,0.25,B better,,
pooled-nr,edn-maps,toon,primary,type:structural-validation,5,0.4,1.0,-0.6,-1.0,-0.2,,,0,3,0.25,B better,,
pooled-nr,edn-maps,toon,primary,shape:uniform-tables,101,0.5017,0.5149,-0.0132,-0.0479,0.0198,-0.0644,0.0215,0,4,0.125,equivalent (±5pp),no detectable difference,
pooled-nr,edn-maps,toon,primary,type:filtering,48,0.2188,0.1944,0.0243,-0.0174,0.066,,,0,0,1.0,no detectable difference,,
pooled-nr,edn-maps,toon,primary,overall-excl-structural,236,0.6405,0.661,-0.0205,-0.0424,-0.0007,-0.0568,0.0057,0,8,0.00781,B better (within ±5pp),no detectable difference,
pooled-nr,edn-maps,toon,primary,type:field-retrieval,92,0.9982,0.9873,0.0109,0.0018,0.0236,,,0,0,1.0,A better (within ±5pp),,
pooled-nr,edn-maps,toon,primary,track:mixed,135,0.7444,0.7704,-0.0259,-0.0543,-0.0012,-0.0781,0.0075,0,4,0.125,B better,no detectable difference,
pooled-nr,edn-maps,toon,primary,shape:mixed,106,0.684,0.7201,-0.0362,-0.0723,-0.0063,-0.0966,0.0,0,4,0.125,B better,no detectable difference,
pooled-nr,edn-maps,toon,primary,type:structure-awareness,34,0.848,0.9706,-0.1225,-0.2157,-0.0441,,,0,6,0.03125,B better,,
pooled-nr,edn-maps,toon,primary,type:aggregation,62,0.3226,0.3683,-0.0457,-0.0968,-0.0027,,,0,2,0.5,B better,,
pooled-nr,edn-maps,toon,primary,shape:nested-config,29,0.9655,0.954,0.0115,-0.0115,0.0402,,,0,0,1.0,equivalent (±5pp),,
pooled-nr,edn-maps,toon,primary,informative,92,0.3388,0.4239,-0.0851,-0.1522,-0.0254,-0.2,-0.0139,0,11,0.00098,B better,B better,
pooled-nr,toon,json-compact,extra,overall,241,0.668,0.6349,0.0332,0.0111,0.0567,0.0097,0.0693,11,0,0.00098,A better,A better,
pooled-nr,toon,json-compact,extra,track:flat,106,0.5377,0.4937,0.044,0.0094,0.0833,0.0103,0.1622,7,0,0.01562,A better,A better,
pooled-nr,toon,json-compact,extra,shape:structural-validation,5,1.0,0.6,0.4,0.0,0.8,,,2,0,0.5,no detectable difference,,
pooled-nr,toon,json-compact,extra,type:structural-validation,5,1.0,0.6,0.4,0.0,0.8,,,2,0,0.5,no detectable difference,,
pooled-nr,toon,json-compact,extra,shape:uniform-tables,101,0.5149,0.4884,0.0264,-0.0017,0.0561,-0.0017,0.0561,5,0,0.0625,no detectable difference,no detectable difference,
pooled-nr,toon,json-compact,extra,type:filtering,48,0.1944,0.1875,0.0069,-0.0417,0.0556,,,0,0,1.0,no detectable difference,,
pooled-nr,toon,json-compact,extra,overall-excl-structural,236,0.661,0.6356,0.0254,0.0056,0.0466,0.0032,0.0548,9,0,0.00391,A better (within ±5pp),A better,
pooled-nr,toon,json-compact,extra,type:field-retrieval,92,0.9873,0.9964,-0.0091,-0.0217,0.0018,,,0,0,1.0,equivalent (±5pp),,
pooled-nr,toon,json-compact,extra,track:mixed,135,0.7704,0.7457,0.0247,-0.0025,0.0543,-0.0042,0.0699,4,0,0.125,no detectable difference,no detectable difference,
pooled-nr,toon,json-compact,extra,shape:mixed,106,0.7201,0.6918,0.0283,-0.0047,0.066,-0.0062,0.086,4,0,0.125,no detectable difference,no detectable difference,
pooled-nr,toon,json-compact,extra,type:structure-awareness,34,0.9706,0.8578,0.1127,0.0343,0.201,,,7,0,0.01562,A better,,
pooled-nr,toon,json-compact,extra,type:aggregation,62,0.3683,0.3253,0.043,0.0054,0.086,,,2,0,0.5,A better,,
pooled-nr,toon,json-compact,extra,shape:nested-config,29,0.954,0.9425,0.0115,-0.023,0.046,,,0,0,1.0,equivalent (±5pp),,
pooled-nr,toon,json-compact,extra,informative,92,0.4239,0.337,0.087,0.029,0.1486,0.0291,0.1742,11,0,0.00098,A better,A better,
pooled-nr,edn-table,json-compact,extra,overall,241,0.6418,0.6349,0.0069,-0.0097,0.0228,-0.0154,0.0322,6,3,0.50781,equivalent (±5pp),equivalent (±5pp),
pooled-nr,edn-table,json-compact,extra,track:flat,106,0.5031,0.4937,0.0094,-0.0189,0.0393,-0.0354,0.0649,5,2,0.45312,equivalent (±5pp),no detectable difference,
pooled-nr,edn-table,json-compact,extra,shape:structural-validation,5,0.6,0.6,0.0,0.0,0.0,,,0,0,1.0,equivalent (±5pp),,
pooled-nr,edn-table,json-compact,extra,type:structural-validation,5,0.6,0.6,0.0,0.0,0.0,,,0,0,1.0,equivalent (±5pp),,
pooled-nr,edn-table,json-compact,extra,shape:uniform-tables,101,0.4983,0.4884,0.0099,-0.0215,0.0413,-0.0342,0.0611,5,2,0.45312,equivalent (±5pp),no detectable difference,
pooled-nr,edn-table,json-compact,extra,type:filtering,48,0.2049,0.1875,0.0174,-0.0208,0.059,,,0,0,1.0,no detectable difference,,
pooled-nr,edn-table,json-compact,extra,overall-excl-structural,236,0.6427,0.6356,0.0071,-0.0092,0.0233,-0.015,0.0313,6,3,0.50781,equivalent (±5pp),equivalent (±5pp),
pooled-nr,edn-table,json-compact,extra,type:field-retrieval,92,0.9909,0.9964,-0.0054,-0.0145,0.0,,,0,0,1.0,equivalent (±5pp),,
pooled-nr,edn-table,json-compact,extra,track:mixed,135,0.7506,0.7457,0.0049,-0.0123,0.0222,-0.017,0.024,1,1,1.0,equivalent (±5pp),equivalent (±5pp),
pooled-nr,edn-table,json-compact,extra,shape:mixed,106,0.6918,0.6918,0.0,-0.0204,0.0204,-0.0241,0.0214,1,1,1.0,equivalent (±5pp),equivalent (±5pp),
pooled-nr,edn-table,json-compact,extra,type:structure-awareness,34,0.8775,0.8578,0.0196,-0.0539,0.098,,,5,2,0.45312,no detectable difference,,
pooled-nr,edn-table,json-compact,extra,type:aggregation,62,0.336,0.3253,0.0108,-0.0215,0.043,,,1,1,1.0,equivalent (±5pp),,
pooled-nr,edn-table,json-compact,extra,shape:nested-config,29,0.9655,0.9425,0.023,-0.0057,0.0575,,,0,0,1.0,no detectable difference,,
pooled-nr,edn-table,json-compact,extra,informative,92,0.3551,0.337,0.0181,-0.0236,0.0598,-0.0395,0.0863,6,3,0.50781,no detectable difference,no detectable difference,
pooled-nr,edn-table,edn-maps,extra,overall,241,0.6418,0.6355,0.0062,-0.0111,0.0249,-0.0193,0.0341,5,2,0.45312,equivalent (±5pp),equivalent (±5pp),
pooled-nr,edn-table,edn-maps,extra,track:flat,106,0.5031,0.4969,0.0063,-0.0267,0.0425,-0.0378,0.1126,4,1,0.375,equivalent (±5pp),no detectable difference,
pooled-nr,edn-table,edn-maps,extra,shape:structural-validation,5,0.6,0.4,0.2,0.0,0.6,,,1,0,1.0,no detectable difference,,
pooled-nr,edn-table,edn-maps,extra,type:structural-validation,5,0.6,0.4,0.2,0.0,0.6,,,1,0,1.0,no detectable difference,,
pooled-nr,edn-table,edn-maps,extra,shape:uniform-tables,101,0.4983,0.5017,-0.0033,-0.033,0.0281,-0.0461,0.0481,3,1,0.625,equivalent (±5pp),equivalent (±5pp),
pooled-nr,edn-table,edn-maps,extra,type:filtering,48,0.2049,0.2188,-0.0139,-0.0521,0.0243,,,0,0,1.0,no detectable difference,,
pooled-nr,edn-table,edn-maps,extra,overall-excl-structural,236,0.6427,0.6405,0.0021,-0.0141,0.0184,-0.0223,0.0257,4,2,0.6875,equivalent (±5pp),equivalent (±5pp),
pooled-nr,edn-table,edn-maps,extra,type:field-retrieval,92,0.9909,0.9982,-0.0072,-0.0199,0.0018,,,0,0,1.0,equivalent (±5pp),,
pooled-nr,edn-table,edn-maps,extra,track:mixed,135,0.7506,0.7444,0.0062,-0.0111,0.0235,-0.0149,0.0241,1,1,1.0,equivalent (±5pp),equivalent (±5pp),
pooled-nr,edn-table,edn-maps,extra,shape:mixed,106,0.6918,0.684,0.0079,-0.0126,0.0283,-0.0193,0.029,1,1,1.0,equivalent (±5pp),equivalent (±5pp),
pooled-nr,edn-table,edn-maps,extra,type:structure-awareness,34,0.8775,0.848,0.0294,-0.049,0.1127,,,4,2,0.6875,no detectable difference,,
pooled-nr,edn-table,edn-maps,extra,type:aggregation,62,0.336,0.3226,0.0134,-0.0108,0.0376,,,0,0,1.0,equivalent (±5pp),,
pooled-nr,edn-table,edn-maps,extra,shape:nested-config,29,0.9655,0.9655,0.0,-0.023,0.0287,,,0,0,1.0,equivalent (±5pp),,
pooled-nr,edn-table,edn-maps,extra,informative,92,0.3551,0.3388,0.0163,-0.0308,0.0652,-0.0472,0.093,5,2,0.45312,no detectable difference,no detectable difference,
pooled-nr,csv,toon,extra,overall,106,0.5236,0.5377,-0.0142,-0.0472,0.0173,-0.1077,0.0193,1,2,1.0,equivalent (±5pp),no detectable difference,
pooled-nr,csv,toon,extra,track:flat,106,0.5236,0.5377,-0.0142,-0.0472,0.0157,-0.1127,0.0194,1,2,1.0,equivalent (±5pp),no detectable difference,
pooled-nr,csv,toon,extra,shape:structural-validation,5,0.8,1.0,-0.2,-0.6,0.0,,,0,1,1.0,no detectable difference,,
pooled-nr,csv,toon,extra,type:structural-validation,5,0.8,1.0,-0.2,-0.6,0.0,,,0,1,1.0,no detectable difference,,
pooled-nr,csv,toon,extra,shape:uniform-tables,101,0.5099,0.5149,-0.005,-0.033,0.0231,-0.0444,0.0264,1,1,1.0,equivalent (±5pp),equivalent (±5pp),
pooled-nr,csv,toon,extra,type:filtering,27,0.0926,0.0802,0.0123,-0.0556,0.0864,,,1,0,1.0,no detectable difference,,
pooled-nr,csv,toon,extra,overall-excl-structural,101,0.5099,0.5149,-0.005,-0.033,0.0231,-0.0446,0.0259,1,1,1.0,equivalent (±5pp),equivalent (±5pp),
pooled-nr,csv,toon,extra,type:field-retrieval,32,0.9948,0.974,0.0208,-0.0052,0.0573,,,0,0,1.0,no detectable difference,,
pooled-nr,csv,toon,extra,type:structure-awareness,14,0.9643,0.9643,0.0,-0.0357,0.0357,,,0,0,1.0,equivalent (±5pp),,
pooled-nr,csv,toon,extra,type:aggregation,28,0.131,0.1845,-0.0536,-0.119,0.0,,,0,1,1.0,no detectable difference,,
pooled-nr,csv,toon,extra,informative,46,0.3768,0.3913,-0.0145,-0.0761,0.0435,-0.1015,0.0507,1,1,1.0,no detectable difference,no detectable difference,
pooled-nr,csv,edn-table,extra,overall,106,0.5236,0.5031,0.0204,-0.0189,0.0613,-0.0321,0.1126,4,1,0.375,no detectable difference,no detectable difference,
pooled-nr,csv,edn-table,extra,track:flat,106,0.5236,0.5031,0.0204,-0.0173,0.0597,-0.0315,0.125,4,1,0.375,no detectable difference,no detectable difference,
pooled-nr,csv,edn-table,extra,shape:structural-validation,5,0.8,0.6,0.2,-0.4,0.8,,,2,1,1.0,no detectable difference,,
pooled-nr,csv,edn-table,extra,type:structural-validation,5,0.8,0.6,0.2,-0.4,0.8,,,2,1,1.0,no detectable difference,,
pooled-nr,csv,edn-table,extra,shape:uniform-tables,101,0.5099,0.4983,0.0116,-0.0116,0.0363,-0.0185,0.0432,2,0,0.5,equivalent (±5pp),equivalent (±5pp),
pooled-nr,csv,edn-table,extra,type:filtering,27,0.0926,0.0679,0.0247,-0.037,0.0926,,,1,0,1.0,no detectable difference,,
pooled-nr,csv,edn-table,extra,overall-excl-structural,101,0.5099,0.4983,0.0116,-0.0116,0.0363,-0.0185,0.0434,2,0,0.5,equivalent (±5pp),equivalent (±5pp),
pooled-nr,csv,edn-table,extra,type:field-retrieval,32,0.9948,0.9844,0.0104,-0.0104,0.0365,,,0,0,1.0,equivalent (±5pp),,
pooled-nr,csv,edn-table,extra,type:structure-awareness,14,0.9643,0.9167,0.0476,-0.0238,0.131,,,1,0,1.0,no detectable difference,,
pooled-nr,csv,edn-table,extra,type:aggregation,28,0.131,0.1488,-0.0179,-0.0476,0.0119,,,0,0,1.0,equivalent (±5pp),,
pooled-nr,csv,edn-table,extra,informative,46,0.3768,0.3116,0.0652,-0.0072,0.1449,-0.0133,0.2745,4,0,0.125,no detectable difference,no detectable difference,
pooled-nr,csv,json-compact,extra,overall,106,0.5236,0.4937,0.0299,-0.011,0.0723,-0.0281,0.1306,8,2,0.10938,no detectable difference,no detectable difference,
pooled-nr,csv,json-compact,extra,track:flat,106,0.5236,0.4937,0.0299,-0.011,0.0723,-0.0256,0.1261,8,2,0.10938,no detectable difference,no detectable difference,
pooled-nr,csv,json-compact,extra,shape:structural-validation,5,0.8,0.6,0.2,-0.4,0.8,,,2,1,1.0,no detectable difference,,
pooled-nr,csv,json-compact,extra,type:structural-validation,5,0.8,0.6,0.2,-0.4,0.8,,,2,1,1.0,no detectable difference,,
pooled-nr,csv,json-compact,extra,shape:uniform-tables,101,0.5099,0.4884,0.0215,-0.0066,0.0495,-0.0182,0.0578,6,1,0.125,equivalent (±5pp),no detectable difference,
pooled-nr,csv,json-compact,extra,type:filtering,27,0.0926,0.0617,0.0309,-0.0185,0.0864,,,1,0,1.0,no detectable difference,,
pooled-nr,csv,json-compact,extra,overall-excl-structural,101,0.5099,0.4884,0.0215,-0.0066,0.0495,-0.0182,0.058,6,1,0.125,equivalent (±5pp),no detectable difference,
pooled-nr,csv,json-compact,extra,type:field-retrieval,32,0.9948,1.0,-0.0052,-0.0156,0.0,,,0,0,1.0,equivalent (±5pp),,
pooled-nr,csv,json-compact,extra,type:structure-awareness,14,0.9643,0.8452,0.119,0.0119,0.2381,,,4,0,0.125,A better,,
pooled-nr,csv,json-compact,extra,type:aggregation,28,0.131,0.1369,-0.006,-0.0714,0.0417,,,1,1,1.0,no detectable difference,,
pooled-nr,csv,json-compact,extra,informative,46,0.3768,0.2899,0.087,0.0072,0.1703,-0.0,0.3137,8,1,0.03906,A better,no detectable difference,
pooled-nr,edn-table-lines,edn-table,layout,overall,135,0.7481,0.7506,-0.0025,-0.0198,0.0136,-0.0215,0.0172,2,1,1.0,equivalent (±5pp),equivalent (±5pp),
pooled-nr,edn-table-lines,edn-table,layout,type:filtering,21,0.3571,0.381,-0.0238,-0.1032,0.0476,,,1,0,1.0,no detectable difference,,
pooled-nr,edn-table-lines,edn-table,layout,overall-excl-structural,135,0.7481,0.7506,-0.0025,-0.0198,0.0136,-0.0217,0.0169,2,1,1.0,equivalent (±5pp),equivalent (±5pp),
pooled-nr,edn-table-lines,edn-table,layout,type:field-retrieval,60,0.9944,0.9944,0.0,0.0,0.0,,,0,0,1.0,equivalent (±5pp),,
pooled-nr,edn-table-lines,edn-table,layout,track:mixed,135,0.7481,0.7506,-0.0025,-0.0185,0.0136,-0.022,0.0168,2,1,1.0,equivalent (±5pp),equivalent (±5pp),
pooled-nr,edn-table-lines,edn-table,layout,shape:mixed,106,0.6934,0.6918,0.0016,-0.0173,0.0204,-0.0201,0.0231,2,1,1.0,equivalent (±5pp),equivalent (±5pp),
pooled-nr,edn-table-lines,edn-table,layout,type:structure-awareness,20,0.85,0.85,-0.0,-0.05,0.05,,,1,1,1.0,no detectable difference,,
pooled-nr,edn-table-lines,edn-table,layout,type:aggregation,34,0.4951,0.4902,0.0049,-0.0294,0.0392,,,0,0,1.0,equivalent (±5pp),,
pooled-nr,edn-table-lines,edn-table,layout,shape:nested-config,29,0.9483,0.9655,-0.0172,-0.046,0.0057,,,0,0,1.0,equivalent (±5pp),,
pooled-nr,edn-table-lines,edn-table,layout,informative,46,0.3913,0.3986,-0.0072,-0.0543,0.0399,-0.098,0.0435,2,1,1.0,no detectable difference,no detectable difference,
pooled-nr,edn-table-lines,toon,layout,overall,135,0.7481,0.7704,-0.0222,-0.0506,0.0025,-0.0678,0.0069,1,4,0.375,no detectable difference,no detectable difference,
pooled-nr,edn-table-lines,toon,layout,type:filtering,21,0.3571,0.3413,0.0159,-0.0238,0.0635,,,1,0,1.0,no detectable difference,,
pooled-nr,edn-table-lines,toon,layout,overall-excl-structural,135,0.7481,0.7704,-0.0222,-0.0506,0.0025,-0.0686,0.0068,1,4,0.375,no detectable difference,no detectable difference,
pooled-nr,edn-table-lines,toon,layout,type:field-retrieval,60,0.9944,0.9944,-0.0,-0.0083,0.0083,,,0,0,1.0,equivalent (±5pp),,
pooled-nr,edn-table-lines,toon,layout,track:mixed,135,0.7481,0.7704,-0.0222,-0.0519,0.0025,-0.0685,0.0077,1,4,0.375,no detectable difference,no detectable difference,
pooled-nr,edn-table-lines,toon,layout,shape:mixed,106,0.6934,0.7201,-0.0267,-0.0629,0.0031,-0.0825,0.0085,1,4,0.375,no detectable difference,no detectable difference,
pooled-nr,edn-table-lines,toon,layout,type:structure-awareness,20,0.85,0.975,-0.125,-0.25,-0.025,,,0,3,0.25,B better,,
pooled-nr,edn-table-lines,toon,layout,type:aggregation,34,0.4951,0.5196,-0.0245,-0.1029,0.0392,,,0,1,1.0,no detectable difference,,
pooled-nr,edn-table-lines,toon,layout,shape:nested-config,29,0.9483,0.954,-0.0057,-0.0402,0.0287,,,0,0,1.0,equivalent (±5pp),,
pooled-nr,edn-table-lines,toon,layout,informative,46,0.3913,0.4565,-0.0652,-0.1486,0.0036,-0.1979,0.0208,1,4,0.375,no detectable difference,no detectable difference,
pooled-nr,edn-table-lines,json-compact,layout,overall,135,0.7481,0.7457,0.0025,-0.0148,0.0198,-0.0153,0.0199,1,0,1.0,equivalent (±5pp),equivalent (±5pp),
pooled-nr,edn-table-lines,json-compact,layout,type:filtering,21,0.3571,0.3492,0.0079,-0.0794,0.1032,,,1,0,1.0,no detectable difference,,
pooled-nr,edn-table-lines,json-compact,layout,overall-excl-structural,135,0.7481,0.7457,0.0025,-0.0136,0.0198,-0.0157,0.0203,1,0,1.0,equivalent (±5pp),equivalent (±5pp),
pooled-nr,edn-table-lines,json-compact,layout,type:field-retrieval,60,0.9944,0.9944,0.0,0.0,0.0,,,0,0,1.0,equivalent (±5pp),,
pooled-nr,edn-table-lines,json-compact,layout,track:mixed,135,0.7481,0.7457,0.0025,-0.0148,0.0198,-0.0158,0.0205,1,0,1.0,equivalent (±5pp),equivalent (±5pp),
pooled-nr,edn-table-lines,json-compact,layout,shape:mixed,106,0.6934,0.6918,0.0016,-0.0189,0.0236,-0.0212,0.024,1,0,1.0,equivalent (±5pp),equivalent (±5pp),
pooled-nr,edn-table-lines,json-compact,layout,type:structure-awareness,20,0.85,0.8667,-0.0167,-0.0583,0.0167,,,0,0,1.0,no detectable difference,,
pooled-nr,edn-table-lines,json-compact,layout,type:aggregation,34,0.4951,0.4804,0.0147,-0.0098,0.0441,,,0,0,1.0,equivalent (±5pp),,
pooled-nr,edn-table-lines,json-compact,layout,shape:nested-config,29,0.9483,0.9425,0.0057,0.0,0.0172,,,0,0,1.0,equivalent (±5pp),,
pooled-nr,edn-table-lines,json-compact,layout,informative,46,0.3913,0.3841,0.0072,-0.0399,0.058,-0.0606,0.0595,1,0,1.0,no detectable difference,no detectable difference,
